path,relative_path,filename,stem,extension,width,height,mode
D:\AI_Materials_Microscopy\data\raw\Dataset\A_Bainite_1\38_A_Bainite_01.png,A_Bainite_1\38_A_Bainite_01.png,38_A_Bainite_01.png,38_A_Bainite_01,.png,96,96,RGB
D:\AI_Materials_Microscopy\data\raw\Dataset\A_Bainite_1\39_A_Bainite_01.png,A_Bainite_1\39_A_Bainite_01.png,39_A_Bainite_01.png,39_A_Bainite_01,.png,96,96,RGB
D:\AI_Materials_Microscopy\data\raw\Dataset\A_Bainite_1\40_A_Bainite_01.png,A_Bainite_1\40_A_Bainite_01.png,40_A_Bainite_01.png,40_A_Bainite_01,.png,96,96,RGB
D:\AI_Materials_Microscopy\data\raw\Dataset\A_Bainite_1\41_A_Bainite_01.png,A_Bainite_1\41_A_Bainite_01.png,41_A_Bainite_01.png,41_A_Bainite_01,.png,96,96,RGB
D:\AI_Materials_Microscopy\data\raw\Dataset\A_Bainite_1\42_A_Bainite_01.png,A_Bainite_1\42_A_Bainite_01.png,42_A_Bainite_01.png,42_A_Bainite_01,.png,96,96,RGB
D:\AI_Materials_Microscopy\data\raw\Dataset\A_Bainite_1\43_A_Bainite_01.png,A_Bainite_1\43_A_Bainite_01.png,43_A_Bainite_01.png,43_A_Bainite_01,.png,96,96,RGB
D:\AI_Materials_Microscopy\data\raw\Dataset\A_Bainite_1\44_A_Bainite_01.png,A_Bainite_1\44_A_Bainite_01.png,44_A_Bainite_01.png,44_A_Bainite_01,.png,96,96,RGB
D:\AI_Materials_Microscopy\data\raw\Dataset\A_Bainite_1\45_A_Bainite_01.png,A_Bainite_1\45_A_Bainite_01.png,45_A_Bainite_01.png,45_A_Bainite_01,.png,96,96,RGB
D:\AI_Materials_Microscopy\data\raw\Dataset\A_Bainite_1\46_A_Bainite_01.png,A_Bainite_1\46_A_Bainite_01.png,46_A_Bainite_01.png,46_A_Bainite_01,.png,96,96,RGB
D:\AI_Materials_Microscopy\data\raw\Dataset\A_Bainite_1\47_A_Bainite_01.png,A_Bainite_1\47_A_Bainite_01.png,47_A_Bainite_01.png,47_A_Bainite_01,.png,96,96,RGB
D:\AI_Materials_Microscopy\data\raw\Dataset\A_Bainite_1\48_A_Bainite_01.png,A_Bainite_1\48_A_Bainite_01.png,48_A_Bainite_01.png,48_A_Bainite_01,.png,96,96,RGB
D:\AI_Materials_Microscopy\data\raw\Dataset\A_Bainite_1\49_A_Bainite_01.png,A_Bainite_1\49_A_Bainite_01.png,49_A_Bainite_01.png,49_A_Bainite_01,.png,96,96,RGB
D:\AI_Materials_Microscopy\data\raw\Dataset\A_Bainite_1\50_A_Bainite_01.png,A_Bainite_1\50_A_Bainite_01.png,50_A_Bainite_01.png,50_A_Bainite_01,.png,96,96,RGB
D:\AI_Materials_Microscopy\data\raw\Dataset\A_Bainite_1\51_A_Bainite_01.png,A_Bainite_1\51_A_Bainite_01.png,51_A_Bainite_01.png,51_A_Bainite_01,.png,96,96,RGB
D:\AI_Materials_Microscopy\data\raw\Dataset\A_Bainite_1\52_A_Bainite_01.png,A_Bainite_1\52_A_Bainite_01.png,52_A_Bainite_01.png,52_A_Bainite_01,.png,96,96,RGB
D:\AI_Materials_Microscopy\data\raw\Dataset\A_Bainite_1\53_A_Bainite_01.png,A_Bainite_1\53_A_Bainite_01.png,53_A_Bainite_01.png,53_A_Bainite_01,.png,96,96,RGB
D:\AI_Materials_Microscopy\data\raw\Dataset\A_Bainite_1\54_A_Bainite_01.png,A_Bainite_1\54_A_Bainite_01.png,54_A_Bainite_01.png,54_A_Bainite_01,.png,96,96,RGB
D:\AI_Materials_Microscopy\data\raw\Dataset\A_Bainite_1\55_A_Bainite_01.png,A_Bainite_1\55_A_Bainite_01.png,55_A_Bainite_01.png,55_A_Bainite_01,.png,96,96,RGB
D:\AI_Materials_Microscopy\data\raw\Dataset\A_Bainite_1\56_A_Bainite_01.png,A_Bainite_1\56_A_Bainite_01.png,56_A_Bainite_01.png,56_A_Bainite_01,.png,256,256,RGB
D:\AI_Materials_Microscopy\data\raw\Dataset\A_Bainite_1\57_A_Bainite_01.png,A_Bainite_1\57_A_Bainite_01.png,57_A_Bainite_01.png,57_A_Bainite_01,.png,256,256,RGB
D:\AI_Materials_Microscopy\data\raw\Dataset\A_Bainite_1\58_A_Bainite_01.png,A_Bainite_1\58_A_Bainite_01.png,58_A_Bainite_01.png,58_A_Bainite_01,.png,256,256,RGB
D:\AI_Materials_Microscopy\data\raw\Dataset\A_Bainite_1\59_A_Bainite_01.png,A_Bainite_1\59_A_Bainite_01.png,59_A_Bainite_01.png,59_A_Bainite_01,.png,256,256,RGB
D:\AI_Materials_Microscopy\data\raw\Dataset\A_Bainite_1\60_A_Bainite_01.png,A_Bainite_1\60_A_Bainite_01.png,60_A_Bainite_01.png,60_A_Bainite_01,.png,256,256,RGB
D:\AI_Materials_Microscopy\data\raw\Dataset\A_Bainite_1\61_A_Bainite_01.png,A_Bainite_1\61_A_Bainite_01.png,61_A_Bainite_01.png,61_A_Bainite_01,.png,256,256,RGB
D:\AI_Materials_Microscopy\data\raw\Dataset\A_Bainite_1\62_A_Bainite_01.png,A_Bainite_1\62_A_Bainite_01.png,62_A_Bainite_01.png,62_A_Bainite_01,.png,256,256,RGB
D:\AI_Materials_Microscopy\data\raw\Dataset\A_Bainite_1\63_A_Bainite_01.png,A_Bainite_1\63_A_Bainite_01.png,63_A_Bainite_01.png,63_A_Bainite_01,.png,256,256,RGB
D:\AI_Materials_Microscopy\data\raw\Dataset\A_Bainite_1\64_A_Bainite_01.png,A_Bainite_1\64_A_Bainite_01.png,64_A_Bainite_01.png,64_A_Bainite_01,.png,256,256,RGB
D:\AI_Materials_Microscopy\data\raw\Dataset\A_Bainite_1\65_A_Bainite_01.png,A_Bainite_1\65_A_Bainite_01.png,65_A_Bainite_01.png,65_A_Bainite_01,.png,256,256,RGB
D:\AI_Materials_Microscopy\data\raw\Dataset\A_Bainite_1\66_A_Bainite_01.png,A_Bainite_1\66_A_Bainite_01.png,66_A_Bainite_01.png,66_A_Bainite_01,.png,256,256,RGB
D:\AI_Materials_Microscopy\data\raw\Dataset\A_Bainite_1\67_A_Bainite_01.png,A_Bainite_1\67_A_Bainite_01.png,67_A_Bainite_01.png,67_A_Bainite_01,.png,256,256,RGB
D:\AI_Materials_Microscopy\data\raw\Dataset\A_Bainite_1\68_A_Bainite_01.png,A_Bainite_1\68_A_Bainite_01.png,68_A_Bainite_01.png,68_A_Bainite_01,.png,256,256,RGB
D:\AI_Materials_Microscopy\data\raw\Dataset\A_Bainite_1\69_A_Bainite_01.png,A_Bainite_1\69_A_Bainite_01.png,69_A_Bainite_01.png,69_A_Bainite_01,.png,256,256,RGB
D:\AI_Materials_Microscopy\data\raw\Dataset\A_Bainite_1\70_A_Bainite_01.png,A_Bainite_1\70_A_Bainite_01.png,70_A_Bainite_01.png,70_A_Bainite_01,.png,256,256,RGB
D:\AI_Materials_Microscopy\data\raw\Dataset\A_Bainite_1\71_A_Bainite_01.png,A_Bainite_1\71_A_Bainite_01.png,71_A_Bainite_01.png,71_A_Bainite_01,.png,256,256,RGB
D:\AI_Materials_Microscopy\data\raw\Dataset\A_Bainite_1\72_A_Bainite_01.png,A_Bainite_1\72_A_Bainite_01.png,72_A_Bainite_01.png,72_A_Bainite_01,.png,256,256,RGB
D:\AI_Materials_Microscopy\data\raw\Dataset\A_Bainite_1\73_A_Bainite_01.png,A_Bainite_1\73_A_Bainite_01.png,73_A_Bainite_01.png,73_A_Bainite_01,.png,256,256,RGB
D:\AI_Materials_Microscopy\data\raw\Dataset\A_Bainite_1\74_A_Bainite_01.png,A_Bainite_1\74_A_Bainite_01.png,74_A_Bainite_01.png,74_A_Bainite_01,.png,256,256,RGB
D:\AI_Materials_Microscopy\data\raw\Dataset\A_Bainite_1\75_A_Bainite_01.png,A_Bainite_1\75_A_Bainite_01.png,75_A_Bainite_01.png,75_A_Bainite_01,.png,256,256,RGB
D:\AI_Materials_Microscopy\data\raw\Dataset\A_Bainite_2\38_A_Bainite_02.png,A_Bainite_2\38_A_Bainite_02.png,38_A_Bainite_02.png,38_A_Bainite_02,.png,96,96,RGB
D:\AI_Materials_Microscopy\data\raw\Dataset\A_Bainite_2\39_A_Bainite_02.png,A_Bainite_2\39_A_Bainite_02.png,39_A_Bainite_02.png,39_A_Bainite_02,.png,96,96,RGB
D:\AI_Materials_Microscopy\data\raw\Dataset\A_Bainite_2\40_A_Bainite_02.png,A_Bainite_2\40_A_Bainite_02.png,40_A_Bainite_02.png,40_A_Bainite_02,.png,96,96,RGB
D:\AI_Materials_Microscopy\data\raw\Dataset\A_Bainite_2\41_A_Bainite_02.png,A_Bainite_2\41_A_Bainite_02.png,41_A_Bainite_02.png,41_A_Bainite_02,.png,96,96,RGB
D:\AI_Materials_Microscopy\data\raw\Dataset\A_Bainite_2\42_A_Bainite_02.png,A_Bainite_2\42_A_Bainite_02.png,42_A_Bainite_02.png,42_A_Bainite_02,.png,96,96,RGB
D:\AI_Materials_Microscopy\data\raw\Dataset\A_Bainite_2\43_A_Bainite_02.png,A_Bainite_2\43_A_Bainite_02.png,43_A_Bainite_02.png,43_A_Bainite_02,.png,96,96,RGB
D:\AI_Materials_Microscopy\data\raw\Dataset\A_Bainite_2\44_A_Bainite_02.png,A_Bainite_2\44_A_Bainite_02.png,44_A_Bainite_02.png,44_A_Bainite_02,.png,96,96,RGB
D:\AI_Materials_Microscopy\data\raw\Dataset\A_Bainite_2\45_A_Bainite_02.png,A_Bainite_2\45_A_Bainite_02.png,45_A_Bainite_02.png,45_A_Bainite_02,.png,96,96,RGB
D:\AI_Materials_Microscopy\data\raw\Dataset\A_Bainite_2\46_A_Bainite_02.png,A_Bainite_2\46_A_Bainite_02.png,46_A_Bainite_02.png,46_A_Bainite_02,.png,96,96,RGB
D:\AI_Materials_Microscopy\data\raw\Dataset\A_Bainite_2\47_A_Bainite_02.png,A_Bainite_2\47_A_Bainite_02.png,47_A_Bainite_02.png,47_A_Bainite_02,.png,96,96,RGB
D:\AI_Materials_Microscopy\data\raw\Dataset\A_Bainite_2\48_A_Bainite_02.png,A_Bainite_2\48_A_Bainite_02.png,48_A_Bainite_02.png,48_A_Bainite_02,.png,96,96,RGB
D:\AI_Materials_Microscopy\data\raw\Dataset\A_Bainite_2\49_A_Bainite_02.png,A_Bainite_2\49_A_Bainite_02.png,49_A_Bainite_02.png,49_A_Bainite_02,.png,96,96,RGB
D:\AI_Materials_Microscopy\data\raw\Dataset\A_Bainite_2\50_A_Bainite_02.png,A_Bainite_2\50_A_Bainite_02.png,50_A_Bainite_02.png,50_A_Bainite_02,.png,96,96,RGB
D:\AI_Materials_Microscopy\data\raw\Dataset\A_Bainite_2\51_A_Bainite_02.png,A_Bainite_2\51_A_Bainite_02.png,51_A_Bainite_02.png,51_A_Bainite_02,.png,96,96,RGB
D:\AI_Materials_Microscopy\data\raw\Dataset\A_Bainite_2\52_A_Bainite_02.png,A_Bainite_2\52_A_Bainite_02.png,52_A_Bainite_02.png,52_A_Bainite_02,.png,96,96,RGB
D:\AI_Materials_Microscopy\data\raw\Dataset\A_Bainite_2\53_A_Bainite_02.png,A_Bainite_2\53_A_Bainite_02.png,53_A_Bainite_02.png,53_A_Bainite_02,.png,96,96,RGB
D:\AI_Materials_Microscopy\data\raw\Dataset\A_Bainite_2\54_A_Bainite_02.png,A_Bainite_2\54_A_Bainite_02.png,54_A_Bainite_02.png,54_A_Bainite_02,.png,96,96,RGB
D:\AI_Materials_Microscopy\data\raw\Dataset\A_Bainite_2\55_A_Bainite_02.png,A_Bainite_2\55_A_Bainite_02.png,55_A_Bainite_02.png,55_A_Bainite_02,.png,96,96,RGB
D:\AI_Materials_Microscopy\data\raw\Dataset\A_Bainite_2\56_A_Bainite_02.png,A_Bainite_2\56_A_Bainite_02.png,56_A_Bainite_02.png,56_A_Bainite_02,.png,256,256,RGB
D:\AI_Materials_Microscopy\data\raw\Dataset\A_Bainite_2\57_A_Bainite_02.png,A_Bainite_2\57_A_Bainite_02.png,57_A_Bainite_02.png,57_A_Bainite_02,.png,256,256,RGB
D:\AI_Materials_Microscopy\data\raw\Dataset\A_Bainite_2\58_A_Bainite_02.png,A_Bainite_2\58_A_Bainite_02.png,58_A_Bainite_02.png,58_A_Bainite_02,.png,256,256,RGB
D:\AI_Materials_Microscopy\data\raw\Dataset\A_Bainite_2\59_A_Bainite_02.png,A_Bainite_2\59_A_Bainite_02.png,59_A_Bainite_02.png,59_A_Bainite_02,.png,256,256,RGB
D:\AI_Materials_Microscopy\data\raw\Dataset\A_Bainite_2\60_A_Bainite_02.png,A_Bainite_2\60_A_Bainite_02.png,60_A_Bainite_02.png,60_A_Bainite_02,.png,256,256,RGB
D:\AI_Materials_Microscopy\data\raw\Dataset\A_Bainite_2\61_A_Bainite_02.png,A_Bainite_2\61_A_Bainite_02.png,61_A_Bainite_02.png,61_A_Bainite_02,.png,256,256,RGB
D:\AI_Materials_Microscopy\data\raw\Dataset\A_Bainite_2\62_A_Bainite_02.png,A_Bainite_2\62_A_Bainite_02.png,62_A_Bainite_02.png,62_A_Bainite_02,.png,256,256,RGB
D:\AI_Materials_Microscopy\data\raw\Dataset\A_Bainite_2\63_A_Bainite_02.png,A_Bainite_2\63_A_Bainite_02.png,63_A_Bainite_02.png,63_A_Bainite_02,.png,256,256,RGB
D:\AI_Materials_Microscopy\data\raw\Dataset\A_Bainite_2\64_A_Bainite_02.png,A_Bainite_2\64_A_Bainite_02.png,64_A_Bainite_02.png,64_A_Bainite_02,.png,256,256,RGB
D:\AI_Materials_Microscopy\data\raw\Dataset\A_Bainite_2\65_A_Bainite_02.png,A_Bainite_2\65_A_Bainite_02.png,65_A_Bainite_02.png,65_A_Bainite_02,.png,256,256,RGB
D:\AI_Materials_Microscopy\data\raw\Dataset\A_Bainite_2\66_A_Bainite_02.png,A_Bainite_2\66_A_Bainite_02.png,66_A_Bainite_02.png,66_A_Bainite_02,.png,256,256,RGB
D:\AI_Materials_Microscopy\data\raw\Dataset\A_Bainite_2\67_A_Bainite_02.png,A_Bainite_2\67_A_Bainite_02.png,67_A_Bainite_02.png,67_A_Bainite_02,.png,256,256,RGB
D:\AI_Materials_Microscopy\data\raw\Dataset\A_Bainite_2\68_A_Bainite_02.png,A_Bainite_2\68_A_Bainite_02.png,68_A_Bainite_02.png,68_A_Bainite_02,.png,256,256,RGB
D:\AI_Materials_Microscopy\data\raw\Dataset\A_Bainite_2\69_A_Bainite_02.png,A_Bainite_2\69_A_Bainite_02.png,69_A_Bainite_02.png,69_A_Bainite_02,.png,256,256,RGB
D:\AI_Materials_Microscopy\data\raw\Dataset\A_Bainite_2\70_A_Bainite_02.png,A_Bainite_2\70_A_Bainite_02.png,70_A_Bainite_02.png,70_A_Bainite_02,.png,256,256,RGB
D:\AI_Materials_Microscopy\data\raw\Dataset\A_Bainite_2\71_A_Bainite_02.png,A_Bainite_2\71_A_Bainite_02.png,71_A_Bainite_02.png,71_A_Bainite_02,.png,256,256,RGB
D:\AI_Materials_Microscopy\data\raw\Dataset\A_Bainite_2\72_A_Bainite_02.png,A_Bainite_2\72_A_Bainite_02.png,72_A_Bainite_02.png,72_A_Bainite_02,.png,256,256,RGB
D:\AI_Materials_Microscopy\data\raw\Dataset\A_Bainite_2\73_A_Bainite_02.png,A_Bainite_2\73_A_Bainite_02.png,73_A_Bainite_02.png,73_A_Bainite_02,.png,256,256,RGB
D:\AI_Materials_Microscopy\data\raw\Dataset\A_Bainite_2\74_A_Bainite_02.png,A_Bainite_2\74_A_Bainite_02.png,74_A_Bainite_02.png,74_A_Bainite_02,.png,256,256,RGB
D:\AI_Materials_Microscopy\data\raw\Dataset\A_Bainite_2\75_A_Bainite_02.png,A_Bainite_2\75_A_Bainite_02.png,75_A_Bainite_02.png,75_A_Bainite_02,.png,256,256,RGB
D:\AI_Materials_Microscopy\data\raw\Dataset\A_Bainite_3\38_A_Bainite_03.png,A_Bainite_3\38_A_Bainite_03.png,38_A_Bainite_03.png,38_A_Bainite_03,.png,96,96,RGB
D:\AI_Materials_Microscopy\data\raw\Dataset\A_Bainite_3\39_A_Bainite_03.png,A_Bainite_3\39_A_Bainite_03.png,39_A_Bainite_03.png,39_A_Bainite_03,.png,96,96,RGB
D:\AI_Materials_Microscopy\data\raw\Dataset\A_Bainite_3\40_A_Bainite_03.png,A_Bainite_3\40_A_Bainite_03.png,40_A_Bainite_03.png,40_A_Bainite_03,.png,96,96,RGB
D:\AI_Materials_Microscopy\data\raw\Dataset\A_Bainite_3\41_A_Bainite_03.png,A_Bainite_3\41_A_Bainite_03.png,41_A_Bainite_03.png,41_A_Bainite_03,.png,96,96,RGB
D:\AI_Materials_Microscopy\data\raw\Dataset\A_Bainite_3\42_A_Bainite_03.png,A_Bainite_3\42_A_Bainite_03.png,42_A_Bainite_03.png,42_A_Bainite_03,.png,96,96,RGB
D:\AI_Materials_Microscopy\data\raw\Dataset\A_Bainite_3\43_A_Bainite_03.png,A_Bainite_3\43_A_Bainite_03.png,43_A_Bainite_03.png,43_A_Bainite_03,.png,96,96,RGB
D:\AI_Materials_Microscopy\data\raw\Dataset\A_Bainite_3\44_A_Bainite_03.png,A_Bainite_3\44_A_Bainite_03.png,44_A_Bainite_03.png,44_A_Bainite_03,.png,96,96,RGB
D:\AI_Materials_Microscopy\data\raw\Dataset\A_Bainite_3\45_A_Bainite_03.png,A_Bainite_3\45_A_Bainite_03.png,45_A_Bainite_03.png,45_A_Bainite_03,.png,96,96,RGB
D:\AI_Materials_Microscopy\data\raw\Dataset\A_Bainite_3\46_A_Bainite_03.png,A_Bainite_3\46_A_Bainite_03.png,46_A_Bainite_03.png,46_A_Bainite_03,.png,96,96,RGB
D:\AI_Materials_Microscopy\data\raw\Dataset\A_Bainite_3\47_A_Bainite_03.png,A_Bainite_3\47_A_Bainite_03.png,47_A_Bainite_03.png,47_A_Bainite_03,.png,96,96,RGB
D:\AI_Materials_Microscopy\data\raw\Dataset\A_Bainite_3\48_A_Bainite_03.png,A_Bainite_3\48_A_Bainite_03.png,48_A_Bainite_03.png,48_A_Bainite_03,.png,96,96,RGB
D:\AI_Materials_Microscopy\data\raw\Dataset\A_Bainite_3\49_A_Bainite_03.png,A_Bainite_3\49_A_Bainite_03.png,49_A_Bainite_03.png,49_A_Bainite_03,.png,96,96,RGB
D:\AI_Materials_Microscopy\data\raw\Dataset\A_Bainite_3\50_A_Bainite_03.png,A_Bainite_3\50_A_Bainite_03.png,50_A_Bainite_03.png,50_A_Bainite_03,.png,96,96,RGB
D:\AI_Materials_Microscopy\data\raw\Dataset\A_Bainite_3\51_A_Bainite_03.png,A_Bainite_3\51_A_Bainite_03.png,51_A_Bainite_03.png,51_A_Bainite_03,.png,96,96,RGB
D:\AI_Materials_Microscopy\data\raw\Dataset\A_Bainite_3\52_A_Bainite_03.png,A_Bainite_3\52_A_Bainite_03.png,52_A_Bainite_03.png,52_A_Bainite_03,.png,96,96,RGB
D:\AI_Materials_Microscopy\data\raw\Dataset\A_Bainite_3\53_A_Bainite_03.png,A_Bainite_3\53_A_Bainite_03.png,53_A_Bainite_03.png,53_A_Bainite_03,.png,96,96,RGB
D:\AI_Materials_Microscopy\data\raw\Dataset\A_Bainite_3\54_A_Bainite_03.png,A_Bainite_3\54_A_Bainite_03.png,54_A_Bainite_03.png,54_A_Bainite_03,.png,96,96,RGB
D:\AI_Materials_Microscopy\data\raw\Dataset\A_Bainite_3\55_A_Bainite_03.png,A_Bainite_3\55_A_Bainite_03.png,55_A_Bainite_03.png,55_A_Bainite_03,.png,96,96,RGB
D:\AI_Materials_Microscopy\data\raw\Dataset\A_Bainite_3\56_A_Bainite_03.png,A_Bainite_3\56_A_Bainite_03.png,56_A_Bainite_03.png,56_A_Bainite_03,.png,256,256,RGB
D:\AI_Materials_Microscopy\data\raw\Dataset\A_Bainite_3\57_A_Bainite_03.png,A_Bainite_3\57_A_Bainite_03.png,57_A_Bainite_03.png,57_A_Bainite_03,.png,256,256,RGB
D:\AI_Materials_Microscopy\data\raw\Dataset\A_Bainite_3\58_A_Bainite_03.png,A_Bainite_3\58_A_Bainite_03.png,58_A_Bainite_03.png,58_A_Bainite_03,.png,256,256,RGB
D:\AI_Materials_Microscopy\data\raw\Dataset\A_Bainite_3\59_A_Bainite_03.png,A_Bainite_3\59_A_Bainite_03.png,59_A_Bainite_03.png,59_A_Bainite_03,.png,256,256,RGB
D:\AI_Materials_Microscopy\data\raw\Dataset\A_Bainite_3\60_A_Bainite_03.png,A_Bainite_3\60_A_Bainite_03.png,60_A_Bainite_03.png,60_A_Bainite_03,.png,256,256,RGB
D:\AI_Materials_Microscopy\data\raw\Dataset\A_Bainite_3\61_A_Bainite_03.png,A_Bainite_3\61_A_Bainite_03.png,61_A_Bainite_03.png,61_A_Bainite_03,.png,256,256,RGB
D:\AI_Materials_Microscopy\data\raw\Dataset\A_Bainite_3\62_A_Bainite_03.png,A_Bainite_3\62_A_Bainite_03.png,62_A_Bainite_03.png,62_A_Bainite_03,.png,256,256,RGB
D:\AI_Materials_Microscopy\data\raw\Dataset\A_Bainite_3\63_A_Bainite_03.png,A_Bainite_3\63_A_Bainite_03.png,63_A_Bainite_03.png,63_A_Bainite_03,.png,256,256,RGB
D:\AI_Materials_Microscopy\data\raw\Dataset\A_Bainite_3\64_A_Bainite_03.png,A_Bainite_3\64_A_Bainite_03.png,64_A_Bainite_03.png,64_A_Bainite_03,.png,256,256,RGB
D:\AI_Materials_Microscopy\data\raw\Dataset\A_Bainite_3\65_A_Bainite_03.png,A_Bainite_3\65_A_Bainite_03.png,65_A_Bainite_03.png,65_A_Bainite_03,.png,256,256,RGB
D:\AI_Materials_Microscopy\data\raw\Dataset\A_Bainite_3\66_A_Bainite_03.png,A_Bainite_3\66_A_Bainite_03.png,66_A_Bainite_03.png,66_A_Bainite_03,.png,256,256,RGB
D:\AI_Materials_Microscopy\data\raw\Dataset\A_Bainite_3\67_A_Bainite_03.png,A_Bainite_3\67_A_Bainite_03.png,67_A_Bainite_03.png,67_A_Bainite_03,.png,256,256,RGB
D:\AI_Materials_Microscopy\data\raw\Dataset\A_Bainite_3\68_A_Bainite_03.png,A_Bainite_3\68_A_Bainite_03.png,68_A_Bainite_03.png,68_A_Bainite_03,.png,256,256,RGB
D:\AI_Materials_Microscopy\data\raw\Dataset\A_Bainite_3\69_A_Bainite_03.png,A_Bainite_3\69_A_Bainite_03.png,69_A_Bainite_03.png,69_A_Bainite_03,.png,256,256,RGB
D:\AI_Materials_Microscopy\data\raw\Dataset\A_Bainite_3\70_A_Bainite_03.png,A_Bainite_3\70_A_Bainite_03.png,70_A_Bainite_03.png,70_A_Bainite_03,.png,256,256,RGB
D:\AI_Materials_Microscopy\data\raw\Dataset\A_Bainite_3\71_A_Bainite_03.png,A_Bainite_3\71_A_Bainite_03.png,71_A_Bainite_03.png,71_A_Bainite_03,.png,256,256,RGB
D:\AI_Materials_Microscopy\data\raw\Dataset\A_Bainite_3\72_A_Bainite_03.png,A_Bainite_3\72_A_Bainite_03.png,72_A_Bainite_03.png,72_A_Bainite_03,.png,256,256,RGB
D:\AI_Materials_Microscopy\data\raw\Dataset\A_Bainite_3\73_A_Bainite_03.png,A_Bainite_3\73_A_Bainite_03.png,73_A_Bainite_03.png,73_A_Bainite_03,.png,256,256,RGB
D:\AI_Materials_Microscopy\data\raw\Dataset\A_Bainite_3\74_A_Bainite_03.png,A_Bainite_3\74_A_Bainite_03.png,74_A_Bainite_03.png,74_A_Bainite_03,.png,256,256,RGB
D:\AI_Materials_Microscopy\data\raw\Dataset\A_Bainite_3\75_A_Bainite_03.png,A_Bainite_3\75_A_Bainite_03.png,75_A_Bainite_03.png,75_A_Bainite_03,.png,256,256,RGB
D:\AI_Materials_Microscopy\data\raw\Dataset\A_Bainite_4\38_A_Bainite_04.png,A_Bainite_4\38_A_Bainite_04.png,38_A_Bainite_04.png,38_A_Bainite_04,.png,96,96,RGB
D:\AI_Materials_Microscopy\data\raw\Dataset\A_Bainite_4\39_A_Bainite_04.png,A_Bainite_4\39_A_Bainite_04.png,39_A_Bainite_04.png,39_A_Bainite_04,.png,96,96,RGB
D:\AI_Materials_Microscopy\data\raw\Dataset\A_Bainite_4\40_A_Bainite_04.png,A_Bainite_4\40_A_Bainite_04.png,40_A_Bainite_04.png,40_A_Bainite_04,.png,96,96,RGB
D:\AI_Materials_Microscopy\data\raw\Dataset\A_Bainite_4\41_A_Bainite_04.png,A_Bainite_4\41_A_Bainite_04.png,41_A_Bainite_04.png,41_A_Bainite_04,.png,96,96,RGB
D:\AI_Materials_Microscopy\data\raw\Dataset\A_Bainite_4\42_A_Bainite_04.png,A_Bainite_4\42_A_Bainite_04.png,42_A_Bainite_04.png,42_A_Bainite_04,.png,96,96,RGB
D:\AI_Materials_Microscopy\data\raw\Dataset\A_Bainite_4\43_A_Bainite_04.png,A_Bainite_4\43_A_Bainite_04.png,43_A_Bainite_04.png,43_A_Bainite_04,.png,96,96,RGB
D:\AI_Materials_Microscopy\data\raw\Dataset\A_Bainite_4\44_A_Bainite_04.png,A_Bainite_4\44_A_Bainite_04.png,44_A_Bainite_04.png,44_A_Bainite_04,.png,96,96,RGB
D:\AI_Materials_Microscopy\data\raw\Dataset\A_Bainite_4\45_A_Bainite_04.png,A_Bainite_4\45_A_Bainite_04.png,45_A_Bainite_04.png,45_A_Bainite_04,.png,96,96,RGB
D:\AI_Materials_Microscopy\data\raw\Dataset\A_Bainite_4\46_A_Bainite_04.png,A_Bainite_4\46_A_Bainite_04.png,46_A_Bainite_04.png,46_A_Bainite_04,.png,96,96,RGB
D:\AI_Materials_Microscopy\data\raw\Dataset\A_Bainite_4\47_A_Bainite_04.png,A_Bainite_4\47_A_Bainite_04.png,47_A_Bainite_04.png,47_A_Bainite_04,.png,96,96,RGB
D:\AI_Materials_Microscopy\data\raw\Dataset\A_Bainite_4\48_A_Bainite_04.png,A_Bainite_4\48_A_Bainite_04.png,48_A_Bainite_04.png,48_A_Bainite_04,.png,96,96,RGB
D:\AI_Materials_Microscopy\data\raw\Dataset\A_Bainite_4\49_A_Bainite_04.png,A_Bainite_4\49_A_Bainite_04.png,49_A_Bainite_04.png,49_A_Bainite_04,.png,96,96,RGB
D:\AI_Materials_Microscopy\data\raw\Dataset\A_Bainite_4\50_A_Bainite_04.png,A_Bainite_4\50_A_Bainite_04.png,50_A_Bainite_04.png,50_A_Bainite_04,.png,96,96,RGB
D:\AI_Materials_Microscopy\data\raw\Dataset\A_Bainite_4\51_A_Bainite_04.png,A_Bainite_4\51_A_Bainite_04.png,51_A_Bainite_04.png,51_A_Bainite_04,.png,96,96,RGB
D:\AI_Materials_Microscopy\data\raw\Dataset\A_Bainite_4\52_A_Bainite_04.png,A_Bainite_4\52_A_Bainite_04.png,52_A_Bainite_04.png,52_A_Bainite_04,.png,96,96,RGB
D:\AI_Materials_Microscopy\data\raw\Dataset\A_Bainite_4\53_A_Bainite_04.png,A_Bainite_4\53_A_Bainite_04.png,53_A_Bainite_04.png,53_A_Bainite_04,.png,96,96,RGB
D:\AI_Materials_Microscopy\data\raw\Dataset\A_Bainite_4\54_A_Bainite_04.png,A_Bainite_4\54_A_Bainite_04.png,54_A_Bainite_04.png,54_A_Bainite_04,.png,96,96,RGB
D:\AI_Materials_Microscopy\data\raw\Dataset\A_Bainite_4\55_A_Bainite_04.png,A_Bainite_4\55_A_Bainite_04.png,55_A_Bainite_04.png,55_A_Bainite_04,.png,96,96,RGB
D:\AI_Materials_Microscopy\data\raw\Dataset\A_Bainite_4\56_A_Bainite_04.png,A_Bainite_4\56_A_Bainite_04.png,56_A_Bainite_04.png,56_A_Bainite_04,.png,256,256,RGB
D:\AI_Materials_Microscopy\data\raw\Dataset\A_Bainite_4\57_A_Bainite_04.png,A_Bainite_4\57_A_Bainite_04.png,57_A_Bainite_04.png,57_A_Bainite_04,.png,256,256,RGB
D:\AI_Materials_Microscopy\data\raw\Dataset\A_Bainite_4\58_A_Bainite_04.png,A_Bainite_4\58_A_Bainite_04.png,58_A_Bainite_04.png,58_A_Bainite_04,.png,256,256,RGB
D:\AI_Materials_Microscopy\data\raw\Dataset\A_Bainite_4\59_A_Bainite_04.png,A_Bainite_4\59_A_Bainite_04.png,59_A_Bainite_04.png,59_A_Bainite_04,.png,256,256,RGB
D:\AI_Materials_Microscopy\data\raw\Dataset\A_Bainite_4\60_A_Bainite_04.png,A_Bainite_4\60_A_Bainite_04.png,60_A_Bainite_04.png,60_A_Bainite_04,.png,256,256,RGB
D:\AI_Materials_Microscopy\data\raw\Dataset\A_Bainite_4\61_A_Bainite_04.png,A_Bainite_4\61_A_Bainite_04.png,61_A_Bainite_04.png,61_A_Bainite_04,.png,256,256,RGB
D:\AI_Materials_Microscopy\data\raw\Dataset\A_Bainite_4\62_A_Bainite_04.png,A_Bainite_4\62_A_Bainite_04.png,62_A_Bainite_04.png,62_A_Bainite_04,.png,256,256,RGB
D:\AI_Materials_Microscopy\data\raw\Dataset\A_Bainite_4\63_A_Bainite_04.png,A_Bainite_4\63_A_Bainite_04.png,63_A_Bainite_04.png,63_A_Bainite_04,.png,256,256,RGB
D:\AI_Materials_Microscopy\data\raw\Dataset\A_Bainite_4\64_A_Bainite_04.png,A_Bainite_4\64_A_Bainite_04.png,64_A_Bainite_04.png,64_A_Bainite_04,.png,256,256,RGB
D:\AI_Materials_Microscopy\data\raw\Dataset\A_Bainite_4\65_A_Bainite_04.png,A_Bainite_4\65_A_Bainite_04.png,65_A_Bainite_04.png,65_A_Bainite_04,.png,256,256,RGB
D:\AI_Materials_Microscopy\data\raw\Dataset\A_Bainite_4\66_A_Bainite_04.png,A_Bainite_4\66_A_Bainite_04.png,66_A_Bainite_04.png,66_A_Bainite_04,.png,256,256,RGB
D:\AI_Materials_Microscopy\data\raw\Dataset\A_Bainite_4\67_A_Bainite_04.png,A_Bainite_4\67_A_Bainite_04.png,67_A_Bainite_04.png,67_A_Bainite_04,.png,256,256,RGB
D:\AI_Materials_Microscopy\data\raw\Dataset\A_Bainite_4\68_A_Bainite_04.png,A_Bainite_4\68_A_Bainite_04.png,68_A_Bainite_04.png,68_A_Bainite_04,.png,256,256,RGB
D:\AI_Materials_Microscopy\data\raw\Dataset\A_Bainite_4\69_A_Bainite_04.png,A_Bainite_4\69_A_Bainite_04.png,69_A_Bainite_04.png,69_A_Bainite_04,.png,256,256,RGB
D:\AI_Materials_Microscopy\data\raw\Dataset\A_Bainite_4\70_A_Bainite_04.png,A_Bainite_4\70_A_Bainite_04.png,70_A_Bainite_04.png,70_A_Bainite_04,.png,256,256,RGB
D:\AI_Materials_Microscopy\data\raw\Dataset\A_Bainite_4\71_A_Bainite_04.png,A_Bainite_4\71_A_Bainite_04.png,71_A_Bainite_04.png,71_A_Bainite_04,.png,256,256,RGB
D:\AI_Materials_Microscopy\data\raw\Dataset\A_Bainite_4\72_A_Bainite_04.png,A_Bainite_4\72_A_Bainite_04.png,72_A_Bainite_04.png,72_A_Bainite_04,.png,256,256,RGB
D:\AI_Materials_Microscopy\data\raw\Dataset\A_Bainite_4\73_A_Bainite_04.png,A_Bainite_4\73_A_Bainite_04.png,73_A_Bainite_04.png,73_A_Bainite_04,.png,256,256,RGB
D:\AI_Materials_Microscopy\data\raw\Dataset\A_Bainite_4\74_A_Bainite_04.png,A_Bainite_4\74_A_Bainite_04.png,74_A_Bainite_04.png,74_A_Bainite_04,.png,256,256,RGB
D:\AI_Materials_Microscopy\data\raw\Dataset\A_Bainite_4\75_A_Bainite_04.png,A_Bainite_4\75_A_Bainite_04.png,75_A_Bainite_04.png,75_A_Bainite_04,.png,256,256,RGB
D:\AI_Materials_Microscopy\data\raw\Dataset\A_Bainite_5\38_A_Bainite_05.png,A_Bainite_5\38_A_Bainite_05.png,38_A_Bainite_05.png,38_A_Bainite_05,.png,96,96,RGB
D:\AI_Materials_Microscopy\data\raw\Dataset\A_Bainite_5\39_A_Bainite_05.png,A_Bainite_5\39_A_Bainite_05.png,39_A_Bainite_05.png,39_A_Bainite_05,.png,96,96,RGB
D:\AI_Materials_Microscopy\data\raw\Dataset\A_Bainite_5\40_A_Bainite_05.png,A_Bainite_5\40_A_Bainite_05.png,40_A_Bainite_05.png,40_A_Bainite_05,.png,96,96,RGB
D:\AI_Materials_Microscopy\data\raw\Dataset\A_Bainite_5\41_A_Bainite_05.png,A_Bainite_5\41_A_Bainite_05.png,41_A_Bainite_05.png,41_A_Bainite_05,.png,96,96,RGB
D:\AI_Materials_Microscopy\data\raw\Dataset\A_Bainite_5\42_A_Bainite_05.png,A_Bainite_5\42_A_Bainite_05.png,42_A_Bainite_05.png,42_A_Bainite_05,.png,96,96,RGB
D:\AI_Materials_Microscopy\data\raw\Dataset\A_Bainite_5\43_A_Bainite_05.png,A_Bainite_5\43_A_Bainite_05.png,43_A_Bainite_05.png,43_A_Bainite_05,.png,96,96,RGB
D:\AI_Materials_Microscopy\data\raw\Dataset\A_Bainite_5\44_A_Bainite_05.png,A_Bainite_5\44_A_Bainite_05.png,44_A_Bainite_05.png,44_A_Bainite_05,.png,96,96,RGB
D:\AI_Materials_Microscopy\data\raw\Dataset\A_Bainite_5\45_A_Bainite_05.png,A_Bainite_5\45_A_Bainite_05.png,45_A_Bainite_05.png,45_A_Bainite_05,.png,96,96,RGB
D:\AI_Materials_Microscopy\data\raw\Dataset\A_Bainite_5\46_A_Bainite_05.png,A_Bainite_5\46_A_Bainite_05.png,46_A_Bainite_05.png,46_A_Bainite_05,.png,96,96,RGB
D:\AI_Materials_Microscopy\data\raw\Dataset\A_Bainite_5\47_A_Bainite_05.png,A_Bainite_5\47_A_Bainite_05.png,47_A_Bainite_05.png,47_A_Bainite_05,.png,96,96,RGB
D:\AI_Materials_Microscopy\data\raw\Dataset\A_Bainite_5\48_A_Bainite_05.png,A_Bainite_5\48_A_Bainite_05.png,48_A_Bainite_05.png,48_A_Bainite_05,.png,96,96,RGB
D:\AI_Materials_Microscopy\data\raw\Dataset\A_Bainite_5\49_A_Bainite_05.png,A_Bainite_5\49_A_Bainite_05.png,49_A_Bainite_05.png,49_A_Bainite_05,.png,96,96,RGB
D:\AI_Materials_Microscopy\data\raw\Dataset\A_Bainite_5\50_A_Bainite_05.png,A_Bainite_5\50_A_Bainite_05.png,50_A_Bainite_05.png,50_A_Bainite_05,.png,96,96,RGB
D:\AI_Materials_Microscopy\data\raw\Dataset\A_Bainite_5\51_A_Bainite_05.png,A_Bainite_5\51_A_Bainite_05.png,51_A_Bainite_05.png,51_A_Bainite_05,.png,96,96,RGB
D:\AI_Materials_Microscopy\data\raw\Dataset\A_Bainite_5\52_A_Bainite_05.png,A_Bainite_5\52_A_Bainite_05.png,52_A_Bainite_05.png,52_A_Bainite_05,.png,96,96,RGB
D:\AI_Materials_Microscopy\data\raw\Dataset\A_Bainite_5\53_A_Bainite_05.png,A_Bainite_5\53_A_Bainite_05.png,53_A_Bainite_05.png,53_A_Bainite_05,.png,96,96,RGB
D:\AI_Materials_Microscopy\data\raw\Dataset\A_Bainite_5\54_A_Bainite_05.png,A_Bainite_5\54_A_Bainite_05.png,54_A_Bainite_05.png,54_A_Bainite_05,.png,96,96,RGB
D:\AI_Materials_Microscopy\data\raw\Dataset\A_Bainite_5\55_A_Bainite_05.png,A_Bainite_5\55_A_Bainite_05.png,55_A_Bainite_05.png,55_A_Bainite_05,.png,96,96,RGB
D:\AI_Materials_Microscopy\data\raw\Dataset\A_Bainite_5\56_A_Bainite_05.png,A_Bainite_5\56_A_Bainite_05.png,56_A_Bainite_05.png,56_A_Bainite_05,.png,256,256,RGB
D:\AI_Materials_Microscopy\data\raw\Dataset\A_Bainite_5\57_A_Bainite_05.png,A_Bainite_5\57_A_Bainite_05.png,57_A_Bainite_05.png,57_A_Bainite_05,.png,256,256,RGB
D:\AI_Materials_Microscopy\data\raw\Dataset\A_Bainite_5\58_A_Bainite_05.png,A_Bainite_5\58_A_Bainite_05.png,58_A_Bainite_05.png,58_A_Bainite_05,.png,256,256,RGB
D:\AI_Materials_Microscopy\data\raw\Dataset\A_Bainite_5\59_A_Bainite_05.png,A_Bainite_5\59_A_Bainite_05.png,59_A_Bainite_05.png,59_A_Bainite_05,.png,256,256,RGB
D:\AI_Materials_Microscopy\data\raw\Dataset\A_Bainite_5\60_A_Bainite_05.png,A_Bainite_5\60_A_Bainite_05.png,60_A_Bainite_05.png,60_A_Bainite_05,.png,256,256,RGB
D:\AI_Materials_Microscopy\data\raw\Dataset\A_Bainite_5\61_A_Bainite_05.png,A_Bainite_5\61_A_Bainite_05.png,61_A_Bainite_05.png,61_A_Bainite_05,.png,256,256,RGB
D:\AI_Materials_Microscopy\data\raw\Dataset\A_Bainite_5\62_A_Bainite_05.png,A_Bainite_5\62_A_Bainite_05.png,62_A_Bainite_05.png,62_A_Bainite_05,.png,256,256,RGB
D:\AI_Materials_Microscopy\data\raw\Dataset\A_Bainite_5\63_A_Bainite_05.png,A_Bainite_5\63_A_Bainite_05.png,63_A_Bainite_05.png,63_A_Bainite_05,.png,256,256,RGB
D:\AI_Materials_Microscopy\data\raw\Dataset\A_Bainite_5\64_A_Bainite_05.png,A_Bainite_5\64_A_Bainite_05.png,64_A_Bainite_05.png,64_A_Bainite_05,.png,256,256,RGB
D:\AI_Materials_Microscopy\data\raw\Dataset\A_Bainite_5\65_A_Bainite_05.png,A_Bainite_5\65_A_Bainite_05.png,65_A_Bainite_05.png,65_A_Bainite_05,.png,256,256,RGB
D:\AI_Materials_Microscopy\data\raw\Dataset\A_Bainite_5\66_A_Bainite_05.png,A_Bainite_5\66_A_Bainite_05.png,66_A_Bainite_05.png,66_A_Bainite_05,.png,256,256,RGB
D:\AI_Materials_Microscopy\data\raw\Dataset\A_Bainite_5\67_A_Bainite_05.png,A_Bainite_5\67_A_Bainite_05.png,67_A_Bainite_05.png,67_A_Bainite_05,.png,256,256,RGB
D:\AI_Materials_Microscopy\data\raw\Dataset\A_Bainite_5\68_A_Bainite_05.png,A_Bainite_5\68_A_Bainite_05.png,68_A_Bainite_05.png,68_A_Bainite_05,.png,256,256,RGB
D:\AI_Materials_Microscopy\data\raw\Dataset\A_Bainite_5\69_A_Bainite_05.png,A_Bainite_5\69_A_Bainite_05.png,69_A_Bainite_05.png,69_A_Bainite_05,.png,256,256,RGB
D:\AI_Materials_Microscopy\data\raw\Dataset\A_Bainite_5\70_A_Bainite_05.png,A_Bainite_5\70_A_Bainite_05.png,70_A_Bainite_05.png,70_A_Bainite_05,.png,256,256,RGB
D:\AI_Materials_Microscopy\data\raw\Dataset\A_Bainite_5\71_A_Bainite_05.png,A_Bainite_5\71_A_Bainite_05.png,71_A_Bainite_05.png,71_A_Bainite_05,.png,256,256,RGB
D:\AI_Materials_Microscopy\data\raw\Dataset\A_Bainite_5\72_A_Bainite_05.png,A_Bainite_5\72_A_Bainite_05.png,72_A_Bainite_05.png,72_A_Bainite_05,.png,256,256,RGB
D:\AI_Materials_Microscopy\data\raw\Dataset\A_Bainite_5\73_A_Bainite_05.png,A_Bainite_5\73_A_Bainite_05.png,73_A_Bainite_05.png,73_A_Bainite_05,.png,256,256,RGB
D:\AI_Materials_Microscopy\data\raw\Dataset\A_Bainite_5\74_A_Bainite_05.png,A_Bainite_5\74_A_Bainite_05.png,74_A_Bainite_05.png,74_A_Bainite_05,.png,256,256,RGB
D:\AI_Materials_Microscopy\data\raw\Dataset\A_Bainite_5\75_A_Bainite_05.png,A_Bainite_5\75_A_Bainite_05.png,75_A_Bainite_05.png,75_A_Bainite_05,.png,256,256,RGB
D:\AI_Materials_Microscopy\data\raw\Dataset\A_Bainite_6\38_A_Bainite_06.png,A_Bainite_6\38_A_Bainite_06.png,38_A_Bainite_06.png,38_A_Bainite_06,.png,96,96,RGB
D:\AI_Materials_Microscopy\data\raw\Dataset\A_Bainite_6\39_A_Bainite_06.png,A_Bainite_6\39_A_Bainite_06.png,39_A_Bainite_06.png,39_A_Bainite_06,.png,96,96,RGB
D:\AI_Materials_Microscopy\data\raw\Dataset\A_Bainite_6\40_A_Bainite_06.png,A_Bainite_6\40_A_Bainite_06.png,40_A_Bainite_06.png,40_A_Bainite_06,.png,96,96,RGB
D:\AI_Materials_Microscopy\data\raw\Dataset\A_Bainite_6\41_A_Bainite_06.png,A_Bainite_6\41_A_Bainite_06.png,41_A_Bainite_06.png,41_A_Bainite_06,.png,96,96,RGB
D:\AI_Materials_Microscopy\data\raw\Dataset\A_Bainite_6\42_A_Bainite_06.png,A_Bainite_6\42_A_Bainite_06.png,42_A_Bainite_06.png,42_A_Bainite_06,.png,96,96,RGB
D:\AI_Materials_Microscopy\data\raw\Dataset\A_Bainite_6\43_A_Bainite_06.png,A_Bainite_6\43_A_Bainite_06.png,43_A_Bainite_06.png,43_A_Bainite_06,.png,96,96,RGB
D:\AI_Materials_Microscopy\data\raw\Dataset\A_Bainite_6\44_A_Bainite_06.png,A_Bainite_6\44_A_Bainite_06.png,44_A_Bainite_06.png,44_A_Bainite_06,.png,96,96,RGB
D:\AI_Materials_Microscopy\data\raw\Dataset\A_Bainite_6\45_A_Bainite_06.png,A_Bainite_6\45_A_Bainite_06.png,45_A_Bainite_06.png,45_A_Bainite_06,.png,96,96,RGB
D:\AI_Materials_Microscopy\data\raw\Dataset\A_Bainite_6\46_A_Bainite_06.png,A_Bainite_6\46_A_Bainite_06.png,46_A_Bainite_06.png,46_A_Bainite_06,.png,96,96,RGB
D:\AI_Materials_Microscopy\data\raw\Dataset\A_Bainite_6\47_A_Bainite_06.png,A_Bainite_6\47_A_Bainite_06.png,47_A_Bainite_06.png,47_A_Bainite_06,.png,96,96,RGB
D:\AI_Materials_Microscopy\data\raw\Dataset\A_Bainite_6\48_A_Bainite_06.png,A_Bainite_6\48_A_Bainite_06.png,48_A_Bainite_06.png,48_A_Bainite_06,.png,96,96,RGB
D:\AI_Materials_Microscopy\data\raw\Dataset\A_Bainite_6\49_A_Bainite_06.png,A_Bainite_6\49_A_Bainite_06.png,49_A_Bainite_06.png,49_A_Bainite_06,.png,96,96,RGB
D:\AI_Materials_Microscopy\data\raw\Dataset\A_Bainite_6\50_A_Bainite_06.png,A_Bainite_6\50_A_Bainite_06.png,50_A_Bainite_06.png,50_A_Bainite_06,.png,96,96,RGB
D:\AI_Materials_Microscopy\data\raw\Dataset\A_Bainite_6\51_A_Bainite_06.png,A_Bainite_6\51_A_Bainite_06.png,51_A_Bainite_06.png,51_A_Bainite_06,.png,96,96,RGB
D:\AI_Materials_Microscopy\data\raw\Dataset\A_Bainite_6\52_A_Bainite_06.png,A_Bainite_6\52_A_Bainite_06.png,52_A_Bainite_06.png,52_A_Bainite_06,.png,96,96,RGB
D:\AI_Materials_Microscopy\data\raw\Dataset\A_Bainite_6\53_A_Bainite_06.png,A_Bainite_6\53_A_Bainite_06.png,53_A_Bainite_06.png,53_A_Bainite_06,.png,96,96,RGB
D:\AI_Materials_Microscopy\data\raw\Dataset\A_Bainite_6\54_A_Bainite_06.png,A_Bainite_6\54_A_Bainite_06.png,54_A_Bainite_06.png,54_A_Bainite_06,.png,96,96,RGB
D:\AI_Materials_Microscopy\data\raw\Dataset\A_Bainite_6\55_A_Bainite_06.png,A_Bainite_6\55_A_Bainite_06.png,55_A_Bainite_06.png,55_A_Bainite_06,.png,96,96,RGB
D:\AI_Materials_Microscopy\data\raw\Dataset\A_Bainite_6\56_A_Bainite_06.png,A_Bainite_6\56_A_Bainite_06.png,56_A_Bainite_06.png,56_A_Bainite_06,.png,256,256,RGB
D:\AI_Materials_Microscopy\data\raw\Dataset\A_Bainite_6\57_A_Bainite_06.png,A_Bainite_6\57_A_Bainite_06.png,57_A_Bainite_06.png,57_A_Bainite_06,.png,256,256,RGB
D:\AI_Materials_Microscopy\data\raw\Dataset\A_Bainite_6\58_A_Bainite_06.png,A_Bainite_6\58_A_Bainite_06.png,58_A_Bainite_06.png,58_A_Bainite_06,.png,256,256,RGB
D:\AI_Materials_Microscopy\data\raw\Dataset\A_Bainite_6\59_A_Bainite_06.png,A_Bainite_6\59_A_Bainite_06.png,59_A_Bainite_06.png,59_A_Bainite_06,.png,256,256,RGB
D:\AI_Materials_Microscopy\data\raw\Dataset\A_Bainite_6\60_A_Bainite_06.png,A_Bainite_6\60_A_Bainite_06.png,60_A_Bainite_06.png,60_A_Bainite_06,.png,256,256,RGB
D:\AI_Materials_Microscopy\data\raw\Dataset\A_Bainite_6\61_A_Bainite_06.png,A_Bainite_6\61_A_Bainite_06.png,61_A_Bainite_06.png,61_A_Bainite_06,.png,256,256,RGB
D:\AI_Materials_Microscopy\data\raw\Dataset\A_Bainite_6\62_A_Bainite_06.png,A_Bainite_6\62_A_Bainite_06.png,62_A_Bainite_06.png,62_A_Bainite_06,.png,256,256,RGB
D:\AI_Materials_Microscopy\data\raw\Dataset\A_Bainite_6\63_A_Bainite_06.png,A_Bainite_6\63_A_Bainite_06.png,63_A_Bainite_06.png,63_A_Bainite_06,.png,256,256,RGB
D:\AI_Materials_Microscopy\data\raw\Dataset\A_Bainite_6\64_A_Bainite_06.png,A_Bainite_6\64_A_Bainite_06.png,64_A_Bainite_06.png,64_A_Bainite_06,.png,256,256,RGB
D:\AI_Materials_Microscopy\data\raw\Dataset\A_Bainite_6\65_A_Bainite_06.png,A_Bainite_6\65_A_Bainite_06.png,65_A_Bainite_06.png,65_A_Bainite_06,.png,256,256,RGB
D:\AI_Materials_Microscopy\data\raw\Dataset\A_Bainite_6\66_A_Bainite_06.png,A_Bainite_6\66_A_Bainite_06.png,66_A_Bainite_06.png,66_A_Bainite_06,.png,256,256,RGB
D:\AI_Materials_Microscopy\data\raw\Dataset\A_Bainite_6\67_A_Bainite_06.png,A_Bainite_6\67_A_Bainite_06.png,67_A_Bainite_06.png,67_A_Bainite_06,.png,256,256,RGB
D:\AI_Materials_Microscopy\data\raw\Dataset\A_Bainite_6\68_A_Bainite_06.png,A_Bainite_6\68_A_Bainite_06.png,68_A_Bainite_06.png,68_A_Bainite_06,.png,256,256,RGB
D:\AI_Materials_Microscopy\data\raw\Dataset\A_Bainite_6\69_A_Bainite_06.png,A_Bainite_6\69_A_Bainite_06.png,69_A_Bainite_06.png,69_A_Bainite_06,.png,256,256,RGB
D:\AI_Materials_Microscopy\data\raw\Dataset\A_Bainite_6\70_A_Bainite_06.png,A_Bainite_6\70_A_Bainite_06.png,70_A_Bainite_06.png,70_A_Bainite_06,.png,256,256,RGB
D:\AI_Materials_Microscopy\data\raw\Dataset\A_Bainite_6\71_A_Bainite_06.png,A_Bainite_6\71_A_Bainite_06.png,71_A_Bainite_06.png,71_A_Bainite_06,.png,256,256,RGB
D:\AI_Materials_Microscopy\data\raw\Dataset\A_Bainite_6\72_A_Bainite_06.png,A_Bainite_6\72_A_Bainite_06.png,72_A_Bainite_06.png,72_A_Bainite_06,.png,256,256,RGB
D:\AI_Materials_Microscopy\data\raw\Dataset\A_Bainite_6\73_A_Bainite_06.png,A_Bainite_6\73_A_Bainite_06.png,73_A_Bainite_06.png,73_A_Bainite_06,.png,256,256,RGB
D:\AI_Materials_Microscopy\data\raw\Dataset\A_Bainite_6\74_A_Bainite_06.png,A_Bainite_6\74_A_Bainite_06.png,74_A_Bainite_06.png,74_A_Bainite_06,.png,256,256,RGB
D:\AI_Materials_Microscopy\data\raw\Dataset\A_Bainite_6\75_A_Bainite_06.png,A_Bainite_6\75_A_Bainite_06.png,75_A_Bainite_06.png,75_A_Bainite_06,.png,256,256,RGB
D:\AI_Materials_Microscopy\data\raw\Dataset\A_Martensite_1\38_A_Martensite_01.png,A_Martensite_1\38_A_Martensite_01.png,38_A_Martensite_01.png,38_A_Martensite_01,.png,96,96,RGB
D:\AI_Materials_Microscopy\data\raw\Dataset\A_Martensite_1\39_A_Martensite_01.png,A_Martensite_1\39_A_Martensite_01.png,39_A_Martensite_01.png,39_A_Martensite_01,.png,96,96,RGB
D:\AI_Materials_Microscopy\data\raw\Dataset\A_Martensite_1\40_A_Martensite_01.png,A_Martensite_1\40_A_Martensite_01.png,40_A_Martensite_01.png,40_A_Martensite_01,.png,96,96,RGB
D:\AI_Materials_Microscopy\data\raw\Dataset\A_Martensite_1\41_A_Martensite_01.png,A_Martensite_1\41_A_Martensite_01.png,41_A_Martensite_01.png,41_A_Martensite_01,.png,96,96,RGB
D:\AI_Materials_Microscopy\data\raw\Dataset\A_Martensite_1\42_A_Martensite_01.png,A_Martensite_1\42_A_Martensite_01.png,42_A_Martensite_01.png,42_A_Martensite_01,.png,96,96,RGB
D:\AI_Materials_Microscopy\data\raw\Dataset\A_Martensite_1\43_A_Martensite_01.png,A_Martensite_1\43_A_Martensite_01.png,43_A_Martensite_01.png,43_A_Martensite_01,.png,96,96,RGB
D:\AI_Materials_Microscopy\data\raw\Dataset\A_Martensite_1\44_A_Martensite_01.png,A_Martensite_1\44_A_Martensite_01.png,44_A_Martensite_01.png,44_A_Martensite_01,.png,96,96,RGB
D:\AI_Materials_Microscopy\data\raw\Dataset\A_Martensite_1\45_A_Martensite_01.png,A_Martensite_1\45_A_Martensite_01.png,45_A_Martensite_01.png,45_A_Martensite_01,.png,96,96,RGB
D:\AI_Materials_Microscopy\data\raw\Dataset\A_Martensite_1\46_A_Martensite_01.png,A_Martensite_1\46_A_Martensite_01.png,46_A_Martensite_01.png,46_A_Martensite_01,.png,96,96,RGB
D:\AI_Materials_Microscopy\data\raw\Dataset\A_Martensite_1\47_A_Martensite_01.png,A_Martensite_1\47_A_Martensite_01.png,47_A_Martensite_01.png,47_A_Martensite_01,.png,96,96,RGB
D:\AI_Materials_Microscopy\data\raw\Dataset\A_Martensite_1\48_A_Martensite_01.png,A_Martensite_1\48_A_Martensite_01.png,48_A_Martensite_01.png,48_A_Martensite_01,.png,96,96,RGB
D:\AI_Materials_Microscopy\data\raw\Dataset\A_Martensite_1\49_A_Martensite_01.png,A_Martensite_1\49_A_Martensite_01.png,49_A_Martensite_01.png,49_A_Martensite_01,.png,96,96,RGB
D:\AI_Materials_Microscopy\data\raw\Dataset\A_Martensite_1\50_A_Martensite_01.png,A_Martensite_1\50_A_Martensite_01.png,50_A_Martensite_01.png,50_A_Martensite_01,.png,96,96,RGB
D:\AI_Materials_Microscopy\data\raw\Dataset\A_Martensite_1\51_A_Martensite_01.png,A_Martensite_1\51_A_Martensite_01.png,51_A_Martensite_01.png,51_A_Martensite_01,.png,96,96,RGB
D:\AI_Materials_Microscopy\data\raw\Dataset\A_Martensite_1\52_A_Martensite_01.png,A_Martensite_1\52_A_Martensite_01.png,52_A_Martensite_01.png,52_A_Martensite_01,.png,96,96,RGB
D:\AI_Materials_Microscopy\data\raw\Dataset\A_Martensite_1\53_A_Martensite_01.png,A_Martensite_1\53_A_Martensite_01.png,53_A_Martensite_01.png,53_A_Martensite_01,.png,96,96,RGB
D:\AI_Materials_Microscopy\data\raw\Dataset\A_Martensite_1\54_A_Martensite_01.png,A_Martensite_1\54_A_Martensite_01.png,54_A_Martensite_01.png,54_A_Martensite_01,.png,96,96,RGB
D:\AI_Materials_Microscopy\data\raw\Dataset\A_Martensite_1\55_A_Martensite_01.png,A_Martensite_1\55_A_Martensite_01.png,55_A_Martensite_01.png,55_A_Martensite_01,.png,96,96,RGB
D:\AI_Materials_Microscopy\data\raw\Dataset\A_Martensite_1\56_A_Martensite_01.png,A_Martensite_1\56_A_Martensite_01.png,56_A_Martensite_01.png,56_A_Martensite_01,.png,256,256,RGB
D:\AI_Materials_Microscopy\data\raw\Dataset\A_Martensite_1\57_A_Martensite_01.png,A_Martensite_1\57_A_Martensite_01.png,57_A_Martensite_01.png,57_A_Martensite_01,.png,256,256,RGB
D:\AI_Materials_Microscopy\data\raw\Dataset\A_Martensite_1\58_A_Martensite_01.png,A_Martensite_1\58_A_Martensite_01.png,58_A_Martensite_01.png,58_A_Martensite_01,.png,256,256,RGB
D:\AI_Materials_Microscopy\data\raw\Dataset\A_Martensite_1\59_A_Martensite_01.png,A_Martensite_1\59_A_Martensite_01.png,59_A_Martensite_01.png,59_A_Martensite_01,.png,256,256,RGB
D:\AI_Materials_Microscopy\data\raw\Dataset\A_Martensite_1\60_A_Martensite_01.png,A_Martensite_1\60_A_Martensite_01.png,60_A_Martensite_01.png,60_A_Martensite_01,.png,256,256,RGB
D:\AI_Materials_Microscopy\data\raw\Dataset\A_Martensite_1\61_A_Martensite_01.png,A_Martensite_1\61_A_Martensite_01.png,61_A_Martensite_01.png,61_A_Martensite_01,.png,256,256,RGB
D:\AI_Materials_Microscopy\data\raw\Dataset\A_Martensite_1\62_A_Martensite_01.png,A_Martensite_1\62_A_Martensite_01.png,62_A_Martensite_01.png,62_A_Martensite_01,.png,256,256,RGB
D:\AI_Materials_Microscopy\data\raw\Dataset\A_Martensite_1\63_A_Martensite_01.png,A_Martensite_1\63_A_Martensite_01.png,63_A_Martensite_01.png,63_A_Martensite_01,.png,256,256,RGB
D:\AI_Materials_Microscopy\data\raw\Dataset\A_Martensite_1\64_A_Martensite_01.png,A_Martensite_1\64_A_Martensite_01.png,64_A_Martensite_01.png,64_A_Martensite_01,.png,256,256,RGB
D:\AI_Materials_Microscopy\data\raw\Dataset\A_Martensite_1\65_A_Martensite_01.png,A_Martensite_1\65_A_Martensite_01.png,65_A_Martensite_01.png,65_A_Martensite_01,.png,256,256,RGB
D:\AI_Materials_Microscopy\data\raw\Dataset\A_Martensite_1\66_A_Martensite_01.png,A_Martensite_1\66_A_Martensite_01.png,66_A_Martensite_01.png,66_A_Martensite_01,.png,256,256,RGB
D:\AI_Materials_Microscopy\data\raw\Dataset\A_Martensite_1\67_A_Martensite_01.png,A_Martensite_1\67_A_Martensite_01.png,67_A_Martensite_01.png,67_A_Martensite_01,.png,256,256,RGB
D:\AI_Materials_Microscopy\data\raw\Dataset\A_Martensite_1\68_A_Martensite_01.png,A_Martensite_1\68_A_Martensite_01.png,68_A_Martensite_01.png,68_A_Martensite_01,.png,256,256,RGB
D:\AI_Materials_Microscopy\data\raw\Dataset\A_Martensite_1\69_A_Martensite_01.png,A_Martensite_1\69_A_Martensite_01.png,69_A_Martensite_01.png,69_A_Martensite_01,.png,256,256,RGB
D:\AI_Materials_Microscopy\data\raw\Dataset\A_Martensite_1\70_A_Martensite_01.png,A_Martensite_1\70_A_Martensite_01.png,70_A_Martensite_01.png,70_A_Martensite_01,.png,256,256,RGB
D:\AI_Materials_Microscopy\data\raw\Dataset\A_Martensite_1\71_A_Martensite_01.png,A_Martensite_1\71_A_Martensite_01.png,71_A_Martensite_01.png,71_A_Martensite_01,.png,256,256,RGB
D:\AI_Materials_Microscopy\data\raw\Dataset\A_Martensite_1\72_A_Martensite_01.png,A_Martensite_1\72_A_Martensite_01.png,72_A_Martensite_01.png,72_A_Martensite_01,.png,256,256,RGB
D:\AI_Materials_Microscopy\data\raw\Dataset\A_Martensite_1\73_A_Martensite_01.png,A_Martensite_1\73_A_Martensite_01.png,73_A_Martensite_01.png,73_A_Martensite_01,.png,256,256,RGB
D:\AI_Materials_Microscopy\data\raw\Dataset\A_Martensite_1\74_A_Martensite_01.png,A_Martensite_1\74_A_Martensite_01.png,74_A_Martensite_01.png,74_A_Martensite_01,.png,256,256,RGB
D:\AI_Materials_Microscopy\data\raw\Dataset\A_Martensite_1\75_A_Martensite_01.png,A_Martensite_1\75_A_Martensite_01.png,75_A_Martensite_01.png,75_A_Martensite_01,.png,256,256,RGB
D:\AI_Materials_Microscopy\data\raw\Dataset\A_Martensite_2\38_A_Martensite_02.png,A_Martensite_2\38_A_Martensite_02.png,38_A_Martensite_02.png,38_A_Martensite_02,.png,96,96,RGB
D:\AI_Materials_Microscopy\data\raw\Dataset\A_Martensite_2\39_A_Martensite_02.png,A_Martensite_2\39_A_Martensite_02.png,39_A_Martensite_02.png,39_A_Martensite_02,.png,96,96,RGB
D:\AI_Materials_Microscopy\data\raw\Dataset\A_Martensite_2\40_A_Martensite_02.png,A_Martensite_2\40_A_Martensite_02.png,40_A_Martensite_02.png,40_A_Martensite_02,.png,96,96,RGB
D:\AI_Materials_Microscopy\data\raw\Dataset\A_Martensite_2\41_A_Martensite_02.png,A_Martensite_2\41_A_Martensite_02.png,41_A_Martensite_02.png,41_A_Martensite_02,.png,96,96,RGB
D:\AI_Materials_Microscopy\data\raw\Dataset\A_Martensite_2\42_A_Martensite_02.png,A_Martensite_2\42_A_Martensite_02.png,42_A_Martensite_02.png,42_A_Martensite_02,.png,96,96,RGB
D:\AI_Materials_Microscopy\data\raw\Dataset\A_Martensite_2\43_A_Martensite_02.png,A_Martensite_2\43_A_Martensite_02.png,43_A_Martensite_02.png,43_A_Martensite_02,.png,96,96,RGB
D:\AI_Materials_Microscopy\data\raw\Dataset\A_Martensite_2\44_A_Martensite_02.png,A_Martensite_2\44_A_Martensite_02.png,44_A_Martensite_02.png,44_A_Martensite_02,.png,96,96,RGB
D:\AI_Materials_Microscopy\data\raw\Dataset\A_Martensite_2\45_A_Martensite_02.png,A_Martensite_2\45_A_Martensite_02.png,45_A_Martensite_02.png,45_A_Martensite_02,.png,96,96,RGB
D:\AI_Materials_Microscopy\data\raw\Dataset\A_Martensite_2\46_A_Martensite_02.png,A_Martensite_2\46_A_Martensite_02.png,46_A_Martensite_02.png,46_A_Martensite_02,.png,96,96,RGB
D:\AI_Materials_Microscopy\data\raw\Dataset\A_Martensite_2\47_A_Martensite_02.png,A_Martensite_2\47_A_Martensite_02.png,47_A_Martensite_02.png,47_A_Martensite_02,.png,96,96,RGB
D:\AI_Materials_Microscopy\data\raw\Dataset\A_Martensite_2\48_A_Martensite_02.png,A_Martensite_2\48_A_Martensite_02.png,48_A_Martensite_02.png,48_A_Martensite_02,.png,96,96,RGB
D:\AI_Materials_Microscopy\data\raw\Dataset\A_Martensite_2\49_A_Martensite_02.png,A_Martensite_2\49_A_Martensite_02.png,49_A_Martensite_02.png,49_A_Martensite_02,.png,96,96,RGB
D:\AI_Materials_Microscopy\data\raw\Dataset\A_Martensite_2\50_A_Martensite_02.png,A_Martensite_2\50_A_Martensite_02.png,50_A_Martensite_02.png,50_A_Martensite_02,.png,96,96,RGB
D:\AI_Materials_Microscopy\data\raw\Dataset\A_Martensite_2\51_A_Martensite_02.png,A_Martensite_2\51_A_Martensite_02.png,51_A_Martensite_02.png,51_A_Martensite_02,.png,96,96,RGB
D:\AI_Materials_Microscopy\data\raw\Dataset\A_Martensite_2\52_A_Martensite_02.png,A_Martensite_2\52_A_Martensite_02.png,52_A_Martensite_02.png,52_A_Martensite_02,.png,96,96,RGB
D:\AI_Materials_Microscopy\data\raw\Dataset\A_Martensite_2\53_A_Martensite_02.png,A_Martensite_2\53_A_Martensite_02.png,53_A_Martensite_02.png,53_A_Martensite_02,.png,96,96,RGB
D:\AI_Materials_Microscopy\data\raw\Dataset\A_Martensite_2\54_A_Martensite_02.png,A_Martensite_2\54_A_Martensite_02.png,54_A_Martensite_02.png,54_A_Martensite_02,.png,96,96,RGB
D:\AI_Materials_Microscopy\data\raw\Dataset\A_Martensite_2\55_A_Martensite_02.png,A_Martensite_2\55_A_Martensite_02.png,55_A_Martensite_02.png,55_A_Martensite_02,.png,96,96,RGB
D:\AI_Materials_Microscopy\data\raw\Dataset\A_Martensite_2\56_A_Martensite_02.png,A_Martensite_2\56_A_Martensite_02.png,56_A_Martensite_02.png,56_A_Martensite_02,.png,256,256,RGB
D:\AI_Materials_Microscopy\data\raw\Dataset\A_Martensite_2\57_A_Martensite_02.png,A_Martensite_2\57_A_Martensite_02.png,57_A_Martensite_02.png,57_A_Martensite_02,.png,256,256,RGB
D:\AI_Materials_Microscopy\data\raw\Dataset\A_Martensite_2\58_A_Martensite_02.png,A_Martensite_2\58_A_Martensite_02.png,58_A_Martensite_02.png,58_A_Martensite_02,.png,256,256,RGB
D:\AI_Materials_Microscopy\data\raw\Dataset\A_Martensite_2\59_A_Martensite_02.png,A_Martensite_2\59_A_Martensite_02.png,59_A_Martensite_02.png,59_A_Martensite_02,.png,256,256,RGB
D:\AI_Materials_Microscopy\data\raw\Dataset\A_Martensite_2\60_A_Martensite_02.png,A_Martensite_2\60_A_Martensite_02.png,60_A_Martensite_02.png,60_A_Martensite_02,.png,256,256,RGB
D:\AI_Materials_Microscopy\data\raw\Dataset\A_Martensite_2\61_A_Martensite_02.png,A_Martensite_2\61_A_Martensite_02.png,61_A_Martensite_02.png,61_A_Martensite_02,.png,256,256,RGB
D:\AI_Materials_Microscopy\data\raw\Dataset\A_Martensite_2\62_A_Martensite_02.png,A_Martensite_2\62_A_Martensite_02.png,62_A_Martensite_02.png,62_A_Martensite_02,.png,256,256,RGB
D:\AI_Materials_Microscopy\data\raw\Dataset\A_Martensite_2\63_A_Martensite_02.png,A_Martensite_2\63_A_Martensite_02.png,63_A_Martensite_02.png,63_A_Martensite_02,.png,256,256,RGB
D:\AI_Materials_Microscopy\data\raw\Dataset\A_Martensite_2\64_A_Martensite_02.png,A_Martensite_2\64_A_Martensite_02.png,64_A_Martensite_02.png,64_A_Martensite_02,.png,256,256,RGB
D:\AI_Materials_Microscopy\data\raw\Dataset\A_Martensite_2\65_A_Martensite_02.png,A_Martensite_2\65_A_Martensite_02.png,65_A_Martensite_02.png,65_A_Martensite_02,.png,256,256,RGB
D:\AI_Materials_Microscopy\data\raw\Dataset\A_Martensite_2\66_A_Martensite_02.png,A_Martensite_2\66_A_Martensite_02.png,66_A_Martensite_02.png,66_A_Martensite_02,.png,256,256,RGB
D:\AI_Materials_Microscopy\data\raw\Dataset\A_Martensite_2\67_A_Martensite_02.png,A_Martensite_2\67_A_Martensite_02.png,67_A_Martensite_02.png,67_A_Martensite_02,.png,256,256,RGB
D:\AI_Materials_Microscopy\data\raw\Dataset\A_Martensite_2\68_A_Martensite_02.png,A_Martensite_2\68_A_Martensite_02.png,68_A_Martensite_02.png,68_A_Martensite_02,.png,256,256,RGB
D:\AI_Materials_Microscopy\data\raw\Dataset\A_Martensite_2\69_A_Martensite_02.png,A_Martensite_2\69_A_Martensite_02.png,69_A_Martensite_02.png,69_A_Martensite_02,.png,256,256,RGB
D:\AI_Materials_Microscopy\data\raw\Dataset\A_Martensite_2\70_A_Martensite_02.png,A_Martensite_2\70_A_Martensite_02.png,70_A_Martensite_02.png,70_A_Martensite_02,.png,256,256,RGB
D:\AI_Materials_Microscopy\data\raw\Dataset\A_Martensite_2\71_A_Martensite_02.png,A_Martensite_2\71_A_Martensite_02.png,71_A_Martensite_02.png,71_A_Martensite_02,.png,256,256,RGB
D:\AI_Materials_Microscopy\data\raw\Dataset\A_Martensite_2\72_A_Martensite_02.png,A_Martensite_2\72_A_Martensite_02.png,72_A_Martensite_02.png,72_A_Martensite_02,.png,256,256,RGB
D:\AI_Materials_Microscopy\data\raw\Dataset\A_Martensite_2\73_A_Martensite_02.png,A_Martensite_2\73_A_Martensite_02.png,73_A_Martensite_02.png,73_A_Martensite_02,.png,256,256,RGB
D:\AI_Materials_Microscopy\data\raw\Dataset\A_Martensite_2\74_A_Martensite_02.png,A_Martensite_2\74_A_Martensite_02.png,74_A_Martensite_02.png,74_A_Martensite_02,.png,256,256,RGB
D:\AI_Materials_Microscopy\data\raw\Dataset\A_Martensite_2\75_A_Martensite_02.png,A_Martensite_2\75_A_Martensite_02.png,75_A_Martensite_02.png,75_A_Martensite_02,.png,256,256,RGB
D:\AI_Materials_Microscopy\data\raw\Dataset\A_Martensite_3\38_A_Martensite_03.png,A_Martensite_3\38_A_Martensite_03.png,38_A_Martensite_03.png,38_A_Martensite_03,.png,96,96,RGB
D:\AI_Materials_Microscopy\data\raw\Dataset\A_Martensite_3\39_A_Martensite_03.png,A_Martensite_3\39_A_Martensite_03.png,39_A_Martensite_03.png,39_A_Martensite_03,.png,96,96,RGB
D:\AI_Materials_Microscopy\data\raw\Dataset\A_Martensite_3\40_A_Martensite_03.png,A_Martensite_3\40_A_Martensite_03.png,40_A_Martensite_03.png,40_A_Martensite_03,.png,96,96,RGB
D:\AI_Materials_Microscopy\data\raw\Dataset\A_Martensite_3\41_A_Martensite_03.png,A_Martensite_3\41_A_Martensite_03.png,41_A_Martensite_03.png,41_A_Martensite_03,.png,96,96,RGB
D:\AI_Materials_Microscopy\data\raw\Dataset\A_Martensite_3\42_A_Martensite_03.png,A_Martensite_3\42_A_Martensite_03.png,42_A_Martensite_03.png,42_A_Martensite_03,.png,96,96,RGB
D:\AI_Materials_Microscopy\data\raw\Dataset\A_Martensite_3\43_A_Martensite_03.png,A_Martensite_3\43_A_Martensite_03.png,43_A_Martensite_03.png,43_A_Martensite_03,.png,96,96,RGB
D:\AI_Materials_Microscopy\data\raw\Dataset\A_Martensite_3\44_A_Martensite_03.png,A_Martensite_3\44_A_Martensite_03.png,44_A_Martensite_03.png,44_A_Martensite_03,.png,96,96,RGB
D:\AI_Materials_Microscopy\data\raw\Dataset\A_Martensite_3\45_A_Martensite_03.png,A_Martensite_3\45_A_Martensite_03.png,45_A_Martensite_03.png,45_A_Martensite_03,.png,96,96,RGB
D:\AI_Materials_Microscopy\data\raw\Dataset\A_Martensite_3\46_A_Martensite_03.png,A_Martensite_3\46_A_Martensite_03.png,46_A_Martensite_03.png,46_A_Martensite_03,.png,96,96,RGB
D:\AI_Materials_Microscopy\data\raw\Dataset\A_Martensite_3\47_A_Martensite_03.png,A_Martensite_3\47_A_Martensite_03.png,47_A_Martensite_03.png,47_A_Martensite_03,.png,96,96,RGB
D:\AI_Materials_Microscopy\data\raw\Dataset\A_Martensite_3\48_A_Martensite_03.png,A_Martensite_3\48_A_Martensite_03.png,48_A_Martensite_03.png,48_A_Martensite_03,.png,96,96,RGB
D:\AI_Materials_Microscopy\data\raw\Dataset\A_Martensite_3\49_A_Martensite_03.png,A_Martensite_3\49_A_Martensite_03.png,49_A_Martensite_03.png,49_A_Martensite_03,.png,96,96,RGB
D:\AI_Materials_Microscopy\data\raw\Dataset\A_Martensite_3\50_A_Martensite_03.png,A_Martensite_3\50_A_Martensite_03.png,50_A_Martensite_03.png,50_A_Martensite_03,.png,96,96,RGB
D:\AI_Materials_Microscopy\data\raw\Dataset\A_Martensite_3\51_A_Martensite_03.png,A_Martensite_3\51_A_Martensite_03.png,51_A_Martensite_03.png,51_A_Martensite_03,.png,96,96,RGB
D:\AI_Materials_Microscopy\data\raw\Dataset\A_Martensite_3\52_A_Martensite_03.png,A_Martensite_3\52_A_Martensite_03.png,52_A_Martensite_03.png,52_A_Martensite_03,.png,96,96,RGB
D:\AI_Materials_Microscopy\data\raw\Dataset\A_Martensite_3\53_A_Martensite_03.png,A_Martensite_3\53_A_Martensite_03.png,53_A_Martensite_03.png,53_A_Martensite_03,.png,96,96,RGB
D:\AI_Materials_Microscopy\data\raw\Dataset\A_Martensite_3\54_A_Martensite_03.png,A_Martensite_3\54_A_Martensite_03.png,54_A_Martensite_03.png,54_A_Martensite_03,.png,96,96,RGB
D:\AI_Materials_Microscopy\data\raw\Dataset\A_Martensite_3\55_A_Martensite_03.png,A_Martensite_3\55_A_Martensite_03.png,55_A_Martensite_03.png,55_A_Martensite_03,.png,96,96,RGB
D:\AI_Materials_Microscopy\data\raw\Dataset\A_Martensite_3\56_A_Martensite_03.png,A_Martensite_3\56_A_Martensite_03.png,56_A_Martensite_03.png,56_A_Martensite_03,.png,256,256,RGB
D:\AI_Materials_Microscopy\data\raw\Dataset\A_Martensite_3\57_A_Martensite_03.png,A_Martensite_3\57_A_Martensite_03.png,57_A_Martensite_03.png,57_A_Martensite_03,.png,256,256,RGB
D:\AI_Materials_Microscopy\data\raw\Dataset\A_Martensite_3\58_A_Martensite_03.png,A_Martensite_3\58_A_Martensite_03.png,58_A_Martensite_03.png,58_A_Martensite_03,.png,256,256,RGB
D:\AI_Materials_Microscopy\data\raw\Dataset\A_Martensite_3\59_A_Martensite_03.png,A_Martensite_3\59_A_Martensite_03.png,59_A_Martensite_03.png,59_A_Martensite_03,.png,256,256,RGB
D:\AI_Materials_Microscopy\data\raw\Dataset\A_Martensite_3\60_A_Martensite_03.png,A_Martensite_3\60_A_Martensite_03.png,60_A_Martensite_03.png,60_A_Martensite_03,.png,256,256,RGB
D:\AI_Materials_Microscopy\data\raw\Dataset\A_Martensite_3\61_A_Martensite_03.png,A_Martensite_3\61_A_Martensite_03.png,61_A_Martensite_03.png,61_A_Martensite_03,.png,256,256,RGB
D:\AI_Materials_Microscopy\data\raw\Dataset\A_Martensite_3\62_A_Martensite_03.png,A_Martensite_3\62_A_Martensite_03.png,62_A_Martensite_03.png,62_A_Martensite_03,.png,256,256,RGB
D:\AI_Materials_Microscopy\data\raw\Dataset\A_Martensite_3\63_A_Martensite_03.png,A_Martensite_3\63_A_Martensite_03.png,63_A_Martensite_03.png,63_A_Martensite_03,.png,256,256,RGB
D:\AI_Materials_Microscopy\data\raw\Dataset\A_Martensite_3\64_A_Martensite_03.png,A_Martensite_3\64_A_Martensite_03.png,64_A_Martensite_03.png,64_A_Martensite_03,.png,256,256,RGB
D:\AI_Materials_Microscopy\data\raw\Dataset\A_Martensite_3\65_A_Martensite_03.png,A_Martensite_3\65_A_Martensite_03.png,65_A_Martensite_03.png,65_A_Martensite_03,.png,256,256,RGB
D:\AI_Materials_Microscopy\data\raw\Dataset\A_Martensite_3\66_A_Martensite_03.png,A_Martensite_3\66_A_Martensite_03.png,66_A_Martensite_03.png,66_A_Martensite_03,.png,256,256,RGB
D:\AI_Materials_Microscopy\data\raw\Dataset\A_Martensite_3\67_A_Martensite_03.png,A_Martensite_3\67_A_Martensite_03.png,67_A_Martensite_03.png,67_A_Martensite_03,.png,256,256,RGB
D:\AI_Materials_Microscopy\data\raw\Dataset\A_Martensite_3\68_A_Martensite_03.png,A_Martensite_3\68_A_Martensite_03.png,68_A_Martensite_03.png,68_A_Martensite_03,.png,256,256,RGB
D:\AI_Materials_Microscopy\data\raw\Dataset\A_Martensite_3\69_A_Martensite_03.png,A_Martensite_3\69_A_Martensite_03.png,69_A_Martensite_03.png,69_A_Martensite_03,.png,256,256,RGB
D:\AI_Materials_Microscopy\data\raw\Dataset\A_Martensite_3\70_A_Martensite_03.png,A_Martensite_3\70_A_Martensite_03.png,70_A_Martensite_03.png,70_A_Martensite_03,.png,256,256,RGB
D:\AI_Materials_Microscopy\data\raw\Dataset\A_Martensite_3\71_A_Martensite_03.png,A_Martensite_3\71_A_Martensite_03.png,71_A_Martensite_03.png,71_A_Martensite_03,.png,256,256,RGB
D:\AI_Materials_Microscopy\data\raw\Dataset\A_Martensite_3\72_A_Martensite_03.png,A_Martensite_3\72_A_Martensite_03.png,72_A_Martensite_03.png,72_A_Martensite_03,.png,256,256,RGB
D:\AI_Materials_Microscopy\data\raw\Dataset\A_Martensite_3\73_A_Martensite_03.png,A_Martensite_3\73_A_Martensite_03.png,73_A_Martensite_03.png,73_A_Martensite_03,.png,256,256,RGB
D:\AI_Materials_Microscopy\data\raw\Dataset\A_Martensite_3\74_A_Martensite_03.png,A_Martensite_3\74_A_Martensite_03.png,74_A_Martensite_03.png,74_A_Martensite_03,.png,256,256,RGB
D:\AI_Materials_Microscopy\data\raw\Dataset\A_Martensite_3\75_A_Martensite_03.png,A_Martensite_3\75_A_Martensite_03.png,75_A_Martensite_03.png,75_A_Martensite_03,.png,256,256,RGB
D:\AI_Materials_Microscopy\data\raw\Dataset\B_Bainite_1\100_B_Bainite_01.png,B_Bainite_1\100_B_Bainite_01.png,100_B_Bainite_01.png,100_B_Bainite_01,.png,256,256,RGB
D:\AI_Materials_Microscopy\data\raw\Dataset\B_Bainite_1\101_B_Bainite_01.png,B_Bainite_1\101_B_Bainite_01.png,101_B_Bainite_01.png,101_B_Bainite_01,.png,256,256,RGB
D:\AI_Materials_Microscopy\data\raw\Dataset\B_Bainite_1\102_B_Bainite_01.png,B_Bainite_1\102_B_Bainite_01.png,102_B_Bainite_01.png,102_B_Bainite_01,.png,256,256,RGB
D:\AI_Materials_Microscopy\data\raw\Dataset\B_Bainite_1\103_B_Bainite_01.png,B_Bainite_1\103_B_Bainite_01.png,103_B_Bainite_01.png,103_B_Bainite_01,.png,256,256,RGB
D:\AI_Materials_Microscopy\data\raw\Dataset\B_Bainite_1\104_B_Bainite_01.png,B_Bainite_1\104_B_Bainite_01.png,104_B_Bainite_01.png,104_B_Bainite_01,.png,256,256,RGB
D:\AI_Materials_Microscopy\data\raw\Dataset\B_Bainite_1\105_B_Bainite_01.png,B_Bainite_1\105_B_Bainite_01.png,105_B_Bainite_01.png,105_B_Bainite_01,.png,256,256,RGB
D:\AI_Materials_Microscopy\data\raw\Dataset\B_Bainite_1\106_B_Bainite_01.png,B_Bainite_1\106_B_Bainite_01.png,106_B_Bainite_01.png,106_B_Bainite_01,.png,256,256,RGB
D:\AI_Materials_Microscopy\data\raw\Dataset\B_Bainite_1\107_B_Bainite_01.png,B_Bainite_1\107_B_Bainite_01.png,107_B_Bainite_01.png,107_B_Bainite_01,.png,256,256,RGB
D:\AI_Materials_Microscopy\data\raw\Dataset\B_Bainite_1\108_B_Bainite_01.png,B_Bainite_1\108_B_Bainite_01.png,108_B_Bainite_01.png,108_B_Bainite_01,.png,256,256,RGB
D:\AI_Materials_Microscopy\data\raw\Dataset\B_Bainite_1\109_B_Bainite_01.png,B_Bainite_1\109_B_Bainite_01.png,109_B_Bainite_01.png,109_B_Bainite_01,.png,256,256,RGB
D:\AI_Materials_Microscopy\data\raw\Dataset\B_Bainite_1\110_B_Bainite_01.png,B_Bainite_1\110_B_Bainite_01.png,110_B_Bainite_01.png,110_B_Bainite_01,.png,256,256,RGB
D:\AI_Materials_Microscopy\data\raw\Dataset\B_Bainite_1\111_B_Bainite_01.png,B_Bainite_1\111_B_Bainite_01.png,111_B_Bainite_01.png,111_B_Bainite_01,.png,256,256,RGB
D:\AI_Materials_Microscopy\data\raw\Dataset\B_Bainite_1\112_B_Bainite_01.png,B_Bainite_1\112_B_Bainite_01.png,112_B_Bainite_01.png,112_B_Bainite_01,.png,256,256,RGB
D:\AI_Materials_Microscopy\data\raw\Dataset\B_Bainite_1\113_B_Bainite_01.png,B_Bainite_1\113_B_Bainite_01.png,113_B_Bainite_01.png,113_B_Bainite_01,.png,256,256,RGB
D:\AI_Materials_Microscopy\data\raw\Dataset\B_Bainite_1\76_B_Bainite_01.png,B_Bainite_1\76_B_Bainite_01.png,76_B_Bainite_01.png,76_B_Bainite_01,.png,96,96,RGB
D:\AI_Materials_Microscopy\data\raw\Dataset\B_Bainite_1\77_B_Bainite_01.png,B_Bainite_1\77_B_Bainite_01.png,77_B_Bainite_01.png,77_B_Bainite_01,.png,96,96,RGB
D:\AI_Materials_Microscopy\data\raw\Dataset\B_Bainite_1\78_B_Bainite_01.png,B_Bainite_1\78_B_Bainite_01.png,78_B_Bainite_01.png,78_B_Bainite_01,.png,96,96,RGB
D:\AI_Materials_Microscopy\data\raw\Dataset\B_Bainite_1\79_B_Bainite_01.png,B_Bainite_1\79_B_Bainite_01.png,79_B_Bainite_01.png,79_B_Bainite_01,.png,96,96,RGB
D:\AI_Materials_Microscopy\data\raw\Dataset\B_Bainite_1\80_B_Bainite_01.png,B_Bainite_1\80_B_Bainite_01.png,80_B_Bainite_01.png,80_B_Bainite_01,.png,96,96,RGB
D:\AI_Materials_Microscopy\data\raw\Dataset\B_Bainite_1\81_B_Bainite_01.png,B_Bainite_1\81_B_Bainite_01.png,81_B_Bainite_01.png,81_B_Bainite_01,.png,96,96,RGB
D:\AI_Materials_Microscopy\data\raw\Dataset\B_Bainite_1\82_B_Bainite_01.png,B_Bainite_1\82_B_Bainite_01.png,82_B_Bainite_01.png,82_B_Bainite_01,.png,96,96,RGB
D:\AI_Materials_Microscopy\data\raw\Dataset\B_Bainite_1\83_B_Bainite_01.png,B_Bainite_1\83_B_Bainite_01.png,83_B_Bainite_01.png,83_B_Bainite_01,.png,96,96,RGB
D:\AI_Materials_Microscopy\data\raw\Dataset\B_Bainite_1\84_B_Bainite_01.png,B_Bainite_1\84_B_Bainite_01.png,84_B_Bainite_01.png,84_B_Bainite_01,.png,96,96,RGB
D:\AI_Materials_Microscopy\data\raw\Dataset\B_Bainite_1\85_B_Bainite_01.png,B_Bainite_1\85_B_Bainite_01.png,85_B_Bainite_01.png,85_B_Bainite_01,.png,96,96,RGB
D:\AI_Materials_Microscopy\data\raw\Dataset\B_Bainite_1\86_B_Bainite_01.png,B_Bainite_1\86_B_Bainite_01.png,86_B_Bainite_01.png,86_B_Bainite_01,.png,96,96,RGB
D:\AI_Materials_Microscopy\data\raw\Dataset\B_Bainite_1\87_B_Bainite_01.png,B_Bainite_1\87_B_Bainite_01.png,87_B_Bainite_01.png,87_B_Bainite_01,.png,96,96,RGB
D:\AI_Materials_Microscopy\data\raw\Dataset\B_Bainite_1\88_B_Bainite_01.png,B_Bainite_1\88_B_Bainite_01.png,88_B_Bainite_01.png,88_B_Bainite_01,.png,96,96,RGB
D:\AI_Materials_Microscopy\data\raw\Dataset\B_Bainite_1\89_B_Bainite_01.png,B_Bainite_1\89_B_Bainite_01.png,89_B_Bainite_01.png,89_B_Bainite_01,.png,96,96,RGB
D:\AI_Materials_Microscopy\data\raw\Dataset\B_Bainite_1\90_B_Bainite_01.png,B_Bainite_1\90_B_Bainite_01.png,90_B_Bainite_01.png,90_B_Bainite_01,.png,96,96,RGB
D:\AI_Materials_Microscopy\data\raw\Dataset\B_Bainite_1\91_B_Bainite_01.png,B_Bainite_1\91_B_Bainite_01.png,91_B_Bainite_01.png,91_B_Bainite_01,.png,96,96,RGB
D:\AI_Materials_Microscopy\data\raw\Dataset\B_Bainite_1\92_B_Bainite_01.png,B_Bainite_1\92_B_Bainite_01.png,92_B_Bainite_01.png,92_B_Bainite_01,.png,96,96,RGB
D:\AI_Materials_Microscopy\data\raw\Dataset\B_Bainite_1\93_B_Bainite_01.png,B_Bainite_1\93_B_Bainite_01.png,93_B_Bainite_01.png,93_B_Bainite_01,.png,96,96,RGB
D:\AI_Materials_Microscopy\data\raw\Dataset\B_Bainite_1\94_B_Bainite_01.png,B_Bainite_1\94_B_Bainite_01.png,94_B_Bainite_01.png,94_B_Bainite_01,.png,256,256,RGB
D:\AI_Materials_Microscopy\data\raw\Dataset\B_Bainite_1\95_B_Bainite_01.png,B_Bainite_1\95_B_Bainite_01.png,95_B_Bainite_01.png,95_B_Bainite_01,.png,256,256,RGB
D:\AI_Materials_Microscopy\data\raw\Dataset\B_Bainite_1\96_B_Bainite_01.png,B_Bainite_1\96_B_Bainite_01.png,96_B_Bainite_01.png,96_B_Bainite_01,.png,256,256,RGB
D:\AI_Materials_Microscopy\data\raw\Dataset\B_Bainite_1\97_B_Bainite_01.png,B_Bainite_1\97_B_Bainite_01.png,97_B_Bainite_01.png,97_B_Bainite_01,.png,256,256,RGB
D:\AI_Materials_Microscopy\data\raw\Dataset\B_Bainite_1\98_B_Bainite_01.png,B_Bainite_1\98_B_Bainite_01.png,98_B_Bainite_01.png,98_B_Bainite_01,.png,256,256,RGB
D:\AI_Materials_Microscopy\data\raw\Dataset\B_Bainite_1\99_B_Bainite_01.png,B_Bainite_1\99_B_Bainite_01.png,99_B_Bainite_01.png,99_B_Bainite_01,.png,256,256,RGB
D:\AI_Materials_Microscopy\data\raw\Dataset\B_Bainite_2\100_B_Bainite_02.png,B_Bainite_2\100_B_Bainite_02.png,100_B_Bainite_02.png,100_B_Bainite_02,.png,256,256,RGB
D:\AI_Materials_Microscopy\data\raw\Dataset\B_Bainite_2\101_B_Bainite_02.png,B_Bainite_2\101_B_Bainite_02.png,101_B_Bainite_02.png,101_B_Bainite_02,.png,256,256,RGB
D:\AI_Materials_Microscopy\data\raw\Dataset\B_Bainite_2\102_B_Bainite_02.png,B_Bainite_2\102_B_Bainite_02.png,102_B_Bainite_02.png,102_B_Bainite_02,.png,256,256,RGB
D:\AI_Materials_Microscopy\data\raw\Dataset\B_Bainite_2\103_B_Bainite_02.png,B_Bainite_2\103_B_Bainite_02.png,103_B_Bainite_02.png,103_B_Bainite_02,.png,256,256,RGB
D:\AI_Materials_Microscopy\data\raw\Dataset\B_Bainite_2\104_B_Bainite_02.png,B_Bainite_2\104_B_Bainite_02.png,104_B_Bainite_02.png,104_B_Bainite_02,.png,256,256,RGB
D:\AI_Materials_Microscopy\data\raw\Dataset\B_Bainite_2\105_B_Bainite_02.png,B_Bainite_2\105_B_Bainite_02.png,105_B_Bainite_02.png,105_B_Bainite_02,.png,256,256,RGB
D:\AI_Materials_Microscopy\data\raw\Dataset\B_Bainite_2\106_B_Bainite_02.png,B_Bainite_2\106_B_Bainite_02.png,106_B_Bainite_02.png,106_B_Bainite_02,.png,256,256,RGB
D:\AI_Materials_Microscopy\data\raw\Dataset\B_Bainite_2\107_B_Bainite_02.png,B_Bainite_2\107_B_Bainite_02.png,107_B_Bainite_02.png,107_B_Bainite_02,.png,256,256,RGB
D:\AI_Materials_Microscopy\data\raw\Dataset\B_Bainite_2\108_B_Bainite_02.png,B_Bainite_2\108_B_Bainite_02.png,108_B_Bainite_02.png,108_B_Bainite_02,.png,256,256,RGB
D:\AI_Materials_Microscopy\data\raw\Dataset\B_Bainite_2\109_B_Bainite_02.png,B_Bainite_2\109_B_Bainite_02.png,109_B_Bainite_02.png,109_B_Bainite_02,.png,256,256,RGB
D:\AI_Materials_Microscopy\data\raw\Dataset\B_Bainite_2\110_B_Bainite_02.png,B_Bainite_2\110_B_Bainite_02.png,110_B_Bainite_02.png,110_B_Bainite_02,.png,256,256,RGB
D:\AI_Materials_Microscopy\data\raw\Dataset\B_Bainite_2\111_B_Bainite_02.png,B_Bainite_2\111_B_Bainite_02.png,111_B_Bainite_02.png,111_B_Bainite_02,.png,256,256,RGB
D:\AI_Materials_Microscopy\data\raw\Dataset\B_Bainite_2\112_B_Bainite_02.png,B_Bainite_2\112_B_Bainite_02.png,112_B_Bainite_02.png,112_B_Bainite_02,.png,256,256,RGB
D:\AI_Materials_Microscopy\data\raw\Dataset\B_Bainite_2\113_B_Bainite_02.png,B_Bainite_2\113_B_Bainite_02.png,113_B_Bainite_02.png,113_B_Bainite_02,.png,256,256,RGB
D:\AI_Materials_Microscopy\data\raw\Dataset\B_Bainite_2\76_B_Bainite_02.png,B_Bainite_2\76_B_Bainite_02.png,76_B_Bainite_02.png,76_B_Bainite_02,.png,96,96,RGB
D:\AI_Materials_Microscopy\data\raw\Dataset\B_Bainite_2\77_B_Bainite_02.png,B_Bainite_2\77_B_Bainite_02.png,77_B_Bainite_02.png,77_B_Bainite_02,.png,96,96,RGB
D:\AI_Materials_Microscopy\data\raw\Dataset\B_Bainite_2\78_B_Bainite_02.png,B_Bainite_2\78_B_Bainite_02.png,78_B_Bainite_02.png,78_B_Bainite_02,.png,96,96,RGB
D:\AI_Materials_Microscopy\data\raw\Dataset\B_Bainite_2\79_B_Bainite_02.png,B_Bainite_2\79_B_Bainite_02.png,79_B_Bainite_02.png,79_B_Bainite_02,.png,96,96,RGB
D:\AI_Materials_Microscopy\data\raw\Dataset\B_Bainite_2\80_B_Bainite_02.png,B_Bainite_2\80_B_Bainite_02.png,80_B_Bainite_02.png,80_B_Bainite_02,.png,96,96,RGB
D:\AI_Materials_Microscopy\data\raw\Dataset\B_Bainite_2\81_B_Bainite_02.png,B_Bainite_2\81_B_Bainite_02.png,81_B_Bainite_02.png,81_B_Bainite_02,.png,96,96,RGB
D:\AI_Materials_Microscopy\data\raw\Dataset\B_Bainite_2\82_B_Bainite_02.png,B_Bainite_2\82_B_Bainite_02.png,82_B_Bainite_02.png,82_B_Bainite_02,.png,96,96,RGB
D:\AI_Materials_Microscopy\data\raw\Dataset\B_Bainite_2\83_B_Bainite_02.png,B_Bainite_2\83_B_Bainite_02.png,83_B_Bainite_02.png,83_B_Bainite_02,.png,96,96,RGB
D:\AI_Materials_Microscopy\data\raw\Dataset\B_Bainite_2\84_B_Bainite_02.png,B_Bainite_2\84_B_Bainite_02.png,84_B_Bainite_02.png,84_B_Bainite_02,.png,96,96,RGB
D:\AI_Materials_Microscopy\data\raw\Dataset\B_Bainite_2\85_B_Bainite_02.png,B_Bainite_2\85_B_Bainite_02.png,85_B_Bainite_02.png,85_B_Bainite_02,.png,96,96,RGB
D:\AI_Materials_Microscopy\data\raw\Dataset\B_Bainite_2\86_B_Bainite_02.png,B_Bainite_2\86_B_Bainite_02.png,86_B_Bainite_02.png,86_B_Bainite_02,.png,96,96,RGB
D:\AI_Materials_Microscopy\data\raw\Dataset\B_Bainite_2\87_B_Bainite_02.png,B_Bainite_2\87_B_Bainite_02.png,87_B_Bainite_02.png,87_B_Bainite_02,.png,96,96,RGB
D:\AI_Materials_Microscopy\data\raw\Dataset\B_Bainite_2\88_B_Bainite_02.png,B_Bainite_2\88_B_Bainite_02.png,88_B_Bainite_02.png,88_B_Bainite_02,.png,96,96,RGB
D:\AI_Materials_Microscopy\data\raw\Dataset\B_Bainite_2\89_B_Bainite_02.png,B_Bainite_2\89_B_Bainite_02.png,89_B_Bainite_02.png,89_B_Bainite_02,.png,96,96,RGB
D:\AI_Materials_Microscopy\data\raw\Dataset\B_Bainite_2\90_B_Bainite_02.png,B_Bainite_2\90_B_Bainite_02.png,90_B_Bainite_02.png,90_B_Bainite_02,.png,96,96,RGB
D:\AI_Materials_Microscopy\data\raw\Dataset\B_Bainite_2\91_B_Bainite_02.png,B_Bainite_2\91_B_Bainite_02.png,91_B_Bainite_02.png,91_B_Bainite_02,.png,96,96,RGB
D:\AI_Materials_Microscopy\data\raw\Dataset\B_Bainite_2\92_B_Bainite_02.png,B_Bainite_2\92_B_Bainite_02.png,92_B_Bainite_02.png,92_B_Bainite_02,.png,96,96,RGB
D:\AI_Materials_Microscopy\data\raw\Dataset\B_Bainite_2\93_B_Bainite_02.png,B_Bainite_2\93_B_Bainite_02.png,93_B_Bainite_02.png,93_B_Bainite_02,.png,96,96,RGB
D:\AI_Materials_Microscopy\data\raw\Dataset\B_Bainite_2\94_B_Bainite_02.png,B_Bainite_2\94_B_Bainite_02.png,94_B_Bainite_02.png,94_B_Bainite_02,.png,256,256,RGB
D:\AI_Materials_Microscopy\data\raw\Dataset\B_Bainite_2\95_B_Bainite_02.png,B_Bainite_2\95_B_Bainite_02.png,95_B_Bainite_02.png,95_B_Bainite_02,.png,256,256,RGB
D:\AI_Materials_Microscopy\data\raw\Dataset\B_Bainite_2\96_B_Bainite_02.png,B_Bainite_2\96_B_Bainite_02.png,96_B_Bainite_02.png,96_B_Bainite_02,.png,256,256,RGB
D:\AI_Materials_Microscopy\data\raw\Dataset\B_Bainite_2\97_B_Bainite_02.png,B_Bainite_2\97_B_Bainite_02.png,97_B_Bainite_02.png,97_B_Bainite_02,.png,256,256,RGB
D:\AI_Materials_Microscopy\data\raw\Dataset\B_Bainite_2\98_B_Bainite_02.png,B_Bainite_2\98_B_Bainite_02.png,98_B_Bainite_02.png,98_B_Bainite_02,.png,256,256,RGB
D:\AI_Materials_Microscopy\data\raw\Dataset\B_Bainite_2\99_B_Bainite_02.png,B_Bainite_2\99_B_Bainite_02.png,99_B_Bainite_02.png,99_B_Bainite_02,.png,256,256,RGB
D:\AI_Materials_Microscopy\data\raw\Dataset\B_Bainite_3\100_B_Bainite_03.png,B_Bainite_3\100_B_Bainite_03.png,100_B_Bainite_03.png,100_B_Bainite_03,.png,256,256,RGB
D:\AI_Materials_Microscopy\data\raw\Dataset\B_Bainite_3\101_B_Bainite_03.png,B_Bainite_3\101_B_Bainite_03.png,101_B_Bainite_03.png,101_B_Bainite_03,.png,256,256,RGB
D:\AI_Materials_Microscopy\data\raw\Dataset\B_Bainite_3\102_B_Bainite_03.png,B_Bainite_3\102_B_Bainite_03.png,102_B_Bainite_03.png,102_B_Bainite_03,.png,256,256,RGB
D:\AI_Materials_Microscopy\data\raw\Dataset\B_Bainite_3\103_B_Bainite_03.png,B_Bainite_3\103_B_Bainite_03.png,103_B_Bainite_03.png,103_B_Bainite_03,.png,256,256,RGB
D:\AI_Materials_Microscopy\data\raw\Dataset\B_Bainite_3\104_B_Bainite_03.png,B_Bainite_3\104_B_Bainite_03.png,104_B_Bainite_03.png,104_B_Bainite_03,.png,256,256,RGB
D:\AI_Materials_Microscopy\data\raw\Dataset\B_Bainite_3\105_B_Bainite_03.png,B_Bainite_3\105_B_Bainite_03.png,105_B_Bainite_03.png,105_B_Bainite_03,.png,256,256,RGB
D:\AI_Materials_Microscopy\data\raw\Dataset\B_Bainite_3\106_B_Bainite_03.png,B_Bainite_3\106_B_Bainite_03.png,106_B_Bainite_03.png,106_B_Bainite_03,.png,256,256,RGB
D:\AI_Materials_Microscopy\data\raw\Dataset\B_Bainite_3\107_B_Bainite_03.png,B_Bainite_3\107_B_Bainite_03.png,107_B_Bainite_03.png,107_B_Bainite_03,.png,256,256,RGB
D:\AI_Materials_Microscopy\data\raw\Dataset\B_Bainite_3\108_B_Bainite_03.png,B_Bainite_3\108_B_Bainite_03.png,108_B_Bainite_03.png,108_B_Bainite_03,.png,256,256,RGB
D:\AI_Materials_Microscopy\data\raw\Dataset\B_Bainite_3\109_B_Bainite_03.png,B_Bainite_3\109_B_Bainite_03.png,109_B_Bainite_03.png,109_B_Bainite_03,.png,256,256,RGB
D:\AI_Materials_Microscopy\data\raw\Dataset\B_Bainite_3\110_B_Bainite_03.png,B_Bainite_3\110_B_Bainite_03.png,110_B_Bainite_03.png,110_B_Bainite_03,.png,256,256,RGB
D:\AI_Materials_Microscopy\data\raw\Dataset\B_Bainite_3\111_B_Bainite_03.png,B_Bainite_3\111_B_Bainite_03.png,111_B_Bainite_03.png,111_B_Bainite_03,.png,256,256,RGB
D:\AI_Materials_Microscopy\data\raw\Dataset\B_Bainite_3\112_B_Bainite_03.png,B_Bainite_3\112_B_Bainite_03.png,112_B_Bainite_03.png,112_B_Bainite_03,.png,256,256,RGB
D:\AI_Materials_Microscopy\data\raw\Dataset\B_Bainite_3\113_B_Bainite_03.png,B_Bainite_3\113_B_Bainite_03.png,113_B_Bainite_03.png,113_B_Bainite_03,.png,256,256,RGB
D:\AI_Materials_Microscopy\data\raw\Dataset\B_Bainite_3\76_B_Bainite_03.png,B_Bainite_3\76_B_Bainite_03.png,76_B_Bainite_03.png,76_B_Bainite_03,.png,96,96,RGB
D:\AI_Materials_Microscopy\data\raw\Dataset\B_Bainite_3\77_B_Bainite_03.png,B_Bainite_3\77_B_Bainite_03.png,77_B_Bainite_03.png,77_B_Bainite_03,.png,96,96,RGB
D:\AI_Materials_Microscopy\data\raw\Dataset\B_Bainite_3\78_B_Bainite_03.png,B_Bainite_3\78_B_Bainite_03.png,78_B_Bainite_03.png,78_B_Bainite_03,.png,96,96,RGB
D:\AI_Materials_Microscopy\data\raw\Dataset\B_Bainite_3\79_B_Bainite_03.png,B_Bainite_3\79_B_Bainite_03.png,79_B_Bainite_03.png,79_B_Bainite_03,.png,96,96,RGB
D:\AI_Materials_Microscopy\data\raw\Dataset\B_Bainite_3\80_B_Bainite_03.png,B_Bainite_3\80_B_Bainite_03.png,80_B_Bainite_03.png,80_B_Bainite_03,.png,96,96,RGB
D:\AI_Materials_Microscopy\data\raw\Dataset\B_Bainite_3\81_B_Bainite_03.png,B_Bainite_3\81_B_Bainite_03.png,81_B_Bainite_03.png,81_B_Bainite_03,.png,96,96,RGB
D:\AI_Materials_Microscopy\data\raw\Dataset\B_Bainite_3\82_B_Bainite_03.png,B_Bainite_3\82_B_Bainite_03.png,82_B_Bainite_03.png,82_B_Bainite_03,.png,96,96,RGB
D:\AI_Materials_Microscopy\data\raw\Dataset\B_Bainite_3\83_B_Bainite_03.png,B_Bainite_3\83_B_Bainite_03.png,83_B_Bainite_03.png,83_B_Bainite_03,.png,96,96,RGB
D:\AI_Materials_Microscopy\data\raw\Dataset\B_Bainite_3\84_B_Bainite_03.png,B_Bainite_3\84_B_Bainite_03.png,84_B_Bainite_03.png,84_B_Bainite_03,.png,96,96,RGB
D:\AI_Materials_Microscopy\data\raw\Dataset\B_Bainite_3\85_B_Bainite_03.png,B_Bainite_3\85_B_Bainite_03.png,85_B_Bainite_03.png,85_B_Bainite_03,.png,96,96,RGB
D:\AI_Materials_Microscopy\data\raw\Dataset\B_Bainite_3\86_B_Bainite_03.png,B_Bainite_3\86_B_Bainite_03.png,86_B_Bainite_03.png,86_B_Bainite_03,.png,96,96,RGB
D:\AI_Materials_Microscopy\data\raw\Dataset\B_Bainite_3\87_B_Bainite_03.png,B_Bainite_3\87_B_Bainite_03.png,87_B_Bainite_03.png,87_B_Bainite_03,.png,96,96,RGB
D:\AI_Materials_Microscopy\data\raw\Dataset\B_Bainite_3\88_B_Bainite_03.png,B_Bainite_3\88_B_Bainite_03.png,88_B_Bainite_03.png,88_B_Bainite_03,.png,96,96,RGB
D:\AI_Materials_Microscopy\data\raw\Dataset\B_Bainite_3\89_B_Bainite_03.png,B_Bainite_3\89_B_Bainite_03.png,89_B_Bainite_03.png,89_B_Bainite_03,.png,96,96,RGB
D:\AI_Materials_Microscopy\data\raw\Dataset\B_Bainite_3\90_B_Bainite_03.png,B_Bainite_3\90_B_Bainite_03.png,90_B_Bainite_03.png,90_B_Bainite_03,.png,96,96,RGB
D:\AI_Materials_Microscopy\data\raw\Dataset\B_Bainite_3\91_B_Bainite_03.png,B_Bainite_3\91_B_Bainite_03.png,91_B_Bainite_03.png,91_B_Bainite_03,.png,96,96,RGB
D:\AI_Materials_Microscopy\data\raw\Dataset\B_Bainite_3\92_B_Bainite_03.png,B_Bainite_3\92_B_Bainite_03.png,92_B_Bainite_03.png,92_B_Bainite_03,.png,96,96,RGB
D:\AI_Materials_Microscopy\data\raw\Dataset\B_Bainite_3\93_B_Bainite_03.png,B_Bainite_3\93_B_Bainite_03.png,93_B_Bainite_03.png,93_B_Bainite_03,.png,96,96,RGB
D:\AI_Materials_Microscopy\data\raw\Dataset\B_Bainite_3\94_B_Bainite_03.png,B_Bainite_3\94_B_Bainite_03.png,94_B_Bainite_03.png,94_B_Bainite_03,.png,256,256,RGB
D:\AI_Materials_Microscopy\data\raw\Dataset\B_Bainite_3\95_B_Bainite_03.png,B_Bainite_3\95_B_Bainite_03.png,95_B_Bainite_03.png,95_B_Bainite_03,.png,256,256,RGB
D:\AI_Materials_Microscopy\data\raw\Dataset\B_Bainite_3\96_B_Bainite_03.png,B_Bainite_3\96_B_Bainite_03.png,96_B_Bainite_03.png,96_B_Bainite_03,.png,256,256,RGB
D:\AI_Materials_Microscopy\data\raw\Dataset\B_Bainite_3\97_B_Bainite_03.png,B_Bainite_3\97_B_Bainite_03.png,97_B_Bainite_03.png,97_B_Bainite_03,.png,256,256,RGB
D:\AI_Materials_Microscopy\data\raw\Dataset\B_Bainite_3\98_B_Bainite_03.png,B_Bainite_3\98_B_Bainite_03.png,98_B_Bainite_03.png,98_B_Bainite_03,.png,256,256,RGB
D:\AI_Materials_Microscopy\data\raw\Dataset\B_Bainite_3\99_B_Bainite_03.png,B_Bainite_3\99_B_Bainite_03.png,99_B_Bainite_03.png,99_B_Bainite_03,.png,256,256,RGB
D:\AI_Materials_Microscopy\data\raw\Dataset\B_Martensite_1\100_B_Martensite_01.png,B_Martensite_1\100_B_Martensite_01.png,100_B_Martensite_01.png,100_B_Martensite_01,.png,256,256,RGB
D:\AI_Materials_Microscopy\data\raw\Dataset\B_Martensite_1\101_B_Martensite_01.png,B_Martensite_1\101_B_Martensite_01.png,101_B_Martensite_01.png,101_B_Martensite_01,.png,256,256,RGB
D:\AI_Materials_Microscopy\data\raw\Dataset\B_Martensite_1\102_B_Martensite_01.png,B_Martensite_1\102_B_Martensite_01.png,102_B_Martensite_01.png,102_B_Martensite_01,.png,256,256,RGB
D:\AI_Materials_Microscopy\data\raw\Dataset\B_Martensite_1\103_B_Martensite_01.png,B_Martensite_1\103_B_Martensite_01.png,103_B_Martensite_01.png,103_B_Martensite_01,.png,256,256,RGB
D:\AI_Materials_Microscopy\data\raw\Dataset\B_Martensite_1\104_B_Martensite_01.png,B_Martensite_1\104_B_Martensite_01.png,104_B_Martensite_01.png,104_B_Martensite_01,.png,256,256,RGB
D:\AI_Materials_Microscopy\data\raw\Dataset\B_Martensite_1\105_B_Martensite_01.png,B_Martensite_1\105_B_Martensite_01.png,105_B_Martensite_01.png,105_B_Martensite_01,.png,256,256,RGB
D:\AI_Materials_Microscopy\data\raw\Dataset\B_Martensite_1\106_B_Martensite_01.png,B_Martensite_1\106_B_Martensite_01.png,106_B_Martensite_01.png,106_B_Martensite_01,.png,256,256,RGB
D:\AI_Materials_Microscopy\data\raw\Dataset\B_Martensite_1\107_B_Martensite_01.png,B_Martensite_1\107_B_Martensite_01.png,107_B_Martensite_01.png,107_B_Martensite_01,.png,256,256,RGB
D:\AI_Materials_Microscopy\data\raw\Dataset\B_Martensite_1\108_B_Martensite_01.png,B_Martensite_1\108_B_Martensite_01.png,108_B_Martensite_01.png,108_B_Martensite_01,.png,256,256,RGB
D:\AI_Materials_Microscopy\data\raw\Dataset\B_Martensite_1\109_B_Martensite_01.png,B_Martensite_1\109_B_Martensite_01.png,109_B_Martensite_01.png,109_B_Martensite_01,.png,256,256,RGB
D:\AI_Materials_Microscopy\data\raw\Dataset\B_Martensite_1\110_B_Martensite_01.png,B_Martensite_1\110_B_Martensite_01.png,110_B_Martensite_01.png,110_B_Martensite_01,.png,256,256,RGB
D:\AI_Materials_Microscopy\data\raw\Dataset\B_Martensite_1\111_B_Martensite_01.png,B_Martensite_1\111_B_Martensite_01.png,111_B_Martensite_01.png,111_B_Martensite_01,.png,256,256,RGB
D:\AI_Materials_Microscopy\data\raw\Dataset\B_Martensite_1\112_B_Martensite_01.png,B_Martensite_1\112_B_Martensite_01.png,112_B_Martensite_01.png,112_B_Martensite_01,.png,256,256,RGB
D:\AI_Materials_Microscopy\data\raw\Dataset\B_Martensite_1\113_B_Martensite_01.png,B_Martensite_1\113_B_Martensite_01.png,113_B_Martensite_01.png,113_B_Martensite_01,.png,256,256,RGB
D:\AI_Materials_Microscopy\data\raw\Dataset\B_Martensite_1\76_B_Martensite_01.png,B_Martensite_1\76_B_Martensite_01.png,76_B_Martensite_01.png,76_B_Martensite_01,.png,96,96,RGB
D:\AI_Materials_Microscopy\data\raw\Dataset\B_Martensite_1\77_B_Martensite_01.png,B_Martensite_1\77_B_Martensite_01.png,77_B_Martensite_01.png,77_B_Martensite_01,.png,96,96,RGB
D:\AI_Materials_Microscopy\data\raw\Dataset\B_Martensite_1\78_B_Martensite_01.png,B_Martensite_1\78_B_Martensite_01.png,78_B_Martensite_01.png,78_B_Martensite_01,.png,96,96,RGB
D:\AI_Materials_Microscopy\data\raw\Dataset\B_Martensite_1\79_B_Martensite_01.png,B_Martensite_1\79_B_Martensite_01.png,79_B_Martensite_01.png,79_B_Martensite_01,.png,96,96,RGB
D:\AI_Materials_Microscopy\data\raw\Dataset\B_Martensite_1\80_B_Martensite_01.png,B_Martensite_1\80_B_Martensite_01.png,80_B_Martensite_01.png,80_B_Martensite_01,.png,96,96,RGB
D:\AI_Materials_Microscopy\data\raw\Dataset\B_Martensite_1\81_B_Martensite_01.png,B_Martensite_1\81_B_Martensite_01.png,81_B_Martensite_01.png,81_B_Martensite_01,.png,96,96,RGB
D:\AI_Materials_Microscopy\data\raw\Dataset\B_Martensite_1\82_B_Martensite_01.png,B_Martensite_1\82_B_Martensite_01.png,82_B_Martensite_01.png,82_B_Martensite_01,.png,96,96,RGB
D:\AI_Materials_Microscopy\data\raw\Dataset\B_Martensite_1\83_B_Martensite_01.png,B_Martensite_1\83_B_Martensite_01.png,83_B_Martensite_01.png,83_B_Martensite_01,.png,96,96,RGB
D:\AI_Materials_Microscopy\data\raw\Dataset\B_Martensite_1\84_B_Martensite_01.png,B_Martensite_1\84_B_Martensite_01.png,84_B_Martensite_01.png,84_B_Martensite_01,.png,96,96,RGB
D:\AI_Materials_Microscopy\data\raw\Dataset\B_Martensite_1\85_B_Martensite_01.png,B_Martensite_1\85_B_Martensite_01.png,85_B_Martensite_01.png,85_B_Martensite_01,.png,96,96,RGB
D:\AI_Materials_Microscopy\data\raw\Dataset\B_Martensite_1\86_B_Martensite_01.png,B_Martensite_1\86_B_Martensite_01.png,86_B_Martensite_01.png,86_B_Martensite_01,.png,96,96,RGB
D:\AI_Materials_Microscopy\data\raw\Dataset\B_Martensite_1\87_B_Martensite_01.png,B_Martensite_1\87_B_Martensite_01.png,87_B_Martensite_01.png,87_B_Martensite_01,.png,96,96,RGB
D:\AI_Materials_Microscopy\data\raw\Dataset\B_Martensite_1\88_B_Martensite_01.png,B_Martensite_1\88_B_Martensite_01.png,88_B_Martensite_01.png,88_B_Martensite_01,.png,96,96,RGB
D:\AI_Materials_Microscopy\data\raw\Dataset\B_Martensite_1\89_B_Martensite_01.png,B_Martensite_1\89_B_Martensite_01.png,89_B_Martensite_01.png,89_B_Martensite_01,.png,96,96,RGB
D:\AI_Materials_Microscopy\data\raw\Dataset\B_Martensite_1\90_B_Martensite_01.png,B_Martensite_1\90_B_Martensite_01.png,90_B_Martensite_01.png,90_B_Martensite_01,.png,96,96,RGB
D:\AI_Materials_Microscopy\data\raw\Dataset\B_Martensite_1\91_B_Martensite_01.png,B_Martensite_1\91_B_Martensite_01.png,91_B_Martensite_01.png,91_B_Martensite_01,.png,96,96,RGB
D:\AI_Materials_Microscopy\data\raw\Dataset\B_Martensite_1\92_B_Martensite_01.png,B_Martensite_1\92_B_Martensite_01.png,92_B_Martensite_01.png,92_B_Martensite_01,.png,96,96,RGB
D:\AI_Materials_Microscopy\data\raw\Dataset\B_Martensite_1\93_B_Martensite_01.png,B_Martensite_1\93_B_Martensite_01.png,93_B_Martensite_01.png,93_B_Martensite_01,.png,96,96,RGB
D:\AI_Materials_Microscopy\data\raw\Dataset\B_Martensite_1\94_B_Martensite_01.png,B_Martensite_1\94_B_Martensite_01.png,94_B_Martensite_01.png,94_B_Martensite_01,.png,256,256,RGB
D:\AI_Materials_Microscopy\data\raw\Dataset\B_Martensite_1\95_B_Martensite_01.png,B_Martensite_1\95_B_Martensite_01.png,95_B_Martensite_01.png,95_B_Martensite_01,.png,256,256,RGB
D:\AI_Materials_Microscopy\data\raw\Dataset\B_Martensite_1\96_B_Martensite_01.png,B_Martensite_1\96_B_Martensite_01.png,96_B_Martensite_01.png,96_B_Martensite_01,.png,256,256,RGB
D:\AI_Materials_Microscopy\data\raw\Dataset\B_Martensite_1\97_B_Martensite_01.png,B_Martensite_1\97_B_Martensite_01.png,97_B_Martensite_01.png,97_B_Martensite_01,.png,256,256,RGB
D:\AI_Materials_Microscopy\data\raw\Dataset\B_Martensite_1\98_B_Martensite_01.png,B_Martensite_1\98_B_Martensite_01.png,98_B_Martensite_01.png,98_B_Martensite_01,.png,256,256,RGB
D:\AI_Materials_Microscopy\data\raw\Dataset\B_Martensite_1\99_B_Martensite_01.png,B_Martensite_1\99_B_Martensite_01.png,99_B_Martensite_01.png,99_B_Martensite_01,.png,256,256,RGB
D:\AI_Materials_Microscopy\data\raw\Dataset\B_Martensite_2\100_B_Martensite_02.png,B_Martensite_2\100_B_Martensite_02.png,100_B_Martensite_02.png,100_B_Martensite_02,.png,256,256,RGB
D:\AI_Materials_Microscopy\data\raw\Dataset\B_Martensite_2\101_B_Martensite_02.png,B_Martensite_2\101_B_Martensite_02.png,101_B_Martensite_02.png,101_B_Martensite_02,.png,256,256,RGB
D:\AI_Materials_Microscopy\data\raw\Dataset\B_Martensite_2\102_B_Martensite_02.png,B_Martensite_2\102_B_Martensite_02.png,102_B_Martensite_02.png,102_B_Martensite_02,.png,256,256,RGB
D:\AI_Materials_Microscopy\data\raw\Dataset\B_Martensite_2\103_B_Martensite_02.png,B_Martensite_2\103_B_Martensite_02.png,103_B_Martensite_02.png,103_B_Martensite_02,.png,256,256,RGB
D:\AI_Materials_Microscopy\data\raw\Dataset\B_Martensite_2\104_B_Martensite_02.png,B_Martensite_2\104_B_Martensite_02.png,104_B_Martensite_02.png,104_B_Martensite_02,.png,256,256,RGB
D:\AI_Materials_Microscopy\data\raw\Dataset\B_Martensite_2\105_B_Martensite_02.png,B_Martensite_2\105_B_Martensite_02.png,105_B_Martensite_02.png,105_B_Martensite_02,.png,256,256,RGB
D:\AI_Materials_Microscopy\data\raw\Dataset\B_Martensite_2\106_B_Martensite_02.png,B_Martensite_2\106_B_Martensite_02.png,106_B_Martensite_02.png,106_B_Martensite_02,.png,256,256,RGB
D:\AI_Materials_Microscopy\data\raw\Dataset\B_Martensite_2\107_B_Martensite_02.png,B_Martensite_2\107_B_Martensite_02.png,107_B_Martensite_02.png,107_B_Martensite_02,.png,256,256,RGB
D:\AI_Materials_Microscopy\data\raw\Dataset\B_Martensite_2\108_B_Martensite_02.png,B_Martensite_2\108_B_Martensite_02.png,108_B_Martensite_02.png,108_B_Martensite_02,.png,256,256,RGB
D:\AI_Materials_Microscopy\data\raw\Dataset\B_Martensite_2\109_B_Martensite_02.png,B_Martensite_2\109_B_Martensite_02.png,109_B_Martensite_02.png,109_B_Martensite_02,.png,256,256,RGB
D:\AI_Materials_Microscopy\data\raw\Dataset\B_Martensite_2\110_B_Martensite_02.png,B_Martensite_2\110_B_Martensite_02.png,110_B_Martensite_02.png,110_B_Martensite_02,.png,256,256,RGB
D:\AI_Materials_Microscopy\data\raw\Dataset\B_Martensite_2\111_B_Martensite_02.png,B_Martensite_2\111_B_Martensite_02.png,111_B_Martensite_02.png,111_B_Martensite_02,.png,256,256,RGB
D:\AI_Materials_Microscopy\data\raw\Dataset\B_Martensite_2\112_B_Martensite_02.png,B_Martensite_2\112_B_Martensite_02.png,112_B_Martensite_02.png,112_B_Martensite_02,.png,256,256,RGB
D:\AI_Materials_Microscopy\data\raw\Dataset\B_Martensite_2\113_B_Martensite_02.png,B_Martensite_2\113_B_Martensite_02.png,113_B_Martensite_02.png,113_B_Martensite_02,.png,256,256,RGB
D:\AI_Materials_Microscopy\data\raw\Dataset\B_Martensite_2\76_B_Martensite_02.png,B_Martensite_2\76_B_Martensite_02.png,76_B_Martensite_02.png,76_B_Martensite_02,.png,96,96,RGB
D:\AI_Materials_Microscopy\data\raw\Dataset\B_Martensite_2\77_B_Martensite_02.png,B_Martensite_2\77_B_Martensite_02.png,77_B_Martensite_02.png,77_B_Martensite_02,.png,96,96,RGB
D:\AI_Materials_Microscopy\data\raw\Dataset\B_Martensite_2\78_B_Martensite_02.png,B_Martensite_2\78_B_Martensite_02.png,78_B_Martensite_02.png,78_B_Martensite_02,.png,96,96,RGB
D:\AI_Materials_Microscopy\data\raw\Dataset\B_Martensite_2\79_B_Martensite_02.png,B_Martensite_2\79_B_Martensite_02.png,79_B_Martensite_02.png,79_B_Martensite_02,.png,96,96,RGB
D:\AI_Materials_Microscopy\data\raw\Dataset\B_Martensite_2\80_B_Martensite_02.png,B_Martensite_2\80_B_Martensite_02.png,80_B_Martensite_02.png,80_B_Martensite_02,.png,96,96,RGB
D:\AI_Materials_Microscopy\data\raw\Dataset\B_Martensite_2\81_B_Martensite_02.png,B_Martensite_2\81_B_Martensite_02.png,81_B_Martensite_02.png,81_B_Martensite_02,.png,96,96,RGB
D:\AI_Materials_Microscopy\data\raw\Dataset\B_Martensite_2\82_B_Martensite_02.png,B_Martensite_2\82_B_Martensite_02.png,82_B_Martensite_02.png,82_B_Martensite_02,.png,96,96,RGB
D:\AI_Materials_Microscopy\data\raw\Dataset\B_Martensite_2\83_B_Martensite_02.png,B_Martensite_2\83_B_Martensite_02.png,83_B_Martensite_02.png,83_B_Martensite_02,.png,96,96,RGB
D:\AI_Materials_Microscopy\data\raw\Dataset\B_Martensite_2\84_B_Martensite_02.png,B_Martensite_2\84_B_Martensite_02.png,84_B_Martensite_02.png,84_B_Martensite_02,.png,96,96,RGB
D:\AI_Materials_Microscopy\data\raw\Dataset\B_Martensite_2\85_B_Martensite_02.png,B_Martensite_2\85_B_Martensite_02.png,85_B_Martensite_02.png,85_B_Martensite_02,.png,96,96,RGB
D:\AI_Materials_Microscopy\data\raw\Dataset\B_Martensite_2\86_B_Martensite_02.png,B_Martensite_2\86_B_Martensite_02.png,86_B_Martensite_02.png,86_B_Martensite_02,.png,96,96,RGB
D:\AI_Materials_Microscopy\data\raw\Dataset\B_Martensite_2\87_B_Martensite_02.png,B_Martensite_2\87_B_Martensite_02.png,87_B_Martensite_02.png,87_B_Martensite_02,.png,96,96,RGB
D:\AI_Materials_Microscopy\data\raw\Dataset\B_Martensite_2\88_B_Martensite_02.png,B_Martensite_2\88_B_Martensite_02.png,88_B_Martensite_02.png,88_B_Martensite_02,.png,96,96,RGB
D:\AI_Materials_Microscopy\data\raw\Dataset\B_Martensite_2\89_B_Martensite_02.png,B_Martensite_2\89_B_Martensite_02.png,89_B_Martensite_02.png,89_B_Martensite_02,.png,96,96,RGB
D:\AI_Materials_Microscopy\data\raw\Dataset\B_Martensite_2\90_B_Martensite_02.png,B_Martensite_2\90_B_Martensite_02.png,90_B_Martensite_02.png,90_B_Martensite_02,.png,96,96,RGB
D:\AI_Materials_Microscopy\data\raw\Dataset\B_Martensite_2\91_B_Martensite_02.png,B_Martensite_2\91_B_Martensite_02.png,91_B_Martensite_02.png,91_B_Martensite_02,.png,96,96,RGB
D:\AI_Materials_Microscopy\data\raw\Dataset\B_Martensite_2\92_B_Martensite_02.png,B_Martensite_2\92_B_Martensite_02.png,92_B_Martensite_02.png,92_B_Martensite_02,.png,96,96,RGB
D:\AI_Materials_Microscopy\data\raw\Dataset\B_Martensite_2\93_B_Martensite_02.png,B_Martensite_2\93_B_Martensite_02.png,93_B_Martensite_02.png,93_B_Martensite_02,.png,96,96,RGB
D:\AI_Materials_Microscopy\data\raw\Dataset\B_Martensite_2\94_B_Martensite_02.png,B_Martensite_2\94_B_Martensite_02.png,94_B_Martensite_02.png,94_B_Martensite_02,.png,256,256,RGB
D:\AI_Materials_Microscopy\data\raw\Dataset\B_Martensite_2\95_B_Martensite_02.png,B_Martensite_2\95_B_Martensite_02.png,95_B_Martensite_02.png,95_B_Martensite_02,.png,256,256,RGB
D:\AI_Materials_Microscopy\data\raw\Dataset\B_Martensite_2\96_B_Martensite_02.png,B_Martensite_2\96_B_Martensite_02.png,96_B_Martensite_02.png,96_B_Martensite_02,.png,256,256,RGB
D:\AI_Materials_Microscopy\data\raw\Dataset\B_Martensite_2\97_B_Martensite_02.png,B_Martensite_2\97_B_Martensite_02.png,97_B_Martensite_02.png,97_B_Martensite_02,.png,256,256,RGB
D:\AI_Materials_Microscopy\data\raw\Dataset\B_Martensite_2\98_B_Martensite_02.png,B_Martensite_2\98_B_Martensite_02.png,98_B_Martensite_02.png,98_B_Martensite_02,.png,256,256,RGB
D:\AI_Materials_Microscopy\data\raw\Dataset\B_Martensite_2\99_B_Martensite_02.png,B_Martensite_2\99_B_Martensite_02.png,99_B_Martensite_02.png,99_B_Martensite_02,.png,256,256,RGB
D:\AI_Materials_Microscopy\data\raw\Dataset\B_Martensite_3\100_B_Martensite_03.png,B_Martensite_3\100_B_Martensite_03.png,100_B_Martensite_03.png,100_B_Martensite_03,.png,256,256,RGB
D:\AI_Materials_Microscopy\data\raw\Dataset\B_Martensite_3\101_B_Martensite_03.png,B_Martensite_3\101_B_Martensite_03.png,101_B_Martensite_03.png,101_B_Martensite_03,.png,256,256,RGB
D:\AI_Materials_Microscopy\data\raw\Dataset\B_Martensite_3\102_B_Martensite_03.png,B_Martensite_3\102_B_Martensite_03.png,102_B_Martensite_03.png,102_B_Martensite_03,.png,256,256,RGB
D:\AI_Materials_Microscopy\data\raw\Dataset\B_Martensite_3\103_B_Martensite_03.png,B_Martensite_3\103_B_Martensite_03.png,103_B_Martensite_03.png,103_B_Martensite_03,.png,256,256,RGB
D:\AI_Materials_Microscopy\data\raw\Dataset\B_Martensite_3\104_B_Martensite_03.png,B_Martensite_3\104_B_Martensite_03.png,104_B_Martensite_03.png,104_B_Martensite_03,.png,256,256,RGB
D:\AI_Materials_Microscopy\data\raw\Dataset\B_Martensite_3\105_B_Martensite_03.png,B_Martensite_3\105_B_Martensite_03.png,105_B_Martensite_03.png,105_B_Martensite_03,.png,256,256,RGB
D:\AI_Materials_Microscopy\data\raw\Dataset\B_Martensite_3\106_B_Martensite_03.png,B_Martensite_3\106_B_Martensite_03.png,106_B_Martensite_03.png,106_B_Martensite_03,.png,256,256,RGB
D:\AI_Materials_Microscopy\data\raw\Dataset\B_Martensite_3\107_B_Martensite_03.png,B_Martensite_3\107_B_Martensite_03.png,107_B_Martensite_03.png,107_B_Martensite_03,.png,256,256,RGB
D:\AI_Materials_Microscopy\data\raw\Dataset\B_Martensite_3\108_B_Martensite_03.png,B_Martensite_3\108_B_Martensite_03.png,108_B_Martensite_03.png,108_B_Martensite_03,.png,256,256,RGB
D:\AI_Materials_Microscopy\data\raw\Dataset\B_Martensite_3\109_B_Martensite_03.png,B_Martensite_3\109_B_Martensite_03.png,109_B_Martensite_03.png,109_B_Martensite_03,.png,256,256,RGB
D:\AI_Materials_Microscopy\data\raw\Dataset\B_Martensite_3\110_B_Martensite_03.png,B_Martensite_3\110_B_Martensite_03.png,110_B_Martensite_03.png,110_B_Martensite_03,.png,256,256,RGB
D:\AI_Materials_Microscopy\data\raw\Dataset\B_Martensite_3\111_B_Martensite_03.png,B_Martensite_3\111_B_Martensite_03.png,111_B_Martensite_03.png,111_B_Martensite_03,.png,256,256,RGB
D:\AI_Materials_Microscopy\data\raw\Dataset\B_Martensite_3\112_B_Martensite_03.png,B_Martensite_3\112_B_Martensite_03.png,112_B_Martensite_03.png,112_B_Martensite_03,.png,256,256,RGB
D:\AI_Materials_Microscopy\data\raw\Dataset\B_Martensite_3\113_B_Martensite_03.png,B_Martensite_3\113_B_Martensite_03.png,113_B_Martensite_03.png,113_B_Martensite_03,.png,256,256,RGB
D:\AI_Materials_Microscopy\data\raw\Dataset\B_Martensite_3\76_B_Martensite_03.png,B_Martensite_3\76_B_Martensite_03.png,76_B_Martensite_03.png,76_B_Martensite_03,.png,96,96,RGB
D:\AI_Materials_Microscopy\data\raw\Dataset\B_Martensite_3\77_B_Martensite_03.png,B_Martensite_3\77_B_Martensite_03.png,77_B_Martensite_03.png,77_B_Martensite_03,.png,96,96,RGB
D:\AI_Materials_Microscopy\data\raw\Dataset\B_Martensite_3\78_B_Martensite_03.png,B_Martensite_3\78_B_Martensite_03.png,78_B_Martensite_03.png,78_B_Martensite_03,.png,96,96,RGB
D:\AI_Materials_Microscopy\data\raw\Dataset\B_Martensite_3\79_B_Martensite_03.png,B_Martensite_3\79_B_Martensite_03.png,79_B_Martensite_03.png,79_B_Martensite_03,.png,96,96,RGB
D:\AI_Materials_Microscopy\data\raw\Dataset\B_Martensite_3\80_B_Martensite_03.png,B_Martensite_3\80_B_Martensite_03.png,80_B_Martensite_03.png,80_B_Martensite_03,.png,96,96,RGB
D:\AI_Materials_Microscopy\data\raw\Dataset\B_Martensite_3\81_B_Martensite_03.png,B_Martensite_3\81_B_Martensite_03.png,81_B_Martensite_03.png,81_B_Martensite_03,.png,96,96,RGB
D:\AI_Materials_Microscopy\data\raw\Dataset\B_Martensite_3\82_B_Martensite_03.png,B_Martensite_3\82_B_Martensite_03.png,82_B_Martensite_03.png,82_B_Martensite_03,.png,96,96,RGB
D:\AI_Materials_Microscopy\data\raw\Dataset\B_Martensite_3\83_B_Martensite_03.png,B_Martensite_3\83_B_Martensite_03.png,83_B_Martensite_03.png,83_B_Martensite_03,.png,96,96,RGB
D:\AI_Materials_Microscopy\data\raw\Dataset\B_Martensite_3\84_B_Martensite_03.png,B_Martensite_3\84_B_Martensite_03.png,84_B_Martensite_03.png,84_B_Martensite_03,.png,96,96,RGB
D:\AI_Materials_Microscopy\data\raw\Dataset\B_Martensite_3\85_B_Martensite_03.png,B_Martensite_3\85_B_Martensite_03.png,85_B_Martensite_03.png,85_B_Martensite_03,.png,96,96,RGB
D:\AI_Materials_Microscopy\data\raw\Dataset\B_Martensite_3\86_B_Martensite_03.png,B_Martensite_3\86_B_Martensite_03.png,86_B_Martensite_03.png,86_B_Martensite_03,.png,96,96,RGB
D:\AI_Materials_Microscopy\data\raw\Dataset\B_Martensite_3\87_B_Martensite_03.png,B_Martensite_3\87_B_Martensite_03.png,87_B_Martensite_03.png,87_B_Martensite_03,.png,96,96,RGB
D:\AI_Materials_Microscopy\data\raw\Dataset\B_Martensite_3\88_B_Martensite_03.png,B_Martensite_3\88_B_Martensite_03.png,88_B_Martensite_03.png,88_B_Martensite_03,.png,96,96,RGB
D:\AI_Materials_Microscopy\data\raw\Dataset\B_Martensite_3\89_B_Martensite_03.png,B_Martensite_3\89_B_Martensite_03.png,89_B_Martensite_03.png,89_B_Martensite_03,.png,96,96,RGB
D:\AI_Materials_Microscopy\data\raw\Dataset\B_Martensite_3\90_B_Martensite_03.png,B_Martensite_3\90_B_Martensite_03.png,90_B_Martensite_03.png,90_B_Martensite_03,.png,96,96,RGB
D:\AI_Materials_Microscopy\data\raw\Dataset\B_Martensite_3\91_B_Martensite_03.png,B_Martensite_3\91_B_Martensite_03.png,91_B_Martensite_03.png,91_B_Martensite_03,.png,96,96,RGB
D:\AI_Materials_Microscopy\data\raw\Dataset\B_Martensite_3\92_B_Martensite_03.png,B_Martensite_3\92_B_Martensite_03.png,92_B_Martensite_03.png,92_B_Martensite_03,.png,96,96,RGB
D:\AI_Materials_Microscopy\data\raw\Dataset\B_Martensite_3\93_B_Martensite_03.png,B_Martensite_3\93_B_Martensite_03.png,93_B_Martensite_03.png,93_B_Martensite_03,.png,96,96,RGB
D:\AI_Materials_Microscopy\data\raw\Dataset\B_Martensite_3\94_B_Martensite_03.png,B_Martensite_3\94_B_Martensite_03.png,94_B_Martensite_03.png,94_B_Martensite_03,.png,256,256,RGB
D:\AI_Materials_Microscopy\data\raw\Dataset\B_Martensite_3\95_B_Martensite_03.png,B_Martensite_3\95_B_Martensite_03.png,95_B_Martensite_03.png,95_B_Martensite_03,.png,256,256,RGB
D:\AI_Materials_Microscopy\data\raw\Dataset\B_Martensite_3\96_B_Martensite_03.png,B_Martensite_3\96_B_Martensite_03.png,96_B_Martensite_03.png,96_B_Martensite_03,.png,256,256,RGB
D:\AI_Materials_Microscopy\data\raw\Dataset\B_Martensite_3\97_B_Martensite_03.png,B_Martensite_3\97_B_Martensite_03.png,97_B_Martensite_03.png,97_B_Martensite_03,.png,256,256,RGB
D:\AI_Materials_Microscopy\data\raw\Dataset\B_Martensite_3\98_B_Martensite_03.png,B_Martensite_3\98_B_Martensite_03.png,98_B_Martensite_03.png,98_B_Martensite_03,.png,256,256,RGB
D:\AI_Materials_Microscopy\data\raw\Dataset\B_Martensite_3\99_B_Martensite_03.png,B_Martensite_3\99_B_Martensite_03.png,99_B_Martensite_03.png,99_B_Martensite_03,.png,256,256,RGB
D:\AI_Materials_Microscopy\data\raw\Dataset\B_Martensite_4\100_B_Martensite_04.png,B_Martensite_4\100_B_Martensite_04.png,100_B_Martensite_04.png,100_B_Martensite_04,.png,256,256,RGB
D:\AI_Materials_Microscopy\data\raw\Dataset\B_Martensite_4\101_B_Martensite_04.png,B_Martensite_4\101_B_Martensite_04.png,101_B_Martensite_04.png,101_B_Martensite_04,.png,256,256,RGB
D:\AI_Materials_Microscopy\data\raw\Dataset\B_Martensite_4\102_B_Martensite_04.png,B_Martensite_4\102_B_Martensite_04.png,102_B_Martensite_04.png,102_B_Martensite_04,.png,256,256,RGB
D:\AI_Materials_Microscopy\data\raw\Dataset\B_Martensite_4\103_B_Martensite_04.png,B_Martensite_4\103_B_Martensite_04.png,103_B_Martensite_04.png,103_B_Martensite_04,.png,256,256,RGB
D:\AI_Materials_Microscopy\data\raw\Dataset\B_Martensite_4\104_B_Martensite_04.png,B_Martensite_4\104_B_Martensite_04.png,104_B_Martensite_04.png,104_B_Martensite_04,.png,256,256,RGB
D:\AI_Materials_Microscopy\data\raw\Dataset\B_Martensite_4\105_B_Martensite_04.png,B_Martensite_4\105_B_Martensite_04.png,105_B_Martensite_04.png,105_B_Martensite_04,.png,256,256,RGB
D:\AI_Materials_Microscopy\data\raw\Dataset\B_Martensite_4\106_B_Martensite_04.png,B_Martensite_4\106_B_Martensite_04.png,106_B_Martensite_04.png,106_B_Martensite_04,.png,256,256,RGB
D:\AI_Materials_Microscopy\data\raw\Dataset\B_Martensite_4\107_B_Martensite_04.png,B_Martensite_4\107_B_Martensite_04.png,107_B_Martensite_04.png,107_B_Martensite_04,.png,256,256,RGB
D:\AI_Materials_Microscopy\data\raw\Dataset\B_Martensite_4\108_B_Martensite_04.png,B_Martensite_4\108_B_Martensite_04.png,108_B_Martensite_04.png,108_B_Martensite_04,.png,256,256,RGB
D:\AI_Materials_Microscopy\data\raw\Dataset\B_Martensite_4\109_B_Martensite_04.png,B_Martensite_4\109_B_Martensite_04.png,109_B_Martensite_04.png,109_B_Martensite_04,.png,256,256,RGB
D:\AI_Materials_Microscopy\data\raw\Dataset\B_Martensite_4\110_B_Martensite_04.png,B_Martensite_4\110_B_Martensite_04.png,110_B_Martensite_04.png,110_B_Martensite_04,.png,256,256,RGB
D:\AI_Materials_Microscopy\data\raw\Dataset\B_Martensite_4\111_B_Martensite_04.png,B_Martensite_4\111_B_Martensite_04.png,111_B_Martensite_04.png,111_B_Martensite_04,.png,256,256,RGB
D:\AI_Materials_Microscopy\data\raw\Dataset\B_Martensite_4\112_B_Martensite_04.png,B_Martensite_4\112_B_Martensite_04.png,112_B_Martensite_04.png,112_B_Martensite_04,.png,256,256,RGB
D:\AI_Materials_Microscopy\data\raw\Dataset\B_Martensite_4\113_B_Martensite_04.png,B_Martensite_4\113_B_Martensite_04.png,113_B_Martensite_04.png,113_B_Martensite_04,.png,256,256,RGB
D:\AI_Materials_Microscopy\data\raw\Dataset\B_Martensite_4\76_B_Martensite_04.png,B_Martensite_4\76_B_Martensite_04.png,76_B_Martensite_04.png,76_B_Martensite_04,.png,96,96,RGB
D:\AI_Materials_Microscopy\data\raw\Dataset\B_Martensite_4\77_B_Martensite_04.png,B_Martensite_4\77_B_Martensite_04.png,77_B_Martensite_04.png,77_B_Martensite_04,.png,96,96,RGB
D:\AI_Materials_Microscopy\data\raw\Dataset\B_Martensite_4\78_B_Martensite_04.png,B_Martensite_4\78_B_Martensite_04.png,78_B_Martensite_04.png,78_B_Martensite_04,.png,96,96,RGB
D:\AI_Materials_Microscopy\data\raw\Dataset\B_Martensite_4\79_B_Martensite_04.png,B_Martensite_4\79_B_Martensite_04.png,79_B_Martensite_04.png,79_B_Martensite_04,.png,96,96,RGB
D:\AI_Materials_Microscopy\data\raw\Dataset\B_Martensite_4\80_B_Martensite_04.png,B_Martensite_4\80_B_Martensite_04.png,80_B_Martensite_04.png,80_B_Martensite_04,.png,96,96,RGB
D:\AI_Materials_Microscopy\data\raw\Dataset\B_Martensite_4\81_B_Martensite_04.png,B_Martensite_4\81_B_Martensite_04.png,81_B_Martensite_04.png,81_B_Martensite_04,.png,96,96,RGB
D:\AI_Materials_Microscopy\data\raw\Dataset\B_Martensite_4\82_B_Martensite_04.png,B_Martensite_4\82_B_Martensite_04.png,82_B_Martensite_04.png,82_B_Martensite_04,.png,96,96,RGB
D:\AI_Materials_Microscopy\data\raw\Dataset\B_Martensite_4\83_B_Martensite_04.png,B_Martensite_4\83_B_Martensite_04.png,83_B_Martensite_04.png,83_B_Martensite_04,.png,96,96,RGB
D:\AI_Materials_Microscopy\data\raw\Dataset\B_Martensite_4\84_B_Martensite_04.png,B_Martensite_4\84_B_Martensite_04.png,84_B_Martensite_04.png,84_B_Martensite_04,.png,96,96,RGB
D:\AI_Materials_Microscopy\data\raw\Dataset\B_Martensite_4\85_B_Martensite_04.png,B_Martensite_4\85_B_Martensite_04.png,85_B_Martensite_04.png,85_B_Martensite_04,.png,96,96,RGB
D:\AI_Materials_Microscopy\data\raw\Dataset\B_Martensite_4\86_B_Martensite_04.png,B_Martensite_4\86_B_Martensite_04.png,86_B_Martensite_04.png,86_B_Martensite_04,.png,96,96,RGB
D:\AI_Materials_Microscopy\data\raw\Dataset\B_Martensite_4\87_B_Martensite_04.png,B_Martensite_4\87_B_Martensite_04.png,87_B_Martensite_04.png,87_B_Martensite_04,.png,96,96,RGB
D:\AI_Materials_Microscopy\data\raw\Dataset\B_Martensite_4\88_B_Martensite_04.png,B_Martensite_4\88_B_Martensite_04.png,88_B_Martensite_04.png,88_B_Martensite_04,.png,96,96,RGB
D:\AI_Materials_Microscopy\data\raw\Dataset\B_Martensite_4\89_B_Martensite_04.png,B_Martensite_4\89_B_Martensite_04.png,89_B_Martensite_04.png,89_B_Martensite_04,.png,96,96,RGB
D:\AI_Materials_Microscopy\data\raw\Dataset\B_Martensite_4\90_B_Martensite_04.png,B_Martensite_4\90_B_Martensite_04.png,90_B_Martensite_04.png,90_B_Martensite_04,.png,96,96,RGB
D:\AI_Materials_Microscopy\data\raw\Dataset\B_Martensite_4\91_B_Martensite_04.png,B_Martensite_4\91_B_Martensite_04.png,91_B_Martensite_04.png,91_B_Martensite_04,.png,96,96,RGB
D:\AI_Materials_Microscopy\data\raw\Dataset\B_Martensite_4\92_B_Martensite_04.png,B_Martensite_4\92_B_Martensite_04.png,92_B_Martensite_04.png,92_B_Martensite_04,.png,96,96,RGB
D:\AI_Materials_Microscopy\data\raw\Dataset\B_Martensite_4\93_B_Martensite_04.png,B_Martensite_4\93_B_Martensite_04.png,93_B_Martensite_04.png,93_B_Martensite_04,.png,96,96,RGB
D:\AI_Materials_Microscopy\data\raw\Dataset\B_Martensite_4\94_B_Martensite_04.png,B_Martensite_4\94_B_Martensite_04.png,94_B_Martensite_04.png,94_B_Martensite_04,.png,256,256,RGB
D:\AI_Materials_Microscopy\data\raw\Dataset\B_Martensite_4\95_B_Martensite_04.png,B_Martensite_4\95_B_Martensite_04.png,95_B_Martensite_04.png,95_B_Martensite_04,.png,256,256,RGB
D:\AI_Materials_Microscopy\data\raw\Dataset\B_Martensite_4\96_B_Martensite_04.png,B_Martensite_4\96_B_Martensite_04.png,96_B_Martensite_04.png,96_B_Martensite_04,.png,256,256,RGB
D:\AI_Materials_Microscopy\data\raw\Dataset\B_Martensite_4\97_B_Martensite_04.png,B_Martensite_4\97_B_Martensite_04.png,97_B_Martensite_04.png,97_B_Martensite_04,.png,256,256,RGB
D:\AI_Materials_Microscopy\data\raw\Dataset\B_Martensite_4\98_B_Martensite_04.png,B_Martensite_4\98_B_Martensite_04.png,98_B_Martensite_04.png,98_B_Martensite_04,.png,256,256,RGB
D:\AI_Materials_Microscopy\data\raw\Dataset\B_Martensite_4\99_B_Martensite_04.png,B_Martensite_4\99_B_Martensite_04.png,99_B_Martensite_04.png,99_B_Martensite_04,.png,256,256,RGB
D:\AI_Materials_Microscopy\data\raw\Dataset\B_Martensite_5\100_B_Martensite_05.png,B_Martensite_5\100_B_Martensite_05.png,100_B_Martensite_05.png,100_B_Martensite_05,.png,256,256,RGB
D:\AI_Materials_Microscopy\data\raw\Dataset\B_Martensite_5\101_B_Martensite_05.png,B_Martensite_5\101_B_Martensite_05.png,101_B_Martensite_05.png,101_B_Martensite_05,.png,256,256,RGB
D:\AI_Materials_Microscopy\data\raw\Dataset\B_Martensite_5\102_B_Martensite_05.png,B_Martensite_5\102_B_Martensite_05.png,102_B_Martensite_05.png,102_B_Martensite_05,.png,256,256,RGB
D:\AI_Materials_Microscopy\data\raw\Dataset\B_Martensite_5\103_B_Martensite_05.png,B_Martensite_5\103_B_Martensite_05.png,103_B_Martensite_05.png,103_B_Martensite_05,.png,256,256,RGB
D:\AI_Materials_Microscopy\data\raw\Dataset\B_Martensite_5\104_B_Martensite_05.png,B_Martensite_5\104_B_Martensite_05.png,104_B_Martensite_05.png,104_B_Martensite_05,.png,256,256,RGB
D:\AI_Materials_Microscopy\data\raw\Dataset\B_Martensite_5\105_B_Martensite_05.png,B_Martensite_5\105_B_Martensite_05.png,105_B_Martensite_05.png,105_B_Martensite_05,.png,256,256,RGB
D:\AI_Materials_Microscopy\data\raw\Dataset\B_Martensite_5\106_B_Martensite_05.png,B_Martensite_5\106_B_Martensite_05.png,106_B_Martensite_05.png,106_B_Martensite_05,.png,256,256,RGB
D:\AI_Materials_Microscopy\data\raw\Dataset\B_Martensite_5\107_B_Martensite_05.png,B_Martensite_5\107_B_Martensite_05.png,107_B_Martensite_05.png,107_B_Martensite_05,.png,256,256,RGB
D:\AI_Materials_Microscopy\data\raw\Dataset\B_Martensite_5\108_B_Martensite_05.png,B_Martensite_5\108_B_Martensite_05.png,108_B_Martensite_05.png,108_B_Martensite_05,.png,256,256,RGB
D:\AI_Materials_Microscopy\data\raw\Dataset\B_Martensite_5\109_B_Martensite_05.png,B_Martensite_5\109_B_Martensite_05.png,109_B_Martensite_05.png,109_B_Martensite_05,.png,256,256,RGB
D:\AI_Materials_Microscopy\data\raw\Dataset\B_Martensite_5\110_B_Martensite_05.png,B_Martensite_5\110_B_Martensite_05.png,110_B_Martensite_05.png,110_B_Martensite_05,.png,256,256,RGB
D:\AI_Materials_Microscopy\data\raw\Dataset\B_Martensite_5\111_B_Martensite_05.png,B_Martensite_5\111_B_Martensite_05.png,111_B_Martensite_05.png,111_B_Martensite_05,.png,256,256,RGB
D:\AI_Materials_Microscopy\data\raw\Dataset\B_Martensite_5\112_B_Martensite_05.png,B_Martensite_5\112_B_Martensite_05.png,112_B_Martensite_05.png,112_B_Martensite_05,.png,256,256,RGB
D:\AI_Materials_Microscopy\data\raw\Dataset\B_Martensite_5\113_B_Martensite_05.png,B_Martensite_5\113_B_Martensite_05.png,113_B_Martensite_05.png,113_B_Martensite_05,.png,256,256,RGB
D:\AI_Materials_Microscopy\data\raw\Dataset\B_Martensite_5\76_B_Martensite_05.png,B_Martensite_5\76_B_Martensite_05.png,76_B_Martensite_05.png,76_B_Martensite_05,.png,96,96,RGB
D:\AI_Materials_Microscopy\data\raw\Dataset\B_Martensite_5\77_B_Martensite_05.png,B_Martensite_5\77_B_Martensite_05.png,77_B_Martensite_05.png,77_B_Martensite_05,.png,96,96,RGB
D:\AI_Materials_Microscopy\data\raw\Dataset\B_Martensite_5\78_B_Martensite_05.png,B_Martensite_5\78_B_Martensite_05.png,78_B_Martensite_05.png,78_B_Martensite_05,.png,96,96,RGB
D:\AI_Materials_Microscopy\data\raw\Dataset\B_Martensite_5\79_B_Martensite_05.png,B_Martensite_5\79_B_Martensite_05.png,79_B_Martensite_05.png,79_B_Martensite_05,.png,96,96,RGB
D:\AI_Materials_Microscopy\data\raw\Dataset\B_Martensite_5\80_B_Martensite_05.png,B_Martensite_5\80_B_Martensite_05.png,80_B_Martensite_05.png,80_B_Martensite_05,.png,96,96,RGB
D:\AI_Materials_Microscopy\data\raw\Dataset\B_Martensite_5\81_B_Martensite_05.png,B_Martensite_5\81_B_Martensite_05.png,81_B_Martensite_05.png,81_B_Martensite_05,.png,96,96,RGB
D:\AI_Materials_Microscopy\data\raw\Dataset\B_Martensite_5\82_B_Martensite_05.png,B_Martensite_5\82_B_Martensite_05.png,82_B_Martensite_05.png,82_B_Martensite_05,.png,96,96,RGB
D:\AI_Materials_Microscopy\data\raw\Dataset\B_Martensite_5\83_B_Martensite_05.png,B_Martensite_5\83_B_Martensite_05.png,83_B_Martensite_05.png,83_B_Martensite_05,.png,96,96,RGB
D:\AI_Materials_Microscopy\data\raw\Dataset\B_Martensite_5\84_B_Martensite_05.png,B_Martensite_5\84_B_Martensite_05.png,84_B_Martensite_05.png,84_B_Martensite_05,.png,96,96,RGB
D:\AI_Materials_Microscopy\data\raw\Dataset\B_Martensite_5\85_B_Martensite_05.png,B_Martensite_5\85_B_Martensite_05.png,85_B_Martensite_05.png,85_B_Martensite_05,.png,96,96,RGB
D:\AI_Materials_Microscopy\data\raw\Dataset\B_Martensite_5\86_B_Martensite_05.png,B_Martensite_5\86_B_Martensite_05.png,86_B_Martensite_05.png,86_B_Martensite_05,.png,96,96,RGB
D:\AI_Materials_Microscopy\data\raw\Dataset\B_Martensite_5\87_B_Martensite_05.png,B_Martensite_5\87_B_Martensite_05.png,87_B_Martensite_05.png,87_B_Martensite_05,.png,96,96,RGB
D:\AI_Materials_Microscopy\data\raw\Dataset\B_Martensite_5\88_B_Martensite_05.png,B_Martensite_5\88_B_Martensite_05.png,88_B_Martensite_05.png,88_B_Martensite_05,.png,96,96,RGB
D:\AI_Materials_Microscopy\data\raw\Dataset\B_Martensite_5\89_B_Martensite_05.png,B_Martensite_5\89_B_Martensite_05.png,89_B_Martensite_05.png,89_B_Martensite_05,.png,96,96,RGB
D:\AI_Materials_Microscopy\data\raw\Dataset\B_Martensite_5\90_B_Martensite_05.png,B_Martensite_5\90_B_Martensite_05.png,90_B_Martensite_05.png,90_B_Martensite_05,.png,96,96,RGB
D:\AI_Materials_Microscopy\data\raw\Dataset\B_Martensite_5\91_B_Martensite_05.png,B_Martensite_5\91_B_Martensite_05.png,91_B_Martensite_05.png,91_B_Martensite_05,.png,96,96,RGB
D:\AI_Materials_Microscopy\data\raw\Dataset\B_Martensite_5\92_B_Martensite_05.png,B_Martensite_5\92_B_Martensite_05.png,92_B_Martensite_05.png,92_B_Martensite_05,.png,96,96,RGB
D:\AI_Materials_Microscopy\data\raw\Dataset\B_Martensite_5\93_B_Martensite_05.png,B_Martensite_5\93_B_Martensite_05.png,93_B_Martensite_05.png,93_B_Martensite_05,.png,96,96,RGB
D:\AI_Materials_Microscopy\data\raw\Dataset\B_Martensite_5\94_B_Martensite_05.png,B_Martensite_5\94_B_Martensite_05.png,94_B_Martensite_05.png,94_B_Martensite_05,.png,256,256,RGB
D:\AI_Materials_Microscopy\data\raw\Dataset\B_Martensite_5\95_B_Martensite_05.png,B_Martensite_5\95_B_Martensite_05.png,95_B_Martensite_05.png,95_B_Martensite_05,.png,256,256,RGB
D:\AI_Materials_Microscopy\data\raw\Dataset\B_Martensite_5\96_B_Martensite_05.png,B_Martensite_5\96_B_Martensite_05.png,96_B_Martensite_05.png,96_B_Martensite_05,.png,256,256,RGB
D:\AI_Materials_Microscopy\data\raw\Dataset\B_Martensite_5\97_B_Martensite_05.png,B_Martensite_5\97_B_Martensite_05.png,97_B_Martensite_05.png,97_B_Martensite_05,.png,256,256,RGB
D:\AI_Materials_Microscopy\data\raw\Dataset\B_Martensite_5\98_B_Martensite_05.png,B_Martensite_5\98_B_Martensite_05.png,98_B_Martensite_05.png,98_B_Martensite_05,.png,256,256,RGB
D:\AI_Materials_Microscopy\data\raw\Dataset\B_Martensite_5\99_B_Martensite_05.png,B_Martensite_5\99_B_Martensite_05.png,99_B_Martensite_05.png,99_B_Martensite_05,.png,256,256,RGB
D:\AI_Materials_Microscopy\data\raw\Dataset\C_Martensite_1\114_C_Martensite_01.png,C_Martensite_1\114_C_Martensite_01.png,114_C_Martensite_01.png,114_C_Martensite_01,.png,96,96,RGB
D:\AI_Materials_Microscopy\data\raw\Dataset\C_Martensite_1\115_C_Martensite_01.png,C_Martensite_1\115_C_Martensite_01.png,115_C_Martensite_01.png,115_C_Martensite_01,.png,96,96,RGB
D:\AI_Materials_Microscopy\data\raw\Dataset\C_Martensite_1\116_C_Martensite_01.png,C_Martensite_1\116_C_Martensite_01.png,116_C_Martensite_01.png,116_C_Martensite_01,.png,96,96,RGB
D:\AI_Materials_Microscopy\data\raw\Dataset\C_Martensite_1\117_C_Martensite_01.png,C_Martensite_1\117_C_Martensite_01.png,117_C_Martensite_01.png,117_C_Martensite_01,.png,96,96,RGB
D:\AI_Materials_Microscopy\data\raw\Dataset\C_Martensite_1\118_C_Martensite_01.png,C_Martensite_1\118_C_Martensite_01.png,118_C_Martensite_01.png,118_C_Martensite_01,.png,96,96,RGB
D:\AI_Materials_Microscopy\data\raw\Dataset\C_Martensite_1\119_C_Martensite_01.png,C_Martensite_1\119_C_Martensite_01.png,119_C_Martensite_01.png,119_C_Martensite_01,.png,96,96,RGB
D:\AI_Materials_Microscopy\data\raw\Dataset\C_Martensite_1\120_C_Martensite_01.png,C_Martensite_1\120_C_Martensite_01.png,120_C_Martensite_01.png,120_C_Martensite_01,.png,96,96,RGB
D:\AI_Materials_Microscopy\data\raw\Dataset\C_Martensite_1\121_C_Martensite_01.png,C_Martensite_1\121_C_Martensite_01.png,121_C_Martensite_01.png,121_C_Martensite_01,.png,96,96,RGB
D:\AI_Materials_Microscopy\data\raw\Dataset\C_Martensite_1\122_C_Martensite_01.png,C_Martensite_1\122_C_Martensite_01.png,122_C_Martensite_01.png,122_C_Martensite_01,.png,96,96,RGB
D:\AI_Materials_Microscopy\data\raw\Dataset\C_Martensite_1\123_C_Martensite_01.png,C_Martensite_1\123_C_Martensite_01.png,123_C_Martensite_01.png,123_C_Martensite_01,.png,96,96,RGB
D:\AI_Materials_Microscopy\data\raw\Dataset\C_Martensite_1\124_C_Martensite_01.png,C_Martensite_1\124_C_Martensite_01.png,124_C_Martensite_01.png,124_C_Martensite_01,.png,96,96,RGB
D:\AI_Materials_Microscopy\data\raw\Dataset\C_Martensite_1\125_C_Martensite_01.png,C_Martensite_1\125_C_Martensite_01.png,125_C_Martensite_01.png,125_C_Martensite_01,.png,96,96,RGB
D:\AI_Materials_Microscopy\data\raw\Dataset\C_Martensite_1\126_C_Martensite_01.png,C_Martensite_1\126_C_Martensite_01.png,126_C_Martensite_01.png,126_C_Martensite_01,.png,96,96,RGB
D:\AI_Materials_Microscopy\data\raw\Dataset\C_Martensite_1\127_C_Martensite_01.png,C_Martensite_1\127_C_Martensite_01.png,127_C_Martensite_01.png,127_C_Martensite_01,.png,96,96,RGB
D:\AI_Materials_Microscopy\data\raw\Dataset\C_Martensite_1\128_C_Martensite_01.png,C_Martensite_1\128_C_Martensite_01.png,128_C_Martensite_01.png,128_C_Martensite_01,.png,96,96,RGB
D:\AI_Materials_Microscopy\data\raw\Dataset\C_Martensite_1\129_C_Martensite_01.png,C_Martensite_1\129_C_Martensite_01.png,129_C_Martensite_01.png,129_C_Martensite_01,.png,96,96,RGB
D:\AI_Materials_Microscopy\data\raw\Dataset\C_Martensite_1\130_C_Martensite_01.png,C_Martensite_1\130_C_Martensite_01.png,130_C_Martensite_01.png,130_C_Martensite_01,.png,96,96,RGB
D:\AI_Materials_Microscopy\data\raw\Dataset\C_Martensite_1\131_C_Martensite_01.png,C_Martensite_1\131_C_Martensite_01.png,131_C_Martensite_01.png,131_C_Martensite_01,.png,96,96,RGB
D:\AI_Materials_Microscopy\data\raw\Dataset\C_Martensite_1\132_C_Martensite_01.png,C_Martensite_1\132_C_Martensite_01.png,132_C_Martensite_01.png,132_C_Martensite_01,.png,256,256,RGB
D:\AI_Materials_Microscopy\data\raw\Dataset\C_Martensite_1\133_C_Martensite_01.png,C_Martensite_1\133_C_Martensite_01.png,133_C_Martensite_01.png,133_C_Martensite_01,.png,256,256,RGB
D:\AI_Materials_Microscopy\data\raw\Dataset\C_Martensite_1\134_C_Martensite_01.png,C_Martensite_1\134_C_Martensite_01.png,134_C_Martensite_01.png,134_C_Martensite_01,.png,256,256,RGB
D:\AI_Materials_Microscopy\data\raw\Dataset\C_Martensite_1\135_C_Martensite_01.png,C_Martensite_1\135_C_Martensite_01.png,135_C_Martensite_01.png,135_C_Martensite_01,.png,256,256,RGB
D:\AI_Materials_Microscopy\data\raw\Dataset\C_Martensite_1\136_C_Martensite_01.png,C_Martensite_1\136_C_Martensite_01.png,136_C_Martensite_01.png,136_C_Martensite_01,.png,256,256,RGB
D:\AI_Materials_Microscopy\data\raw\Dataset\C_Martensite_1\137_C_Martensite_01.png,C_Martensite_1\137_C_Martensite_01.png,137_C_Martensite_01.png,137_C_Martensite_01,.png,256,256,RGB
D:\AI_Materials_Microscopy\data\raw\Dataset\C_Martensite_1\138_C_Martensite_01.png,C_Martensite_1\138_C_Martensite_01.png,138_C_Martensite_01.png,138_C_Martensite_01,.png,256,256,RGB
D:\AI_Materials_Microscopy\data\raw\Dataset\C_Martensite_1\139_C_Martensite_01.png,C_Martensite_1\139_C_Martensite_01.png,139_C_Martensite_01.png,139_C_Martensite_01,.png,256,256,RGB
D:\AI_Materials_Microscopy\data\raw\Dataset\C_Martensite_1\140_C_Martensite_01.png,C_Martensite_1\140_C_Martensite_01.png,140_C_Martensite_01.png,140_C_Martensite_01,.png,256,256,RGB
D:\AI_Materials_Microscopy\data\raw\Dataset\C_Martensite_1\141_C_Martensite_01.png,C_Martensite_1\141_C_Martensite_01.png,141_C_Martensite_01.png,141_C_Martensite_01,.png,256,256,RGB
D:\AI_Materials_Microscopy\data\raw\Dataset\C_Martensite_1\142_C_Martensite_01.png,C_Martensite_1\142_C_Martensite_01.png,142_C_Martensite_01.png,142_C_Martensite_01,.png,256,256,RGB
D:\AI_Materials_Microscopy\data\raw\Dataset\C_Martensite_1\143_C_Martensite_01.png,C_Martensite_1\143_C_Martensite_01.png,143_C_Martensite_01.png,143_C_Martensite_01,.png,256,256,RGB
D:\AI_Materials_Microscopy\data\raw\Dataset\C_Martensite_1\144_C_Martensite_01.png,C_Martensite_1\144_C_Martensite_01.png,144_C_Martensite_01.png,144_C_Martensite_01,.png,256,256,RGB
D:\AI_Materials_Microscopy\data\raw\Dataset\C_Martensite_1\145_C_Martensite_01.png,C_Martensite_1\145_C_Martensite_01.png,145_C_Martensite_01.png,145_C_Martensite_01,.png,256,256,RGB
D:\AI_Materials_Microscopy\data\raw\Dataset\C_Martensite_1\146_C_Martensite_01.png,C_Martensite_1\146_C_Martensite_01.png,146_C_Martensite_01.png,146_C_Martensite_01,.png,256,256,RGB
D:\AI_Materials_Microscopy\data\raw\Dataset\C_Martensite_1\147_C_Martensite_01.png,C_Martensite_1\147_C_Martensite_01.png,147_C_Martensite_01.png,147_C_Martensite_01,.png,256,256,RGB
D:\AI_Materials_Microscopy\data\raw\Dataset\C_Martensite_1\148_C_Martensite_01.png,C_Martensite_1\148_C_Martensite_01.png,148_C_Martensite_01.png,148_C_Martensite_01,.png,256,256,RGB
D:\AI_Materials_Microscopy\data\raw\Dataset\C_Martensite_1\149_C_Martensite_01.png,C_Martensite_1\149_C_Martensite_01.png,149_C_Martensite_01.png,149_C_Martensite_01,.png,256,256,RGB
D:\AI_Materials_Microscopy\data\raw\Dataset\C_Martensite_1\150_C_Martensite_01.png,C_Martensite_1\150_C_Martensite_01.png,150_C_Martensite_01.png,150_C_Martensite_01,.png,256,256,RGB
D:\AI_Materials_Microscopy\data\raw\Dataset\C_Martensite_1\151_C_Martensite_01.png,C_Martensite_1\151_C_Martensite_01.png,151_C_Martensite_01.png,151_C_Martensite_01,.png,256,256,RGB
D:\AI_Materials_Microscopy\data\raw\Dataset\C_Martensite_10\114_C_Martensite_10.png,C_Martensite_10\114_C_Martensite_10.png,114_C_Martensite_10.png,114_C_Martensite_10,.png,96,96,RGB
D:\AI_Materials_Microscopy\data\raw\Dataset\C_Martensite_10\115_C_Martensite_10.png,C_Martensite_10\115_C_Martensite_10.png,115_C_Martensite_10.png,115_C_Martensite_10,.png,96,96,RGB
D:\AI_Materials_Microscopy\data\raw\Dataset\C_Martensite_10\116_C_Martensite_10.png,C_Martensite_10\116_C_Martensite_10.png,116_C_Martensite_10.png,116_C_Martensite_10,.png,96,96,RGB
D:\AI_Materials_Microscopy\data\raw\Dataset\C_Martensite_10\117_C_Martensite_10.png,C_Martensite_10\117_C_Martensite_10.png,117_C_Martensite_10.png,117_C_Martensite_10,.png,96,96,RGB
D:\AI_Materials_Microscopy\data\raw\Dataset\C_Martensite_10\118_C_Martensite_10.png,C_Martensite_10\118_C_Martensite_10.png,118_C_Martensite_10.png,118_C_Martensite_10,.png,96,96,RGB
D:\AI_Materials_Microscopy\data\raw\Dataset\C_Martensite_10\119_C_Martensite_10.png,C_Martensite_10\119_C_Martensite_10.png,119_C_Martensite_10.png,119_C_Martensite_10,.png,96,96,RGB
D:\AI_Materials_Microscopy\data\raw\Dataset\C_Martensite_10\120_C_Martensite_10.png,C_Martensite_10\120_C_Martensite_10.png,120_C_Martensite_10.png,120_C_Martensite_10,.png,96,96,RGB
D:\AI_Materials_Microscopy\data\raw\Dataset\C_Martensite_10\121_C_Martensite_10.png,C_Martensite_10\121_C_Martensite_10.png,121_C_Martensite_10.png,121_C_Martensite_10,.png,96,96,RGB
D:\AI_Materials_Microscopy\data\raw\Dataset\C_Martensite_10\122_C_Martensite_10.png,C_Martensite_10\122_C_Martensite_10.png,122_C_Martensite_10.png,122_C_Martensite_10,.png,96,96,RGB
D:\AI_Materials_Microscopy\data\raw\Dataset\C_Martensite_10\123_C_Martensite_10.png,C_Martensite_10\123_C_Martensite_10.png,123_C_Martensite_10.png,123_C_Martensite_10,.png,96,96,RGB
D:\AI_Materials_Microscopy\data\raw\Dataset\C_Martensite_10\124_C_Martensite_10.png,C_Martensite_10\124_C_Martensite_10.png,124_C_Martensite_10.png,124_C_Martensite_10,.png,96,96,RGB
D:\AI_Materials_Microscopy\data\raw\Dataset\C_Martensite_10\125_C_Martensite_10.png,C_Martensite_10\125_C_Martensite_10.png,125_C_Martensite_10.png,125_C_Martensite_10,.png,96,96,RGB
D:\AI_Materials_Microscopy\data\raw\Dataset\C_Martensite_10\126_C_Martensite_10.png,C_Martensite_10\126_C_Martensite_10.png,126_C_Martensite_10.png,126_C_Martensite_10,.png,96,96,RGB
D:\AI_Materials_Microscopy\data\raw\Dataset\C_Martensite_10\127_C_Martensite_10.png,C_Martensite_10\127_C_Martensite_10.png,127_C_Martensite_10.png,127_C_Martensite_10,.png,96,96,RGB
D:\AI_Materials_Microscopy\data\raw\Dataset\C_Martensite_10\128_C_Martensite_10.png,C_Martensite_10\128_C_Martensite_10.png,128_C_Martensite_10.png,128_C_Martensite_10,.png,96,96,RGB
D:\AI_Materials_Microscopy\data\raw\Dataset\C_Martensite_10\129_C_Martensite_10.png,C_Martensite_10\129_C_Martensite_10.png,129_C_Martensite_10.png,129_C_Martensite_10,.png,96,96,RGB
D:\AI_Materials_Microscopy\data\raw\Dataset\C_Martensite_10\130_C_Martensite_10.png,C_Martensite_10\130_C_Martensite_10.png,130_C_Martensite_10.png,130_C_Martensite_10,.png,96,96,RGB
D:\AI_Materials_Microscopy\data\raw\Dataset\C_Martensite_10\131_C_Martensite_10.png,C_Martensite_10\131_C_Martensite_10.png,131_C_Martensite_10.png,131_C_Martensite_10,.png,96,96,RGB
D:\AI_Materials_Microscopy\data\raw\Dataset\C_Martensite_10\132_C_Martensite_10.png,C_Martensite_10\132_C_Martensite_10.png,132_C_Martensite_10.png,132_C_Martensite_10,.png,256,256,RGB
D:\AI_Materials_Microscopy\data\raw\Dataset\C_Martensite_10\133_C_Martensite_10.png,C_Martensite_10\133_C_Martensite_10.png,133_C_Martensite_10.png,133_C_Martensite_10,.png,256,256,RGB
D:\AI_Materials_Microscopy\data\raw\Dataset\C_Martensite_10\134_C_Martensite_10.png,C_Martensite_10\134_C_Martensite_10.png,134_C_Martensite_10.png,134_C_Martensite_10,.png,256,256,RGB
D:\AI_Materials_Microscopy\data\raw\Dataset\C_Martensite_10\135_C_Martensite_10.png,C_Martensite_10\135_C_Martensite_10.png,135_C_Martensite_10.png,135_C_Martensite_10,.png,256,256,RGB
D:\AI_Materials_Microscopy\data\raw\Dataset\C_Martensite_10\136_C_Martensite_10.png,C_Martensite_10\136_C_Martensite_10.png,136_C_Martensite_10.png,136_C_Martensite_10,.png,256,256,RGB
D:\AI_Materials_Microscopy\data\raw\Dataset\C_Martensite_10\137_C_Martensite_10.png,C_Martensite_10\137_C_Martensite_10.png,137_C_Martensite_10.png,137_C_Martensite_10,.png,256,256,RGB
D:\AI_Materials_Microscopy\data\raw\Dataset\C_Martensite_10\138_C_Martensite_10.png,C_Martensite_10\138_C_Martensite_10.png,138_C_Martensite_10.png,138_C_Martensite_10,.png,256,256,RGB
D:\AI_Materials_Microscopy\data\raw\Dataset\C_Martensite_10\139_C_Martensite_10.png,C_Martensite_10\139_C_Martensite_10.png,139_C_Martensite_10.png,139_C_Martensite_10,.png,256,256,RGB
D:\AI_Materials_Microscopy\data\raw\Dataset\C_Martensite_10\140_C_Martensite_10.png,C_Martensite_10\140_C_Martensite_10.png,140_C_Martensite_10.png,140_C_Martensite_10,.png,256,256,RGB
D:\AI_Materials_Microscopy\data\raw\Dataset\C_Martensite_10\141_C_Martensite_10.png,C_Martensite_10\141_C_Martensite_10.png,141_C_Martensite_10.png,141_C_Martensite_10,.png,256,256,RGB
D:\AI_Materials_Microscopy\data\raw\Dataset\C_Martensite_10\142_C_Martensite_10.png,C_Martensite_10\142_C_Martensite_10.png,142_C_Martensite_10.png,142_C_Martensite_10,.png,256,256,RGB
D:\AI_Materials_Microscopy\data\raw\Dataset\C_Martensite_10\143_C_Martensite_10.png,C_Martensite_10\143_C_Martensite_10.png,143_C_Martensite_10.png,143_C_Martensite_10,.png,256,256,RGB
D:\AI_Materials_Microscopy\data\raw\Dataset\C_Martensite_10\144_C_Martensite_10.png,C_Martensite_10\144_C_Martensite_10.png,144_C_Martensite_10.png,144_C_Martensite_10,.png,256,256,RGB
D:\AI_Materials_Microscopy\data\raw\Dataset\C_Martensite_10\145_C_Martensite_10.png,C_Martensite_10\145_C_Martensite_10.png,145_C_Martensite_10.png,145_C_Martensite_10,.png,256,256,RGB
D:\AI_Materials_Microscopy\data\raw\Dataset\C_Martensite_10\146_C_Martensite_10.png,C_Martensite_10\146_C_Martensite_10.png,146_C_Martensite_10.png,146_C_Martensite_10,.png,256,256,RGB
D:\AI_Materials_Microscopy\data\raw\Dataset\C_Martensite_10\147_C_Martensite_10.png,C_Martensite_10\147_C_Martensite_10.png,147_C_Martensite_10.png,147_C_Martensite_10,.png,256,256,RGB
D:\AI_Materials_Microscopy\data\raw\Dataset\C_Martensite_10\148_C_Martensite_10.png,C_Martensite_10\148_C_Martensite_10.png,148_C_Martensite_10.png,148_C_Martensite_10,.png,256,256,RGB
D:\AI_Materials_Microscopy\data\raw\Dataset\C_Martensite_10\149_C_Martensite_10.png,C_Martensite_10\149_C_Martensite_10.png,149_C_Martensite_10.png,149_C_Martensite_10,.png,256,256,RGB
D:\AI_Materials_Microscopy\data\raw\Dataset\C_Martensite_10\150_C_Martensite_10.png,C_Martensite_10\150_C_Martensite_10.png,150_C_Martensite_10.png,150_C_Martensite_10,.png,256,256,RGB
D:\AI_Materials_Microscopy\data\raw\Dataset\C_Martensite_10\151_C_Martensite_10.png,C_Martensite_10\151_C_Martensite_10.png,151_C_Martensite_10.png,151_C_Martensite_10,.png,256,256,RGB
D:\AI_Materials_Microscopy\data\raw\Dataset\C_Martensite_11\114_C_Martensite_11.png,C_Martensite_11\114_C_Martensite_11.png,114_C_Martensite_11.png,114_C_Martensite_11,.png,96,96,RGB
D:\AI_Materials_Microscopy\data\raw\Dataset\C_Martensite_11\115_C_Martensite_11.png,C_Martensite_11\115_C_Martensite_11.png,115_C_Martensite_11.png,115_C_Martensite_11,.png,96,96,RGB
D:\AI_Materials_Microscopy\data\raw\Dataset\C_Martensite_11\116_C_Martensite_11.png,C_Martensite_11\116_C_Martensite_11.png,116_C_Martensite_11.png,116_C_Martensite_11,.png,96,96,RGB
D:\AI_Materials_Microscopy\data\raw\Dataset\C_Martensite_11\117_C_Martensite_11.png,C_Martensite_11\117_C_Martensite_11.png,117_C_Martensite_11.png,117_C_Martensite_11,.png,96,96,RGB
D:\AI_Materials_Microscopy\data\raw\Dataset\C_Martensite_11\118_C_Martensite_11.png,C_Martensite_11\118_C_Martensite_11.png,118_C_Martensite_11.png,118_C_Martensite_11,.png,96,96,RGB
D:\AI_Materials_Microscopy\data\raw\Dataset\C_Martensite_11\119_C_Martensite_11.png,C_Martensite_11\119_C_Martensite_11.png,119_C_Martensite_11.png,119_C_Martensite_11,.png,96,96,RGB
D:\AI_Materials_Microscopy\data\raw\Dataset\C_Martensite_11\120_C_Martensite_11.png,C_Martensite_11\120_C_Martensite_11.png,120_C_Martensite_11.png,120_C_Martensite_11,.png,96,96,RGB
D:\AI_Materials_Microscopy\data\raw\Dataset\C_Martensite_11\121_C_Martensite_11.png,C_Martensite_11\121_C_Martensite_11.png,121_C_Martensite_11.png,121_C_Martensite_11,.png,96,96,RGB
D:\AI_Materials_Microscopy\data\raw\Dataset\C_Martensite_11\122_C_Martensite_11.png,C_Martensite_11\122_C_Martensite_11.png,122_C_Martensite_11.png,122_C_Martensite_11,.png,96,96,RGB
D:\AI_Materials_Microscopy\data\raw\Dataset\C_Martensite_11\123_C_Martensite_11.png,C_Martensite_11\123_C_Martensite_11.png,123_C_Martensite_11.png,123_C_Martensite_11,.png,96,96,RGB
D:\AI_Materials_Microscopy\data\raw\Dataset\C_Martensite_11\124_C_Martensite_11.png,C_Martensite_11\124_C_Martensite_11.png,124_C_Martensite_11.png,124_C_Martensite_11,.png,96,96,RGB
D:\AI_Materials_Microscopy\data\raw\Dataset\C_Martensite_11\125_C_Martensite_11.png,C_Martensite_11\125_C_Martensite_11.png,125_C_Martensite_11.png,125_C_Martensite_11,.png,96,96,RGB
D:\AI_Materials_Microscopy\data\raw\Dataset\C_Martensite_11\126_C_Martensite_11.png,C_Martensite_11\126_C_Martensite_11.png,126_C_Martensite_11.png,126_C_Martensite_11,.png,96,96,RGB
D:\AI_Materials_Microscopy\data\raw\Dataset\C_Martensite_11\127_C_Martensite_11.png,C_Martensite_11\127_C_Martensite_11.png,127_C_Martensite_11.png,127_C_Martensite_11,.png,96,96,RGB
D:\AI_Materials_Microscopy\data\raw\Dataset\C_Martensite_11\128_C_Martensite_11.png,C_Martensite_11\128_C_Martensite_11.png,128_C_Martensite_11.png,128_C_Martensite_11,.png,96,96,RGB
D:\AI_Materials_Microscopy\data\raw\Dataset\C_Martensite_11\129_C_Martensite_11.png,C_Martensite_11\129_C_Martensite_11.png,129_C_Martensite_11.png,129_C_Martensite_11,.png,96,96,RGB
D:\AI_Materials_Microscopy\data\raw\Dataset\C_Martensite_11\130_C_Martensite_11.png,C_Martensite_11\130_C_Martensite_11.png,130_C_Martensite_11.png,130_C_Martensite_11,.png,96,96,RGB
D:\AI_Materials_Microscopy\data\raw\Dataset\C_Martensite_11\131_C_Martensite_11.png,C_Martensite_11\131_C_Martensite_11.png,131_C_Martensite_11.png,131_C_Martensite_11,.png,96,96,RGB
D:\AI_Materials_Microscopy\data\raw\Dataset\C_Martensite_11\132_C_Martensite_11.png,C_Martensite_11\132_C_Martensite_11.png,132_C_Martensite_11.png,132_C_Martensite_11,.png,256,256,RGB
D:\AI_Materials_Microscopy\data\raw\Dataset\C_Martensite_11\133_C_Martensite_11.png,C_Martensite_11\133_C_Martensite_11.png,133_C_Martensite_11.png,133_C_Martensite_11,.png,256,256,RGB
D:\AI_Materials_Microscopy\data\raw\Dataset\C_Martensite_11\134_C_Martensite_11.png,C_Martensite_11\134_C_Martensite_11.png,134_C_Martensite_11.png,134_C_Martensite_11,.png,256,256,RGB
D:\AI_Materials_Microscopy\data\raw\Dataset\C_Martensite_11\135_C_Martensite_11.png,C_Martensite_11\135_C_Martensite_11.png,135_C_Martensite_11.png,135_C_Martensite_11,.png,256,256,RGB
D:\AI_Materials_Microscopy\data\raw\Dataset\C_Martensite_11\136_C_Martensite_11.png,C_Martensite_11\136_C_Martensite_11.png,136_C_Martensite_11.png,136_C_Martensite_11,.png,256,256,RGB
D:\AI_Materials_Microscopy\data\raw\Dataset\C_Martensite_11\137_C_Martensite_11.png,C_Martensite_11\137_C_Martensite_11.png,137_C_Martensite_11.png,137_C_Martensite_11,.png,256,256,RGB
D:\AI_Materials_Microscopy\data\raw\Dataset\C_Martensite_11\138_C_Martensite_11.png,C_Martensite_11\138_C_Martensite_11.png,138_C_Martensite_11.png,138_C_Martensite_11,.png,256,256,RGB
D:\AI_Materials_Microscopy\data\raw\Dataset\C_Martensite_11\139_C_Martensite_11.png,C_Martensite_11\139_C_Martensite_11.png,139_C_Martensite_11.png,139_C_Martensite_11,.png,256,256,RGB
D:\AI_Materials_Microscopy\data\raw\Dataset\C_Martensite_11\140_C_Martensite_11.png,C_Martensite_11\140_C_Martensite_11.png,140_C_Martensite_11.png,140_C_Martensite_11,.png,256,256,RGB
D:\AI_Materials_Microscopy\data\raw\Dataset\C_Martensite_11\141_C_Martensite_11.png,C_Martensite_11\141_C_Martensite_11.png,141_C_Martensite_11.png,141_C_Martensite_11,.png,256,256,RGB
D:\AI_Materials_Microscopy\data\raw\Dataset\C_Martensite_11\142_C_Martensite_11.png,C_Martensite_11\142_C_Martensite_11.png,142_C_Martensite_11.png,142_C_Martensite_11,.png,256,256,RGB
D:\AI_Materials_Microscopy\data\raw\Dataset\C_Martensite_11\143_C_Martensite_11.png,C_Martensite_11\143_C_Martensite_11.png,143_C_Martensite_11.png,143_C_Martensite_11,.png,256,256,RGB
D:\AI_Materials_Microscopy\data\raw\Dataset\C_Martensite_11\144_C_Martensite_11.png,C_Martensite_11\144_C_Martensite_11.png,144_C_Martensite_11.png,144_C_Martensite_11,.png,256,256,RGB
D:\AI_Materials_Microscopy\data\raw\Dataset\C_Martensite_11\145_C_Martensite_11.png,C_Martensite_11\145_C_Martensite_11.png,145_C_Martensite_11.png,145_C_Martensite_11,.png,256,256,RGB
D:\AI_Materials_Microscopy\data\raw\Dataset\C_Martensite_11\146_C_Martensite_11.png,C_Martensite_11\146_C_Martensite_11.png,146_C_Martensite_11.png,146_C_Martensite_11,.png,256,256,RGB
D:\AI_Materials_Microscopy\data\raw\Dataset\C_Martensite_11\147_C_Martensite_11.png,C_Martensite_11\147_C_Martensite_11.png,147_C_Martensite_11.png,147_C_Martensite_11,.png,256,256,RGB
D:\AI_Materials_Microscopy\data\raw\Dataset\C_Martensite_11\148_C_Martensite_11.png,C_Martensite_11\148_C_Martensite_11.png,148_C_Martensite_11.png,148_C_Martensite_11,.png,256,256,RGB
D:\AI_Materials_Microscopy\data\raw\Dataset\C_Martensite_11\149_C_Martensite_11.png,C_Martensite_11\149_C_Martensite_11.png,149_C_Martensite_11.png,149_C_Martensite_11,.png,256,256,RGB
D:\AI_Materials_Microscopy\data\raw\Dataset\C_Martensite_11\150_C_Martensite_11.png,C_Martensite_11\150_C_Martensite_11.png,150_C_Martensite_11.png,150_C_Martensite_11,.png,256,256,RGB
D:\AI_Materials_Microscopy\data\raw\Dataset\C_Martensite_11\151_C_Martensite_11.png,C_Martensite_11\151_C_Martensite_11.png,151_C_Martensite_11.png,151_C_Martensite_11,.png,256,256,RGB
D:\AI_Materials_Microscopy\data\raw\Dataset\C_Martensite_12\114_C_Martensite_12.png,C_Martensite_12\114_C_Martensite_12.png,114_C_Martensite_12.png,114_C_Martensite_12,.png,96,96,RGB
D:\AI_Materials_Microscopy\data\raw\Dataset\C_Martensite_12\115_C_Martensite_12.png,C_Martensite_12\115_C_Martensite_12.png,115_C_Martensite_12.png,115_C_Martensite_12,.png,96,96,RGB
D:\AI_Materials_Microscopy\data\raw\Dataset\C_Martensite_12\116_C_Martensite_12.png,C_Martensite_12\116_C_Martensite_12.png,116_C_Martensite_12.png,116_C_Martensite_12,.png,96,96,RGB
D:\AI_Materials_Microscopy\data\raw\Dataset\C_Martensite_12\117_C_Martensite_12.png,C_Martensite_12\117_C_Martensite_12.png,117_C_Martensite_12.png,117_C_Martensite_12,.png,96,96,RGB
D:\AI_Materials_Microscopy\data\raw\Dataset\C_Martensite_12\118_C_Martensite_12.png,C_Martensite_12\118_C_Martensite_12.png,118_C_Martensite_12.png,118_C_Martensite_12,.png,96,96,RGB
D:\AI_Materials_Microscopy\data\raw\Dataset\C_Martensite_12\119_C_Martensite_12.png,C_Martensite_12\119_C_Martensite_12.png,119_C_Martensite_12.png,119_C_Martensite_12,.png,96,96,RGB
D:\AI_Materials_Microscopy\data\raw\Dataset\C_Martensite_12\120_C_Martensite_12.png,C_Martensite_12\120_C_Martensite_12.png,120_C_Martensite_12.png,120_C_Martensite_12,.png,96,96,RGB
D:\AI_Materials_Microscopy\data\raw\Dataset\C_Martensite_12\121_C_Martensite_12.png,C_Martensite_12\121_C_Martensite_12.png,121_C_Martensite_12.png,121_C_Martensite_12,.png,96,96,RGB
D:\AI_Materials_Microscopy\data\raw\Dataset\C_Martensite_12\122_C_Martensite_12.png,C_Martensite_12\122_C_Martensite_12.png,122_C_Martensite_12.png,122_C_Martensite_12,.png,96,96,RGB
D:\AI_Materials_Microscopy\data\raw\Dataset\C_Martensite_12\123_C_Martensite_12.png,C_Martensite_12\123_C_Martensite_12.png,123_C_Martensite_12.png,123_C_Martensite_12,.png,96,96,RGB
D:\AI_Materials_Microscopy\data\raw\Dataset\C_Martensite_12\124_C_Martensite_12.png,C_Martensite_12\124_C_Martensite_12.png,124_C_Martensite_12.png,124_C_Martensite_12,.png,96,96,RGB
D:\AI_Materials_Microscopy\data\raw\Dataset\C_Martensite_12\125_C_Martensite_12.png,C_Martensite_12\125_C_Martensite_12.png,125_C_Martensite_12.png,125_C_Martensite_12,.png,96,96,RGB
D:\AI_Materials_Microscopy\data\raw\Dataset\C_Martensite_12\126_C_Martensite_12.png,C_Martensite_12\126_C_Martensite_12.png,126_C_Martensite_12.png,126_C_Martensite_12,.png,96,96,RGB
D:\AI_Materials_Microscopy\data\raw\Dataset\C_Martensite_12\127_C_Martensite_12.png,C_Martensite_12\127_C_Martensite_12.png,127_C_Martensite_12.png,127_C_Martensite_12,.png,96,96,RGB
D:\AI_Materials_Microscopy\data\raw\Dataset\C_Martensite_12\128_C_Martensite_12.png,C_Martensite_12\128_C_Martensite_12.png,128_C_Martensite_12.png,128_C_Martensite_12,.png,96,96,RGB
D:\AI_Materials_Microscopy\data\raw\Dataset\C_Martensite_12\129_C_Martensite_12.png,C_Martensite_12\129_C_Martensite_12.png,129_C_Martensite_12.png,129_C_Martensite_12,.png,96,96,RGB
D:\AI_Materials_Microscopy\data\raw\Dataset\C_Martensite_12\130_C_Martensite_12.png,C_Martensite_12\130_C_Martensite_12.png,130_C_Martensite_12.png,130_C_Martensite_12,.png,96,96,RGB
D:\AI_Materials_Microscopy\data\raw\Dataset\C_Martensite_12\131_C_Martensite_12.png,C_Martensite_12\131_C_Martensite_12.png,131_C_Martensite_12.png,131_C_Martensite_12,.png,96,96,RGB
D:\AI_Materials_Microscopy\data\raw\Dataset\C_Martensite_12\132_C_Martensite_12.png,C_Martensite_12\132_C_Martensite_12.png,132_C_Martensite_12.png,132_C_Martensite_12,.png,256,256,RGB
D:\AI_Materials_Microscopy\data\raw\Dataset\C_Martensite_12\133_C_Martensite_12.png,C_Martensite_12\133_C_Martensite_12.png,133_C_Martensite_12.png,133_C_Martensite_12,.png,256,256,RGB
D:\AI_Materials_Microscopy\data\raw\Dataset\C_Martensite_12\134_C_Martensite_12.png,C_Martensite_12\134_C_Martensite_12.png,134_C_Martensite_12.png,134_C_Martensite_12,.png,256,256,RGB
D:\AI_Materials_Microscopy\data\raw\Dataset\C_Martensite_12\135_C_Martensite_12.png,C_Martensite_12\135_C_Martensite_12.png,135_C_Martensite_12.png,135_C_Martensite_12,.png,256,256,RGB
D:\AI_Materials_Microscopy\data\raw\Dataset\C_Martensite_12\136_C_Martensite_12.png,C_Martensite_12\136_C_Martensite_12.png,136_C_Martensite_12.png,136_C_Martensite_12,.png,256,256,RGB
D:\AI_Materials_Microscopy\data\raw\Dataset\C_Martensite_12\137_C_Martensite_12.png,C_Martensite_12\137_C_Martensite_12.png,137_C_Martensite_12.png,137_C_Martensite_12,.png,256,256,RGB
D:\AI_Materials_Microscopy\data\raw\Dataset\C_Martensite_12\138_C_Martensite_12.png,C_Martensite_12\138_C_Martensite_12.png,138_C_Martensite_12.png,138_C_Martensite_12,.png,256,256,RGB
D:\AI_Materials_Microscopy\data\raw\Dataset\C_Martensite_12\139_C_Martensite_12.png,C_Martensite_12\139_C_Martensite_12.png,139_C_Martensite_12.png,139_C_Martensite_12,.png,256,256,RGB
D:\AI_Materials_Microscopy\data\raw\Dataset\C_Martensite_12\140_C_Martensite_12.png,C_Martensite_12\140_C_Martensite_12.png,140_C_Martensite_12.png,140_C_Martensite_12,.png,256,256,RGB
D:\AI_Materials_Microscopy\data\raw\Dataset\C_Martensite_12\141_C_Martensite_12.png,C_Martensite_12\141_C_Martensite_12.png,141_C_Martensite_12.png,141_C_Martensite_12,.png,256,256,RGB
D:\AI_Materials_Microscopy\data\raw\Dataset\C_Martensite_12\142_C_Martensite_12.png,C_Martensite_12\142_C_Martensite_12.png,142_C_Martensite_12.png,142_C_Martensite_12,.png,256,256,RGB
D:\AI_Materials_Microscopy\data\raw\Dataset\C_Martensite_12\143_C_Martensite_12.png,C_Martensite_12\143_C_Martensite_12.png,143_C_Martensite_12.png,143_C_Martensite_12,.png,256,256,RGB
D:\AI_Materials_Microscopy\data\raw\Dataset\C_Martensite_12\144_C_Martensite_12.png,C_Martensite_12\144_C_Martensite_12.png,144_C_Martensite_12.png,144_C_Martensite_12,.png,256,256,RGB
D:\AI_Materials_Microscopy\data\raw\Dataset\C_Martensite_12\145_C_Martensite_12.png,C_Martensite_12\145_C_Martensite_12.png,145_C_Martensite_12.png,145_C_Martensite_12,.png,256,256,RGB
D:\AI_Materials_Microscopy\data\raw\Dataset\C_Martensite_12\146_C_Martensite_12.png,C_Martensite_12\146_C_Martensite_12.png,146_C_Martensite_12.png,146_C_Martensite_12,.png,256,256,RGB
D:\AI_Materials_Microscopy\data\raw\Dataset\C_Martensite_12\147_C_Martensite_12.png,C_Martensite_12\147_C_Martensite_12.png,147_C_Martensite_12.png,147_C_Martensite_12,.png,256,256,RGB
D:\AI_Materials_Microscopy\data\raw\Dataset\C_Martensite_12\148_C_Martensite_12.png,C_Martensite_12\148_C_Martensite_12.png,148_C_Martensite_12.png,148_C_Martensite_12,.png,256,256,RGB
D:\AI_Materials_Microscopy\data\raw\Dataset\C_Martensite_12\149_C_Martensite_12.png,C_Martensite_12\149_C_Martensite_12.png,149_C_Martensite_12.png,149_C_Martensite_12,.png,256,256,RGB
D:\AI_Materials_Microscopy\data\raw\Dataset\C_Martensite_12\150_C_Martensite_12.png,C_Martensite_12\150_C_Martensite_12.png,150_C_Martensite_12.png,150_C_Martensite_12,.png,256,256,RGB
D:\AI_Materials_Microscopy\data\raw\Dataset\C_Martensite_12\151_C_Martensite_12.png,C_Martensite_12\151_C_Martensite_12.png,151_C_Martensite_12.png,151_C_Martensite_12,.png,256,256,RGB
D:\AI_Materials_Microscopy\data\raw\Dataset\C_Martensite_2\114_C_Martensite_02.png,C_Martensite_2\114_C_Martensite_02.png,114_C_Martensite_02.png,114_C_Martensite_02,.png,96,96,RGB
D:\AI_Materials_Microscopy\data\raw\Dataset\C_Martensite_2\115_C_Martensite_02.png,C_Martensite_2\115_C_Martensite_02.png,115_C_Martensite_02.png,115_C_Martensite_02,.png,96,96,RGB
D:\AI_Materials_Microscopy\data\raw\Dataset\C_Martensite_2\116_C_Martensite_02.png,C_Martensite_2\116_C_Martensite_02.png,116_C_Martensite_02.png,116_C_Martensite_02,.png,96,96,RGB
D:\AI_Materials_Microscopy\data\raw\Dataset\C_Martensite_2\117_C_Martensite_02.png,C_Martensite_2\117_C_Martensite_02.png,117_C_Martensite_02.png,117_C_Martensite_02,.png,96,96,RGB
D:\AI_Materials_Microscopy\data\raw\Dataset\C_Martensite_2\118_C_Martensite_02.png,C_Martensite_2\118_C_Martensite_02.png,118_C_Martensite_02.png,118_C_Martensite_02,.png,96,96,RGB
D:\AI_Materials_Microscopy\data\raw\Dataset\C_Martensite_2\119_C_Martensite_02.png,C_Martensite_2\119_C_Martensite_02.png,119_C_Martensite_02.png,119_C_Martensite_02,.png,96,96,RGB
D:\AI_Materials_Microscopy\data\raw\Dataset\C_Martensite_2\120_C_Martensite_02.png,C_Martensite_2\120_C_Martensite_02.png,120_C_Martensite_02.png,120_C_Martensite_02,.png,96,96,RGB
D:\AI_Materials_Microscopy\data\raw\Dataset\C_Martensite_2\121_C_Martensite_02.png,C_Martensite_2\121_C_Martensite_02.png,121_C_Martensite_02.png,121_C_Martensite_02,.png,96,96,RGB
D:\AI_Materials_Microscopy\data\raw\Dataset\C_Martensite_2\122_C_Martensite_02.png,C_Martensite_2\122_C_Martensite_02.png,122_C_Martensite_02.png,122_C_Martensite_02,.png,96,96,RGB
D:\AI_Materials_Microscopy\data\raw\Dataset\C_Martensite_2\123_C_Martensite_02.png,C_Martensite_2\123_C_Martensite_02.png,123_C_Martensite_02.png,123_C_Martensite_02,.png,96,96,RGB
D:\AI_Materials_Microscopy\data\raw\Dataset\C_Martensite_2\124_C_Martensite_02.png,C_Martensite_2\124_C_Martensite_02.png,124_C_Martensite_02.png,124_C_Martensite_02,.png,96,96,RGB
D:\AI_Materials_Microscopy\data\raw\Dataset\C_Martensite_2\125_C_Martensite_02.png,C_Martensite_2\125_C_Martensite_02.png,125_C_Martensite_02.png,125_C_Martensite_02,.png,96,96,RGB
D:\AI_Materials_Microscopy\data\raw\Dataset\C_Martensite_2\126_C_Martensite_02.png,C_Martensite_2\126_C_Martensite_02.png,126_C_Martensite_02.png,126_C_Martensite_02,.png,96,96,RGB
D:\AI_Materials_Microscopy\data\raw\Dataset\C_Martensite_2\127_C_Martensite_02.png,C_Martensite_2\127_C_Martensite_02.png,127_C_Martensite_02.png,127_C_Martensite_02,.png,96,96,RGB
D:\AI_Materials_Microscopy\data\raw\Dataset\C_Martensite_2\128_C_Martensite_02.png,C_Martensite_2\128_C_Martensite_02.png,128_C_Martensite_02.png,128_C_Martensite_02,.png,96,96,RGB
D:\AI_Materials_Microscopy\data\raw\Dataset\C_Martensite_2\129_C_Martensite_02.png,C_Martensite_2\129_C_Martensite_02.png,129_C_Martensite_02.png,129_C_Martensite_02,.png,96,96,RGB
D:\AI_Materials_Microscopy\data\raw\Dataset\C_Martensite_2\130_C_Martensite_02.png,C_Martensite_2\130_C_Martensite_02.png,130_C_Martensite_02.png,130_C_Martensite_02,.png,96,96,RGB
D:\AI_Materials_Microscopy\data\raw\Dataset\C_Martensite_2\131_C_Martensite_02.png,C_Martensite_2\131_C_Martensite_02.png,131_C_Martensite_02.png,131_C_Martensite_02,.png,96,96,RGB
D:\AI_Materials_Microscopy\data\raw\Dataset\C_Martensite_2\132_C_Martensite_02.png,C_Martensite_2\132_C_Martensite_02.png,132_C_Martensite_02.png,132_C_Martensite_02,.png,256,256,RGB
D:\AI_Materials_Microscopy\data\raw\Dataset\C_Martensite_2\133_C_Martensite_02.png,C_Martensite_2\133_C_Martensite_02.png,133_C_Martensite_02.png,133_C_Martensite_02,.png,256,256,RGB
D:\AI_Materials_Microscopy\data\raw\Dataset\C_Martensite_2\134_C_Martensite_02.png,C_Martensite_2\134_C_Martensite_02.png,134_C_Martensite_02.png,134_C_Martensite_02,.png,256,256,RGB
D:\AI_Materials_Microscopy\data\raw\Dataset\C_Martensite_2\135_C_Martensite_02.png,C_Martensite_2\135_C_Martensite_02.png,135_C_Martensite_02.png,135_C_Martensite_02,.png,256,256,RGB
D:\AI_Materials_Microscopy\data\raw\Dataset\C_Martensite_2\136_C_Martensite_02.png,C_Martensite_2\136_C_Martensite_02.png,136_C_Martensite_02.png,136_C_Martensite_02,.png,256,256,RGB
D:\AI_Materials_Microscopy\data\raw\Dataset\C_Martensite_2\137_C_Martensite_02.png,C_Martensite_2\137_C_Martensite_02.png,137_C_Martensite_02.png,137_C_Martensite_02,.png,256,256,RGB
D:\AI_Materials_Microscopy\data\raw\Dataset\C_Martensite_2\138_C_Martensite_02.png,C_Martensite_2\138_C_Martensite_02.png,138_C_Martensite_02.png,138_C_Martensite_02,.png,256,256,RGB
D:\AI_Materials_Microscopy\data\raw\Dataset\C_Martensite_2\139_C_Martensite_02.png,C_Martensite_2\139_C_Martensite_02.png,139_C_Martensite_02.png,139_C_Martensite_02,.png,256,256,RGB
D:\AI_Materials_Microscopy\data\raw\Dataset\C_Martensite_2\140_C_Martensite_02.png,C_Martensite_2\140_C_Martensite_02.png,140_C_Martensite_02.png,140_C_Martensite_02,.png,256,256,RGB
D:\AI_Materials_Microscopy\data\raw\Dataset\C_Martensite_2\141_C_Martensite_02.png,C_Martensite_2\141_C_Martensite_02.png,141_C_Martensite_02.png,141_C_Martensite_02,.png,256,256,RGB
D:\AI_Materials_Microscopy\data\raw\Dataset\C_Martensite_2\142_C_Martensite_02.png,C_Martensite_2\142_C_Martensite_02.png,142_C_Martensite_02.png,142_C_Martensite_02,.png,256,256,RGB
D:\AI_Materials_Microscopy\data\raw\Dataset\C_Martensite_2\143_C_Martensite_02.png,C_Martensite_2\143_C_Martensite_02.png,143_C_Martensite_02.png,143_C_Martensite_02,.png,256,256,RGB
D:\AI_Materials_Microscopy\data\raw\Dataset\C_Martensite_2\144_C_Martensite_02.png,C_Martensite_2\144_C_Martensite_02.png,144_C_Martensite_02.png,144_C_Martensite_02,.png,256,256,RGB
D:\AI_Materials_Microscopy\data\raw\Dataset\C_Martensite_2\145_C_Martensite_02.png,C_Martensite_2\145_C_Martensite_02.png,145_C_Martensite_02.png,145_C_Martensite_02,.png,256,256,RGB
D:\AI_Materials_Microscopy\data\raw\Dataset\C_Martensite_2\146_C_Martensite_02.png,C_Martensite_2\146_C_Martensite_02.png,146_C_Martensite_02.png,146_C_Martensite_02,.png,256,256,RGB
D:\AI_Materials_Microscopy\data\raw\Dataset\C_Martensite_2\147_C_Martensite_02.png,C_Martensite_2\147_C_Martensite_02.png,147_C_Martensite_02.png,147_C_Martensite_02,.png,256,256,RGB
D:\AI_Materials_Microscopy\data\raw\Dataset\C_Martensite_2\148_C_Martensite_02.png,C_Martensite_2\148_C_Martensite_02.png,148_C_Martensite_02.png,148_C_Martensite_02,.png,256,256,RGB
D:\AI_Materials_Microscopy\data\raw\Dataset\C_Martensite_2\149_C_Martensite_02.png,C_Martensite_2\149_C_Martensite_02.png,149_C_Martensite_02.png,149_C_Martensite_02,.png,256,256,RGB
D:\AI_Materials_Microscopy\data\raw\Dataset\C_Martensite_2\150_C_Martensite_02.png,C_Martensite_2\150_C_Martensite_02.png,150_C_Martensite_02.png,150_C_Martensite_02,.png,256,256,RGB
D:\AI_Materials_Microscopy\data\raw\Dataset\C_Martensite_2\151_C_Martensite_02.png,C_Martensite_2\151_C_Martensite_02.png,151_C_Martensite_02.png,151_C_Martensite_02,.png,256,256,RGB
D:\AI_Materials_Microscopy\data\raw\Dataset\C_Martensite_3\114_C_Martensite_03.png,C_Martensite_3\114_C_Martensite_03.png,114_C_Martensite_03.png,114_C_Martensite_03,.png,96,96,RGB
D:\AI_Materials_Microscopy\data\raw\Dataset\C_Martensite_3\115_C_Martensite_03.png,C_Martensite_3\115_C_Martensite_03.png,115_C_Martensite_03.png,115_C_Martensite_03,.png,96,96,RGB
D:\AI_Materials_Microscopy\data\raw\Dataset\C_Martensite_3\116_C_Martensite_03.png,C_Martensite_3\116_C_Martensite_03.png,116_C_Martensite_03.png,116_C_Martensite_03,.png,96,96,RGB
D:\AI_Materials_Microscopy\data\raw\Dataset\C_Martensite_3\117_C_Martensite_03.png,C_Martensite_3\117_C_Martensite_03.png,117_C_Martensite_03.png,117_C_Martensite_03,.png,96,96,RGB
D:\AI_Materials_Microscopy\data\raw\Dataset\C_Martensite_3\118_C_Martensite_03.png,C_Martensite_3\118_C_Martensite_03.png,118_C_Martensite_03.png,118_C_Martensite_03,.png,96,96,RGB
D:\AI_Materials_Microscopy\data\raw\Dataset\C_Martensite_3\119_C_Martensite_03.png,C_Martensite_3\119_C_Martensite_03.png,119_C_Martensite_03.png,119_C_Martensite_03,.png,96,96,RGB
D:\AI_Materials_Microscopy\data\raw\Dataset\C_Martensite_3\120_C_Martensite_03.png,C_Martensite_3\120_C_Martensite_03.png,120_C_Martensite_03.png,120_C_Martensite_03,.png,96,96,RGB
D:\AI_Materials_Microscopy\data\raw\Dataset\C_Martensite_3\121_C_Martensite_03.png,C_Martensite_3\121_C_Martensite_03.png,121_C_Martensite_03.png,121_C_Martensite_03,.png,96,96,RGB
D:\AI_Materials_Microscopy\data\raw\Dataset\C_Martensite_3\122_C_Martensite_03.png,C_Martensite_3\122_C_Martensite_03.png,122_C_Martensite_03.png,122_C_Martensite_03,.png,96,96,RGB
D:\AI_Materials_Microscopy\data\raw\Dataset\C_Martensite_3\123_C_Martensite_03.png,C_Martensite_3\123_C_Martensite_03.png,123_C_Martensite_03.png,123_C_Martensite_03,.png,96,96,RGB
D:\AI_Materials_Microscopy\data\raw\Dataset\C_Martensite_3\124_C_Martensite_03.png,C_Martensite_3\124_C_Martensite_03.png,124_C_Martensite_03.png,124_C_Martensite_03,.png,96,96,RGB
D:\AI_Materials_Microscopy\data\raw\Dataset\C_Martensite_3\125_C_Martensite_03.png,C_Martensite_3\125_C_Martensite_03.png,125_C_Martensite_03.png,125_C_Martensite_03,.png,96,96,RGB
D:\AI_Materials_Microscopy\data\raw\Dataset\C_Martensite_3\126_C_Martensite_03.png,C_Martensite_3\126_C_Martensite_03.png,126_C_Martensite_03.png,126_C_Martensite_03,.png,96,96,RGB
D:\AI_Materials_Microscopy\data\raw\Dataset\C_Martensite_3\127_C_Martensite_03.png,C_Martensite_3\127_C_Martensite_03.png,127_C_Martensite_03.png,127_C_Martensite_03,.png,96,96,RGB
D:\AI_Materials_Microscopy\data\raw\Dataset\C_Martensite_3\128_C_Martensite_03.png,C_Martensite_3\128_C_Martensite_03.png,128_C_Martensite_03.png,128_C_Martensite_03,.png,96,96,RGB
D:\AI_Materials_Microscopy\data\raw\Dataset\C_Martensite_3\129_C_Martensite_03.png,C_Martensite_3\129_C_Martensite_03.png,129_C_Martensite_03.png,129_C_Martensite_03,.png,96,96,RGB
D:\AI_Materials_Microscopy\data\raw\Dataset\C_Martensite_3\130_C_Martensite_03.png,C_Martensite_3\130_C_Martensite_03.png,130_C_Martensite_03.png,130_C_Martensite_03,.png,96,96,RGB
D:\AI_Materials_Microscopy\data\raw\Dataset\C_Martensite_3\131_C_Martensite_03.png,C_Martensite_3\131_C_Martensite_03.png,131_C_Martensite_03.png,131_C_Martensite_03,.png,96,96,RGB
D:\AI_Materials_Microscopy\data\raw\Dataset\C_Martensite_3\132_C_Martensite_03.png,C_Martensite_3\132_C_Martensite_03.png,132_C_Martensite_03.png,132_C_Martensite_03,.png,256,256,RGB
D:\AI_Materials_Microscopy\data\raw\Dataset\C_Martensite_3\133_C_Martensite_03.png,C_Martensite_3\133_C_Martensite_03.png,133_C_Martensite_03.png,133_C_Martensite_03,.png,256,256,RGB
D:\AI_Materials_Microscopy\data\raw\Dataset\C_Martensite_3\134_C_Martensite_03.png,C_Martensite_3\134_C_Martensite_03.png,134_C_Martensite_03.png,134_C_Martensite_03,.png,256,256,RGB
D:\AI_Materials_Microscopy\data\raw\Dataset\C_Martensite_3\135_C_Martensite_03.png,C_Martensite_3\135_C_Martensite_03.png,135_C_Martensite_03.png,135_C_Martensite_03,.png,256,256,RGB
D:\AI_Materials_Microscopy\data\raw\Dataset\C_Martensite_3\136_C_Martensite_03.png,C_Martensite_3\136_C_Martensite_03.png,136_C_Martensite_03.png,136_C_Martensite_03,.png,256,256,RGB
D:\AI_Materials_Microscopy\data\raw\Dataset\C_Martensite_3\137_C_Martensite_03.png,C_Martensite_3\137_C_Martensite_03.png,137_C_Martensite_03.png,137_C_Martensite_03,.png,256,256,RGB
D:\AI_Materials_Microscopy\data\raw\Dataset\C_Martensite_3\138_C_Martensite_03.png,C_Martensite_3\138_C_Martensite_03.png,138_C_Martensite_03.png,138_C_Martensite_03,.png,256,256,RGB
D:\AI_Materials_Microscopy\data\raw\Dataset\C_Martensite_3\139_C_Martensite_03.png,C_Martensite_3\139_C_Martensite_03.png,139_C_Martensite_03.png,139_C_Martensite_03,.png,256,256,RGB
D:\AI_Materials_Microscopy\data\raw\Dataset\C_Martensite_3\140_C_Martensite_03.png,C_Martensite_3\140_C_Martensite_03.png,140_C_Martensite_03.png,140_C_Martensite_03,.png,256,256,RGB
D:\AI_Materials_Microscopy\data\raw\Dataset\C_Martensite_3\141_C_Martensite_03.png,C_Martensite_3\141_C_Martensite_03.png,141_C_Martensite_03.png,141_C_Martensite_03,.png,256,256,RGB
D:\AI_Materials_Microscopy\data\raw\Dataset\C_Martensite_3\142_C_Martensite_03.png,C_Martensite_3\142_C_Martensite_03.png,142_C_Martensite_03.png,142_C_Martensite_03,.png,256,256,RGB
D:\AI_Materials_Microscopy\data\raw\Dataset\C_Martensite_3\143_C_Martensite_03.png,C_Martensite_3\143_C_Martensite_03.png,143_C_Martensite_03.png,143_C_Martensite_03,.png,256,256,RGB
D:\AI_Materials_Microscopy\data\raw\Dataset\C_Martensite_3\144_C_Martensite_03.png,C_Martensite_3\144_C_Martensite_03.png,144_C_Martensite_03.png,144_C_Martensite_03,.png,256,256,RGB
D:\AI_Materials_Microscopy\data\raw\Dataset\C_Martensite_3\145_C_Martensite_03.png,C_Martensite_3\145_C_Martensite_03.png,145_C_Martensite_03.png,145_C_Martensite_03,.png,256,256,RGB
D:\AI_Materials_Microscopy\data\raw\Dataset\C_Martensite_3\146_C_Martensite_03.png,C_Martensite_3\146_C_Martensite_03.png,146_C_Martensite_03.png,146_C_Martensite_03,.png,256,256,RGB
D:\AI_Materials_Microscopy\data\raw\Dataset\C_Martensite_3\147_C_Martensite_03.png,C_Martensite_3\147_C_Martensite_03.png,147_C_Martensite_03.png,147_C_Martensite_03,.png,256,256,RGB
D:\AI_Materials_Microscopy\data\raw\Dataset\C_Martensite_3\148_C_Martensite_03.png,C_Martensite_3\148_C_Martensite_03.png,148_C_Martensite_03.png,148_C_Martensite_03,.png,256,256,RGB
D:\AI_Materials_Microscopy\data\raw\Dataset\C_Martensite_3\149_C_Martensite_03.png,C_Martensite_3\149_C_Martensite_03.png,149_C_Martensite_03.png,149_C_Martensite_03,.png,256,256,RGB
D:\AI_Materials_Microscopy\data\raw\Dataset\C_Martensite_3\150_C_Martensite_03.png,C_Martensite_3\150_C_Martensite_03.png,150_C_Martensite_03.png,150_C_Martensite_03,.png,256,256,RGB
D:\AI_Materials_Microscopy\data\raw\Dataset\C_Martensite_3\151_C_Martensite_03.png,C_Martensite_3\151_C_Martensite_03.png,151_C_Martensite_03.png,151_C_Martensite_03,.png,256,256,RGB
D:\AI_Materials_Microscopy\data\raw\Dataset\C_Martensite_4\114_C_Martensite_04.png,C_Martensite_4\114_C_Martensite_04.png,114_C_Martensite_04.png,114_C_Martensite_04,.png,96,96,RGB
D:\AI_Materials_Microscopy\data\raw\Dataset\C_Martensite_4\115_C_Martensite_04.png,C_Martensite_4\115_C_Martensite_04.png,115_C_Martensite_04.png,115_C_Martensite_04,.png,96,96,RGB
D:\AI_Materials_Microscopy\data\raw\Dataset\C_Martensite_4\116_C_Martensite_04.png,C_Martensite_4\116_C_Martensite_04.png,116_C_Martensite_04.png,116_C_Martensite_04,.png,96,96,RGB
D:\AI_Materials_Microscopy\data\raw\Dataset\C_Martensite_4\117_C_Martensite_04.png,C_Martensite_4\117_C_Martensite_04.png,117_C_Martensite_04.png,117_C_Martensite_04,.png,96,96,RGB
D:\AI_Materials_Microscopy\data\raw\Dataset\C_Martensite_4\118_C_Martensite_04.png,C_Martensite_4\118_C_Martensite_04.png,118_C_Martensite_04.png,118_C_Martensite_04,.png,96,96,RGB
D:\AI_Materials_Microscopy\data\raw\Dataset\C_Martensite_4\119_C_Martensite_04.png,C_Martensite_4\119_C_Martensite_04.png,119_C_Martensite_04.png,119_C_Martensite_04,.png,96,96,RGB
D:\AI_Materials_Microscopy\data\raw\Dataset\C_Martensite_4\120_C_Martensite_04.png,C_Martensite_4\120_C_Martensite_04.png,120_C_Martensite_04.png,120_C_Martensite_04,.png,96,96,RGB
D:\AI_Materials_Microscopy\data\raw\Dataset\C_Martensite_4\121_C_Martensite_04.png,C_Martensite_4\121_C_Martensite_04.png,121_C_Martensite_04.png,121_C_Martensite_04,.png,96,96,RGB
D:\AI_Materials_Microscopy\data\raw\Dataset\C_Martensite_4\122_C_Martensite_04.png,C_Martensite_4\122_C_Martensite_04.png,122_C_Martensite_04.png,122_C_Martensite_04,.png,96,96,RGB
D:\AI_Materials_Microscopy\data\raw\Dataset\C_Martensite_4\123_C_Martensite_04.png,C_Martensite_4\123_C_Martensite_04.png,123_C_Martensite_04.png,123_C_Martensite_04,.png,96,96,RGB
D:\AI_Materials_Microscopy\data\raw\Dataset\C_Martensite_4\124_C_Martensite_04.png,C_Martensite_4\124_C_Martensite_04.png,124_C_Martensite_04.png,124_C_Martensite_04,.png,96,96,RGB
D:\AI_Materials_Microscopy\data\raw\Dataset\C_Martensite_4\125_C_Martensite_04.png,C_Martensite_4\125_C_Martensite_04.png,125_C_Martensite_04.png,125_C_Martensite_04,.png,96,96,RGB
D:\AI_Materials_Microscopy\data\raw\Dataset\C_Martensite_4\126_C_Martensite_04.png,C_Martensite_4\126_C_Martensite_04.png,126_C_Martensite_04.png,126_C_Martensite_04,.png,96,96,RGB
D:\AI_Materials_Microscopy\data\raw\Dataset\C_Martensite_4\127_C_Martensite_04.png,C_Martensite_4\127_C_Martensite_04.png,127_C_Martensite_04.png,127_C_Martensite_04,.png,96,96,RGB
D:\AI_Materials_Microscopy\data\raw\Dataset\C_Martensite_4\128_C_Martensite_04.png,C_Martensite_4\128_C_Martensite_04.png,128_C_Martensite_04.png,128_C_Martensite_04,.png,96,96,RGB
D:\AI_Materials_Microscopy\data\raw\Dataset\C_Martensite_4\129_C_Martensite_04.png,C_Martensite_4\129_C_Martensite_04.png,129_C_Martensite_04.png,129_C_Martensite_04,.png,96,96,RGB
D:\AI_Materials_Microscopy\data\raw\Dataset\C_Martensite_4\130_C_Martensite_04.png,C_Martensite_4\130_C_Martensite_04.png,130_C_Martensite_04.png,130_C_Martensite_04,.png,96,96,RGB
D:\AI_Materials_Microscopy\data\raw\Dataset\C_Martensite_4\131_C_Martensite_04.png,C_Martensite_4\131_C_Martensite_04.png,131_C_Martensite_04.png,131_C_Martensite_04,.png,96,96,RGB
D:\AI_Materials_Microscopy\data\raw\Dataset\C_Martensite_4\132_C_Martensite_04.png,C_Martensite_4\132_C_Martensite_04.png,132_C_Martensite_04.png,132_C_Martensite_04,.png,256,256,RGB
D:\AI_Materials_Microscopy\data\raw\Dataset\C_Martensite_4\133_C_Martensite_04.png,C_Martensite_4\133_C_Martensite_04.png,133_C_Martensite_04.png,133_C_Martensite_04,.png,256,256,RGB
D:\AI_Materials_Microscopy\data\raw\Dataset\C_Martensite_4\134_C_Martensite_04.png,C_Martensite_4\134_C_Martensite_04.png,134_C_Martensite_04.png,134_C_Martensite_04,.png,256,256,RGB
D:\AI_Materials_Microscopy\data\raw\Dataset\C_Martensite_4\135_C_Martensite_04.png,C_Martensite_4\135_C_Martensite_04.png,135_C_Martensite_04.png,135_C_Martensite_04,.png,256,256,RGB
D:\AI_Materials_Microscopy\data\raw\Dataset\C_Martensite_4\136_C_Martensite_04.png,C_Martensite_4\136_C_Martensite_04.png,136_C_Martensite_04.png,136_C_Martensite_04,.png,256,256,RGB
D:\AI_Materials_Microscopy\data\raw\Dataset\C_Martensite_4\137_C_Martensite_04.png,C_Martensite_4\137_C_Martensite_04.png,137_C_Martensite_04.png,137_C_Martensite_04,.png,256,256,RGB
D:\AI_Materials_Microscopy\data\raw\Dataset\C_Martensite_4\138_C_Martensite_04.png,C_Martensite_4\138_C_Martensite_04.png,138_C_Martensite_04.png,138_C_Martensite_04,.png,256,256,RGB
D:\AI_Materials_Microscopy\data\raw\Dataset\C_Martensite_4\139_C_Martensite_04.png,C_Martensite_4\139_C_Martensite_04.png,139_C_Martensite_04.png,139_C_Martensite_04,.png,256,256,RGB
D:\AI_Materials_Microscopy\data\raw\Dataset\C_Martensite_4\140_C_Martensite_04.png,C_Martensite_4\140_C_Martensite_04.png,140_C_Martensite_04.png,140_C_Martensite_04,.png,256,256,RGB
D:\AI_Materials_Microscopy\data\raw\Dataset\C_Martensite_4\141_C_Martensite_04.png,C_Martensite_4\141_C_Martensite_04.png,141_C_Martensite_04.png,141_C_Martensite_04,.png,256,256,RGB
D:\AI_Materials_Microscopy\data\raw\Dataset\C_Martensite_4\142_C_Martensite_04.png,C_Martensite_4\142_C_Martensite_04.png,142_C_Martensite_04.png,142_C_Martensite_04,.png,256,256,RGB
D:\AI_Materials_Microscopy\data\raw\Dataset\C_Martensite_4\143_C_Martensite_04.png,C_Martensite_4\143_C_Martensite_04.png,143_C_Martensite_04.png,143_C_Martensite_04,.png,256,256,RGB
D:\AI_Materials_Microscopy\data\raw\Dataset\C_Martensite_4\144_C_Martensite_04.png,C_Martensite_4\144_C_Martensite_04.png,144_C_Martensite_04.png,144_C_Martensite_04,.png,256,256,RGB
D:\AI_Materials_Microscopy\data\raw\Dataset\C_Martensite_4\145_C_Martensite_04.png,C_Martensite_4\145_C_Martensite_04.png,145_C_Martensite_04.png,145_C_Martensite_04,.png,256,256,RGB
D:\AI_Materials_Microscopy\data\raw\Dataset\C_Martensite_4\146_C_Martensite_04.png,C_Martensite_4\146_C_Martensite_04.png,146_C_Martensite_04.png,146_C_Martensite_04,.png,256,256,RGB
D:\AI_Materials_Microscopy\data\raw\Dataset\C_Martensite_4\147_C_Martensite_04.png,C_Martensite_4\147_C_Martensite_04.png,147_C_Martensite_04.png,147_C_Martensite_04,.png,256,256,RGB
D:\AI_Materials_Microscopy\data\raw\Dataset\C_Martensite_4\148_C_Martensite_04.png,C_Martensite_4\148_C_Martensite_04.png,148_C_Martensite_04.png,148_C_Martensite_04,.png,256,256,RGB
D:\AI_Materials_Microscopy\data\raw\Dataset\C_Martensite_4\149_C_Martensite_04.png,C_Martensite_4\149_C_Martensite_04.png,149_C_Martensite_04.png,149_C_Martensite_04,.png,256,256,RGB
D:\AI_Materials_Microscopy\data\raw\Dataset\C_Martensite_4\150_C_Martensite_04.png,C_Martensite_4\150_C_Martensite_04.png,150_C_Martensite_04.png,150_C_Martensite_04,.png,256,256,RGB
D:\AI_Materials_Microscopy\data\raw\Dataset\C_Martensite_4\151_C_Martensite_04.png,C_Martensite_4\151_C_Martensite_04.png,151_C_Martensite_04.png,151_C_Martensite_04,.png,256,256,RGB
D:\AI_Materials_Microscopy\data\raw\Dataset\C_Martensite_5\114_C_Martensite_05.png,C_Martensite_5\114_C_Martensite_05.png,114_C_Martensite_05.png,114_C_Martensite_05,.png,96,96,RGB
D:\AI_Materials_Microscopy\data\raw\Dataset\C_Martensite_5\115_C_Martensite_05.png,C_Martensite_5\115_C_Martensite_05.png,115_C_Martensite_05.png,115_C_Martensite_05,.png,96,96,RGB
D:\AI_Materials_Microscopy\data\raw\Dataset\C_Martensite_5\116_C_Martensite_05.png,C_Martensite_5\116_C_Martensite_05.png,116_C_Martensite_05.png,116_C_Martensite_05,.png,96,96,RGB
D:\AI_Materials_Microscopy\data\raw\Dataset\C_Martensite_5\117_C_Martensite_05.png,C_Martensite_5\117_C_Martensite_05.png,117_C_Martensite_05.png,117_C_Martensite_05,.png,96,96,RGB
D:\AI_Materials_Microscopy\data\raw\Dataset\C_Martensite_5\118_C_Martensite_05.png,C_Martensite_5\118_C_Martensite_05.png,118_C_Martensite_05.png,118_C_Martensite_05,.png,96,96,RGB
D:\AI_Materials_Microscopy\data\raw\Dataset\C_Martensite_5\119_C_Martensite_05.png,C_Martensite_5\119_C_Martensite_05.png,119_C_Martensite_05.png,119_C_Martensite_05,.png,96,96,RGB
D:\AI_Materials_Microscopy\data\raw\Dataset\C_Martensite_5\120_C_Martensite_05.png,C_Martensite_5\120_C_Martensite_05.png,120_C_Martensite_05.png,120_C_Martensite_05,.png,96,96,RGB
D:\AI_Materials_Microscopy\data\raw\Dataset\C_Martensite_5\121_C_Martensite_05.png,C_Martensite_5\121_C_Martensite_05.png,121_C_Martensite_05.png,121_C_Martensite_05,.png,96,96,RGB
D:\AI_Materials_Microscopy\data\raw\Dataset\C_Martensite_5\122_C_Martensite_05.png,C_Martensite_5\122_C_Martensite_05.png,122_C_Martensite_05.png,122_C_Martensite_05,.png,96,96,RGB
D:\AI_Materials_Microscopy\data\raw\Dataset\C_Martensite_5\123_C_Martensite_05.png,C_Martensite_5\123_C_Martensite_05.png,123_C_Martensite_05.png,123_C_Martensite_05,.png,96,96,RGB
D:\AI_Materials_Microscopy\data\raw\Dataset\C_Martensite_5\124_C_Martensite_05.png,C_Martensite_5\124_C_Martensite_05.png,124_C_Martensite_05.png,124_C_Martensite_05,.png,96,96,RGB
D:\AI_Materials_Microscopy\data\raw\Dataset\C_Martensite_5\125_C_Martensite_05.png,C_Martensite_5\125_C_Martensite_05.png,125_C_Martensite_05.png,125_C_Martensite_05,.png,96,96,RGB
D:\AI_Materials_Microscopy\data\raw\Dataset\C_Martensite_5\126_C_Martensite_05.png,C_Martensite_5\126_C_Martensite_05.png,126_C_Martensite_05.png,126_C_Martensite_05,.png,96,96,RGB
D:\AI_Materials_Microscopy\data\raw\Dataset\C_Martensite_5\127_C_Martensite_05.png,C_Martensite_5\127_C_Martensite_05.png,127_C_Martensite_05.png,127_C_Martensite_05,.png,96,96,RGB
D:\AI_Materials_Microscopy\data\raw\Dataset\C_Martensite_5\128_C_Martensite_05.png,C_Martensite_5\128_C_Martensite_05.png,128_C_Martensite_05.png,128_C_Martensite_05,.png,96,96,RGB
D:\AI_Materials_Microscopy\data\raw\Dataset\C_Martensite_5\129_C_Martensite_05.png,C_Martensite_5\129_C_Martensite_05.png,129_C_Martensite_05.png,129_C_Martensite_05,.png,96,96,RGB
D:\AI_Materials_Microscopy\data\raw\Dataset\C_Martensite_5\130_C_Martensite_05.png,C_Martensite_5\130_C_Martensite_05.png,130_C_Martensite_05.png,130_C_Martensite_05,.png,96,96,RGB
D:\AI_Materials_Microscopy\data\raw\Dataset\C_Martensite_5\131_C_Martensite_05.png,C_Martensite_5\131_C_Martensite_05.png,131_C_Martensite_05.png,131_C_Martensite_05,.png,96,96,RGB
D:\AI_Materials_Microscopy\data\raw\Dataset\C_Martensite_5\132_C_Martensite_05.png,C_Martensite_5\132_C_Martensite_05.png,132_C_Martensite_05.png,132_C_Martensite_05,.png,256,256,RGB
D:\AI_Materials_Microscopy\data\raw\Dataset\C_Martensite_5\133_C_Martensite_05.png,C_Martensite_5\133_C_Martensite_05.png,133_C_Martensite_05.png,133_C_Martensite_05,.png,256,256,RGB
D:\AI_Materials_Microscopy\data\raw\Dataset\C_Martensite_5\134_C_Martensite_05.png,C_Martensite_5\134_C_Martensite_05.png,134_C_Martensite_05.png,134_C_Martensite_05,.png,256,256,RGB
D:\AI_Materials_Microscopy\data\raw\Dataset\C_Martensite_5\135_C_Martensite_05.png,C_Martensite_5\135_C_Martensite_05.png,135_C_Martensite_05.png,135_C_Martensite_05,.png,256,256,RGB
D:\AI_Materials_Microscopy\data\raw\Dataset\C_Martensite_5\136_C_Martensite_05.png,C_Martensite_5\136_C_Martensite_05.png,136_C_Martensite_05.png,136_C_Martensite_05,.png,256,256,RGB
D:\AI_Materials_Microscopy\data\raw\Dataset\C_Martensite_5\137_C_Martensite_05.png,C_Martensite_5\137_C_Martensite_05.png,137_C_Martensite_05.png,137_C_Martensite_05,.png,256,256,RGB
D:\AI_Materials_Microscopy\data\raw\Dataset\C_Martensite_5\138_C_Martensite_05.png,C_Martensite_5\138_C_Martensite_05.png,138_C_Martensite_05.png,138_C_Martensite_05,.png,256,256,RGB
D:\AI_Materials_Microscopy\data\raw\Dataset\C_Martensite_5\139_C_Martensite_05.png,C_Martensite_5\139_C_Martensite_05.png,139_C_Martensite_05.png,139_C_Martensite_05,.png,256,256,RGB
D:\AI_Materials_Microscopy\data\raw\Dataset\C_Martensite_5\140_C_Martensite_05.png,C_Martensite_5\140_C_Martensite_05.png,140_C_Martensite_05.png,140_C_Martensite_05,.png,256,256,RGB
D:\AI_Materials_Microscopy\data\raw\Dataset\C_Martensite_5\141_C_Martensite_05.png,C_Martensite_5\141_C_Martensite_05.png,141_C_Martensite_05.png,141_C_Martensite_05,.png,256,256,RGB
D:\AI_Materials_Microscopy\data\raw\Dataset\C_Martensite_5\142_C_Martensite_05.png,C_Martensite_5\142_C_Martensite_05.png,142_C_Martensite_05.png,142_C_Martensite_05,.png,256,256,RGB
D:\AI_Materials_Microscopy\data\raw\Dataset\C_Martensite_5\143_C_Martensite_05.png,C_Martensite_5\143_C_Martensite_05.png,143_C_Martensite_05.png,143_C_Martensite_05,.png,256,256,RGB
D:\AI_Materials_Microscopy\data\raw\Dataset\C_Martensite_5\144_C_Martensite_05.png,C_Martensite_5\144_C_Martensite_05.png,144_C_Martensite_05.png,144_C_Martensite_05,.png,256,256,RGB
D:\AI_Materials_Microscopy\data\raw\Dataset\C_Martensite_5\145_C_Martensite_05.png,C_Martensite_5\145_C_Martensite_05.png,145_C_Martensite_05.png,145_C_Martensite_05,.png,256,256,RGB
D:\AI_Materials_Microscopy\data\raw\Dataset\C_Martensite_5\146_C_Martensite_05.png,C_Martensite_5\146_C_Martensite_05.png,146_C_Martensite_05.png,146_C_Martensite_05,.png,256,256,RGB
D:\AI_Materials_Microscopy\data\raw\Dataset\C_Martensite_5\147_C_Martensite_05.png,C_Martensite_5\147_C_Martensite_05.png,147_C_Martensite_05.png,147_C_Martensite_05,.png,256,256,RGB
D:\AI_Materials_Microscopy\data\raw\Dataset\C_Martensite_5\148_C_Martensite_05.png,C_Martensite_5\148_C_Martensite_05.png,148_C_Martensite_05.png,148_C_Martensite_05,.png,256,256,RGB
D:\AI_Materials_Microscopy\data\raw\Dataset\C_Martensite_5\149_C_Martensite_05.png,C_Martensite_5\149_C_Martensite_05.png,149_C_Martensite_05.png,149_C_Martensite_05,.png,256,256,RGB
D:\AI_Materials_Microscopy\data\raw\Dataset\C_Martensite_5\150_C_Martensite_05.png,C_Martensite_5\150_C_Martensite_05.png,150_C_Martensite_05.png,150_C_Martensite_05,.png,256,256,RGB
D:\AI_Materials_Microscopy\data\raw\Dataset\C_Martensite_5\151_C_Martensite_05.png,C_Martensite_5\151_C_Martensite_05.png,151_C_Martensite_05.png,151_C_Martensite_05,.png,256,256,RGB
D:\AI_Materials_Microscopy\data\raw\Dataset\C_Martensite_6\114_C_Martensite_06.png,C_Martensite_6\114_C_Martensite_06.png,114_C_Martensite_06.png,114_C_Martensite_06,.png,96,96,RGB
D:\AI_Materials_Microscopy\data\raw\Dataset\C_Martensite_6\115_C_Martensite_06.png,C_Martensite_6\115_C_Martensite_06.png,115_C_Martensite_06.png,115_C_Martensite_06,.png,96,96,RGB
D:\AI_Materials_Microscopy\data\raw\Dataset\C_Martensite_6\116_C_Martensite_06.png,C_Martensite_6\116_C_Martensite_06.png,116_C_Martensite_06.png,116_C_Martensite_06,.png,96,96,RGB
D:\AI_Materials_Microscopy\data\raw\Dataset\C_Martensite_6\117_C_Martensite_06.png,C_Martensite_6\117_C_Martensite_06.png,117_C_Martensite_06.png,117_C_Martensite_06,.png,96,96,RGB
D:\AI_Materials_Microscopy\data\raw\Dataset\C_Martensite_6\118_C_Martensite_06.png,C_Martensite_6\118_C_Martensite_06.png,118_C_Martensite_06.png,118_C_Martensite_06,.png,96,96,RGB
D:\AI_Materials_Microscopy\data\raw\Dataset\C_Martensite_6\119_C_Martensite_06.png,C_Martensite_6\119_C_Martensite_06.png,119_C_Martensite_06.png,119_C_Martensite_06,.png,96,96,RGB
D:\AI_Materials_Microscopy\data\raw\Dataset\C_Martensite_6\120_C_Martensite_06.png,C_Martensite_6\120_C_Martensite_06.png,120_C_Martensite_06.png,120_C_Martensite_06,.png,96,96,RGB
D:\AI_Materials_Microscopy\data\raw\Dataset\C_Martensite_6\121_C_Martensite_06.png,C_Martensite_6\121_C_Martensite_06.png,121_C_Martensite_06.png,121_C_Martensite_06,.png,96,96,RGB
D:\AI_Materials_Microscopy\data\raw\Dataset\C_Martensite_6\122_C_Martensite_06.png,C_Martensite_6\122_C_Martensite_06.png,122_C_Martensite_06.png,122_C_Martensite_06,.png,96,96,RGB
D:\AI_Materials_Microscopy\data\raw\Dataset\C_Martensite_6\123_C_Martensite_06.png,C_Martensite_6\123_C_Martensite_06.png,123_C_Martensite_06.png,123_C_Martensite_06,.png,96,96,RGB
D:\AI_Materials_Microscopy\data\raw\Dataset\C_Martensite_6\124_C_Martensite_06.png,C_Martensite_6\124_C_Martensite_06.png,124_C_Martensite_06.png,124_C_Martensite_06,.png,96,96,RGB
D:\AI_Materials_Microscopy\data\raw\Dataset\C_Martensite_6\125_C_Martensite_06.png,C_Martensite_6\125_C_Martensite_06.png,125_C_Martensite_06.png,125_C_Martensite_06,.png,96,96,RGB
D:\AI_Materials_Microscopy\data\raw\Dataset\C_Martensite_6\126_C_Martensite_06.png,C_Martensite_6\126_C_Martensite_06.png,126_C_Martensite_06.png,126_C_Martensite_06,.png,96,96,RGB
D:\AI_Materials_Microscopy\data\raw\Dataset\C_Martensite_6\127_C_Martensite_06.png,C_Martensite_6\127_C_Martensite_06.png,127_C_Martensite_06.png,127_C_Martensite_06,.png,96,96,RGB
D:\AI_Materials_Microscopy\data\raw\Dataset\C_Martensite_6\128_C_Martensite_06.png,C_Martensite_6\128_C_Martensite_06.png,128_C_Martensite_06.png,128_C_Martensite_06,.png,96,96,RGB
D:\AI_Materials_Microscopy\data\raw\Dataset\C_Martensite_6\129_C_Martensite_06.png,C_Martensite_6\129_C_Martensite_06.png,129_C_Martensite_06.png,129_C_Martensite_06,.png,96,96,RGB
D:\AI_Materials_Microscopy\data\raw\Dataset\C_Martensite_6\130_C_Martensite_06.png,C_Martensite_6\130_C_Martensite_06.png,130_C_Martensite_06.png,130_C_Martensite_06,.png,96,96,RGB
D:\AI_Materials_Microscopy\data\raw\Dataset\C_Martensite_6\131_C_Martensite_06.png,C_Martensite_6\131_C_Martensite_06.png,131_C_Martensite_06.png,131_C_Martensite_06,.png,96,96,RGB
D:\AI_Materials_Microscopy\data\raw\Dataset\C_Martensite_6\132_C_Martensite_06.png,C_Martensite_6\132_C_Martensite_06.png,132_C_Martensite_06.png,132_C_Martensite_06,.png,256,256,RGB
D:\AI_Materials_Microscopy\data\raw\Dataset\C_Martensite_6\133_C_Martensite_06.png,C_Martensite_6\133_C_Martensite_06.png,133_C_Martensite_06.png,133_C_Martensite_06,.png,256,256,RGB
D:\AI_Materials_Microscopy\data\raw\Dataset\C_Martensite_6\134_C_Martensite_06.png,C_Martensite_6\134_C_Martensite_06.png,134_C_Martensite_06.png,134_C_Martensite_06,.png,256,256,RGB
D:\AI_Materials_Microscopy\data\raw\Dataset\C_Martensite_6\135_C_Martensite_06.png,C_Martensite_6\135_C_Martensite_06.png,135_C_Martensite_06.png,135_C_Martensite_06,.png,256,256,RGB
D:\AI_Materials_Microscopy\data\raw\Dataset\C_Martensite_6\136_C_Martensite_06.png,C_Martensite_6\136_C_Martensite_06.png,136_C_Martensite_06.png,136_C_Martensite_06,.png,256,256,RGB
D:\AI_Materials_Microscopy\data\raw\Dataset\C_Martensite_6\137_C_Martensite_06.png,C_Martensite_6\137_C_Martensite_06.png,137_C_Martensite_06.png,137_C_Martensite_06,.png,256,256,RGB
D:\AI_Materials_Microscopy\data\raw\Dataset\C_Martensite_6\138_C_Martensite_06.png,C_Martensite_6\138_C_Martensite_06.png,138_C_Martensite_06.png,138_C_Martensite_06,.png,256,256,RGB
D:\AI_Materials_Microscopy\data\raw\Dataset\C_Martensite_6\139_C_Martensite_06.png,C_Martensite_6\139_C_Martensite_06.png,139_C_Martensite_06.png,139_C_Martensite_06,.png,256,256,RGB
D:\AI_Materials_Microscopy\data\raw\Dataset\C_Martensite_6\140_C_Martensite_06.png,C_Martensite_6\140_C_Martensite_06.png,140_C_Martensite_06.png,140_C_Martensite_06,.png,256,256,RGB
D:\AI_Materials_Microscopy\data\raw\Dataset\C_Martensite_6\141_C_Martensite_06.png,C_Martensite_6\141_C_Martensite_06.png,141_C_Martensite_06.png,141_C_Martensite_06,.png,256,256,RGB
D:\AI_Materials_Microscopy\data\raw\Dataset\C_Martensite_6\142_C_Martensite_06.png,C_Martensite_6\142_C_Martensite_06.png,142_C_Martensite_06.png,142_C_Martensite_06,.png,256,256,RGB
D:\AI_Materials_Microscopy\data\raw\Dataset\C_Martensite_6\143_C_Martensite_06.png,C_Martensite_6\143_C_Martensite_06.png,143_C_Martensite_06.png,143_C_Martensite_06,.png,256,256,RGB
D:\AI_Materials_Microscopy\data\raw\Dataset\C_Martensite_6\144_C_Martensite_06.png,C_Martensite_6\144_C_Martensite_06.png,144_C_Martensite_06.png,144_C_Martensite_06,.png,256,256,RGB
D:\AI_Materials_Microscopy\data\raw\Dataset\C_Martensite_6\145_C_Martensite_06.png,C_Martensite_6\145_C_Martensite_06.png,145_C_Martensite_06.png,145_C_Martensite_06,.png,256,256,RGB
D:\AI_Materials_Microscopy\data\raw\Dataset\C_Martensite_6\146_C_Martensite_06.png,C_Martensite_6\146_C_Martensite_06.png,146_C_Martensite_06.png,146_C_Martensite_06,.png,256,256,RGB
D:\AI_Materials_Microscopy\data\raw\Dataset\C_Martensite_6\147_C_Martensite_06.png,C_Martensite_6\147_C_Martensite_06.png,147_C_Martensite_06.png,147_C_Martensite_06,.png,256,256,RGB
D:\AI_Materials_Microscopy\data\raw\Dataset\C_Martensite_6\148_C_Martensite_06.png,C_Martensite_6\148_C_Martensite_06.png,148_C_Martensite_06.png,148_C_Martensite_06,.png,256,256,RGB
D:\AI_Materials_Microscopy\data\raw\Dataset\C_Martensite_6\149_C_Martensite_06.png,C_Martensite_6\149_C_Martensite_06.png,149_C_Martensite_06.png,149_C_Martensite_06,.png,256,256,RGB
D:\AI_Materials_Microscopy\data\raw\Dataset\C_Martensite_6\150_C_Martensite_06.png,C_Martensite_6\150_C_Martensite_06.png,150_C_Martensite_06.png,150_C_Martensite_06,.png,256,256,RGB
D:\AI_Materials_Microscopy\data\raw\Dataset\C_Martensite_6\151_C_Martensite_06.png,C_Martensite_6\151_C_Martensite_06.png,151_C_Martensite_06.png,151_C_Martensite_06,.png,256,256,RGB
D:\AI_Materials_Microscopy\data\raw\Dataset\C_Martensite_7\114_C_Martensite_07.png,C_Martensite_7\114_C_Martensite_07.png,114_C_Martensite_07.png,114_C_Martensite_07,.png,96,96,RGB
D:\AI_Materials_Microscopy\data\raw\Dataset\C_Martensite_7\115_C_Martensite_07.png,C_Martensite_7\115_C_Martensite_07.png,115_C_Martensite_07.png,115_C_Martensite_07,.png,96,96,RGB
D:\AI_Materials_Microscopy\data\raw\Dataset\C_Martensite_7\116_C_Martensite_07.png,C_Martensite_7\116_C_Martensite_07.png,116_C_Martensite_07.png,116_C_Martensite_07,.png,96,96,RGB
D:\AI_Materials_Microscopy\data\raw\Dataset\C_Martensite_7\117_C_Martensite_07.png,C_Martensite_7\117_C_Martensite_07.png,117_C_Martensite_07.png,117_C_Martensite_07,.png,96,96,RGB
D:\AI_Materials_Microscopy\data\raw\Dataset\C_Martensite_7\118_C_Martensite_07.png,C_Martensite_7\118_C_Martensite_07.png,118_C_Martensite_07.png,118_C_Martensite_07,.png,96,96,RGB
D:\AI_Materials_Microscopy\data\raw\Dataset\C_Martensite_7\119_C_Martensite_07.png,C_Martensite_7\119_C_Martensite_07.png,119_C_Martensite_07.png,119_C_Martensite_07,.png,96,96,RGB
D:\AI_Materials_Microscopy\data\raw\Dataset\C_Martensite_7\120_C_Martensite_07.png,C_Martensite_7\120_C_Martensite_07.png,120_C_Martensite_07.png,120_C_Martensite_07,.png,96,96,RGB
D:\AI_Materials_Microscopy\data\raw\Dataset\C_Martensite_7\121_C_Martensite_07.png,C_Martensite_7\121_C_Martensite_07.png,121_C_Martensite_07.png,121_C_Martensite_07,.png,96,96,RGB
D:\AI_Materials_Microscopy\data\raw\Dataset\C_Martensite_7\122_C_Martensite_07.png,C_Martensite_7\122_C_Martensite_07.png,122_C_Martensite_07.png,122_C_Martensite_07,.png,96,96,RGB
D:\AI_Materials_Microscopy\data\raw\Dataset\C_Martensite_7\123_C_Martensite_07.png,C_Martensite_7\123_C_Martensite_07.png,123_C_Martensite_07.png,123_C_Martensite_07,.png,96,96,RGB
D:\AI_Materials_Microscopy\data\raw\Dataset\C_Martensite_7\124_C_Martensite_07.png,C_Martensite_7\124_C_Martensite_07.png,124_C_Martensite_07.png,124_C_Martensite_07,.png,96,96,RGB
D:\AI_Materials_Microscopy\data\raw\Dataset\C_Martensite_7\125_C_Martensite_07.png,C_Martensite_7\125_C_Martensite_07.png,125_C_Martensite_07.png,125_C_Martensite_07,.png,96,96,RGB
D:\AI_Materials_Microscopy\data\raw\Dataset\C_Martensite_7\126_C_Martensite_07.png,C_Martensite_7\126_C_Martensite_07.png,126_C_Martensite_07.png,126_C_Martensite_07,.png,96,96,RGB
D:\AI_Materials_Microscopy\data\raw\Dataset\C_Martensite_7\127_C_Martensite_07.png,C_Martensite_7\127_C_Martensite_07.png,127_C_Martensite_07.png,127_C_Martensite_07,.png,96,96,RGB
D:\AI_Materials_Microscopy\data\raw\Dataset\C_Martensite_7\128_C_Martensite_07.png,C_Martensite_7\128_C_Martensite_07.png,128_C_Martensite_07.png,128_C_Martensite_07,.png,96,96,RGB
D:\AI_Materials_Microscopy\data\raw\Dataset\C_Martensite_7\129_C_Martensite_07.png,C_Martensite_7\129_C_Martensite_07.png,129_C_Martensite_07.png,129_C_Martensite_07,.png,96,96,RGB
D:\AI_Materials_Microscopy\data\raw\Dataset\C_Martensite_7\130_C_Martensite_07.png,C_Martensite_7\130_C_Martensite_07.png,130_C_Martensite_07.png,130_C_Martensite_07,.png,96,96,RGB
D:\AI_Materials_Microscopy\data\raw\Dataset\C_Martensite_7\131_C_Martensite_07.png,C_Martensite_7\131_C_Martensite_07.png,131_C_Martensite_07.png,131_C_Martensite_07,.png,96,96,RGB
D:\AI_Materials_Microscopy\data\raw\Dataset\C_Martensite_7\132_C_Martensite_07.png,C_Martensite_7\132_C_Martensite_07.png,132_C_Martensite_07.png,132_C_Martensite_07,.png,256,256,RGB
D:\AI_Materials_Microscopy\data\raw\Dataset\C_Martensite_7\133_C_Martensite_07.png,C_Martensite_7\133_C_Martensite_07.png,133_C_Martensite_07.png,133_C_Martensite_07,.png,256,256,RGB
D:\AI_Materials_Microscopy\data\raw\Dataset\C_Martensite_7\134_C_Martensite_07.png,C_Martensite_7\134_C_Martensite_07.png,134_C_Martensite_07.png,134_C_Martensite_07,.png,256,256,RGB
D:\AI_Materials_Microscopy\data\raw\Dataset\C_Martensite_7\135_C_Martensite_07.png,C_Martensite_7\135_C_Martensite_07.png,135_C_Martensite_07.png,135_C_Martensite_07,.png,256,256,RGB
D:\AI_Materials_Microscopy\data\raw\Dataset\C_Martensite_7\136_C_Martensite_07.png,C_Martensite_7\136_C_Martensite_07.png,136_C_Martensite_07.png,136_C_Martensite_07,.png,256,256,RGB
D:\AI_Materials_Microscopy\data\raw\Dataset\C_Martensite_7\137_C_Martensite_07.png,C_Martensite_7\137_C_Martensite_07.png,137_C_Martensite_07.png,137_C_Martensite_07,.png,256,256,RGB
D:\AI_Materials_Microscopy\data\raw\Dataset\C_Martensite_7\138_C_Martensite_07.png,C_Martensite_7\138_C_Martensite_07.png,138_C_Martensite_07.png,138_C_Martensite_07,.png,256,256,RGB
D:\AI_Materials_Microscopy\data\raw\Dataset\C_Martensite_7\139_C_Martensite_07.png,C_Martensite_7\139_C_Martensite_07.png,139_C_Martensite_07.png,139_C_Martensite_07,.png,256,256,RGB
D:\AI_Materials_Microscopy\data\raw\Dataset\C_Martensite_7\140_C_Martensite_07.png,C_Martensite_7\140_C_Martensite_07.png,140_C_Martensite_07.png,140_C_Martensite_07,.png,256,256,RGB
D:\AI_Materials_Microscopy\data\raw\Dataset\C_Martensite_7\141_C_Martensite_07.png,C_Martensite_7\141_C_Martensite_07.png,141_C_Martensite_07.png,141_C_Martensite_07,.png,256,256,RGB
D:\AI_Materials_Microscopy\data\raw\Dataset\C_Martensite_7\142_C_Martensite_07.png,C_Martensite_7\142_C_Martensite_07.png,142_C_Martensite_07.png,142_C_Martensite_07,.png,256,256,RGB
D:\AI_Materials_Microscopy\data\raw\Dataset\C_Martensite_7\143_C_Martensite_07.png,C_Martensite_7\143_C_Martensite_07.png,143_C_Martensite_07.png,143_C_Martensite_07,.png,256,256,RGB
D:\AI_Materials_Microscopy\data\raw\Dataset\C_Martensite_7\144_C_Martensite_07.png,C_Martensite_7\144_C_Martensite_07.png,144_C_Martensite_07.png,144_C_Martensite_07,.png,256,256,RGB
D:\AI_Materials_Microscopy\data\raw\Dataset\C_Martensite_7\145_C_Martensite_07.png,C_Martensite_7\145_C_Martensite_07.png,145_C_Martensite_07.png,145_C_Martensite_07,.png,256,256,RGB
D:\AI_Materials_Microscopy\data\raw\Dataset\C_Martensite_7\146_C_Martensite_07.png,C_Martensite_7\146_C_Martensite_07.png,146_C_Martensite_07.png,146_C_Martensite_07,.png,256,256,RGB
D:\AI_Materials_Microscopy\data\raw\Dataset\C_Martensite_7\147_C_Martensite_07.png,C_Martensite_7\147_C_Martensite_07.png,147_C_Martensite_07.png,147_C_Martensite_07,.png,256,256,RGB
D:\AI_Materials_Microscopy\data\raw\Dataset\C_Martensite_7\148_C_Martensite_07.png,C_Martensite_7\148_C_Martensite_07.png,148_C_Martensite_07.png,148_C_Martensite_07,.png,256,256,RGB
D:\AI_Materials_Microscopy\data\raw\Dataset\C_Martensite_7\149_C_Martensite_07.png,C_Martensite_7\149_C_Martensite_07.png,149_C_Martensite_07.png,149_C_Martensite_07,.png,256,256,RGB
D:\AI_Materials_Microscopy\data\raw\Dataset\C_Martensite_7\150_C_Martensite_07.png,C_Martensite_7\150_C_Martensite_07.png,150_C_Martensite_07.png,150_C_Martensite_07,.png,256,256,RGB
D:\AI_Materials_Microscopy\data\raw\Dataset\C_Martensite_7\151_C_Martensite_07.png,C_Martensite_7\151_C_Martensite_07.png,151_C_Martensite_07.png,151_C_Martensite_07,.png,256,256,RGB
D:\AI_Materials_Microscopy\data\raw\Dataset\C_Martensite_8\114_C_Martensite_08.png,C_Martensite_8\114_C_Martensite_08.png,114_C_Martensite_08.png,114_C_Martensite_08,.png,96,96,RGB
D:\AI_Materials_Microscopy\data\raw\Dataset\C_Martensite_8\115_C_Martensite_08.png,C_Martensite_8\115_C_Martensite_08.png,115_C_Martensite_08.png,115_C_Martensite_08,.png,96,96,RGB
D:\AI_Materials_Microscopy\data\raw\Dataset\C_Martensite_8\116_C_Martensite_08.png,C_Martensite_8\116_C_Martensite_08.png,116_C_Martensite_08.png,116_C_Martensite_08,.png,96,96,RGB
D:\AI_Materials_Microscopy\data\raw\Dataset\C_Martensite_8\117_C_Martensite_08.png,C_Martensite_8\117_C_Martensite_08.png,117_C_Martensite_08.png,117_C_Martensite_08,.png,96,96,RGB
D:\AI_Materials_Microscopy\data\raw\Dataset\C_Martensite_8\118_C_Martensite_08.png,C_Martensite_8\118_C_Martensite_08.png,118_C_Martensite_08.png,118_C_Martensite_08,.png,96,96,RGB
D:\AI_Materials_Microscopy\data\raw\Dataset\C_Martensite_8\119_C_Martensite_08.png,C_Martensite_8\119_C_Martensite_08.png,119_C_Martensite_08.png,119_C_Martensite_08,.png,96,96,RGB
D:\AI_Materials_Microscopy\data\raw\Dataset\C_Martensite_8\120_C_Martensite_08.png,C_Martensite_8\120_C_Martensite_08.png,120_C_Martensite_08.png,120_C_Martensite_08,.png,96,96,RGB
D:\AI_Materials_Microscopy\data\raw\Dataset\C_Martensite_8\121_C_Martensite_08.png,C_Martensite_8\121_C_Martensite_08.png,121_C_Martensite_08.png,121_C_Martensite_08,.png,96,96,RGB
D:\AI_Materials_Microscopy\data\raw\Dataset\C_Martensite_8\122_C_Martensite_08.png,C_Martensite_8\122_C_Martensite_08.png,122_C_Martensite_08.png,122_C_Martensite_08,.png,96,96,RGB
D:\AI_Materials_Microscopy\data\raw\Dataset\C_Martensite_8\123_C_Martensite_08.png,C_Martensite_8\123_C_Martensite_08.png,123_C_Martensite_08.png,123_C_Martensite_08,.png,96,96,RGB
D:\AI_Materials_Microscopy\data\raw\Dataset\C_Martensite_8\124_C_Martensite_08.png,C_Martensite_8\124_C_Martensite_08.png,124_C_Martensite_08.png,124_C_Martensite_08,.png,96,96,RGB
D:\AI_Materials_Microscopy\data\raw\Dataset\C_Martensite_8\125_C_Martensite_08.png,C_Martensite_8\125_C_Martensite_08.png,125_C_Martensite_08.png,125_C_Martensite_08,.png,96,96,RGB
D:\AI_Materials_Microscopy\data\raw\Dataset\C_Martensite_8\126_C_Martensite_08.png,C_Martensite_8\126_C_Martensite_08.png,126_C_Martensite_08.png,126_C_Martensite_08,.png,96,96,RGB
D:\AI_Materials_Microscopy\data\raw\Dataset\C_Martensite_8\127_C_Martensite_08.png,C_Martensite_8\127_C_Martensite_08.png,127_C_Martensite_08.png,127_C_Martensite_08,.png,96,96,RGB
D:\AI_Materials_Microscopy\data\raw\Dataset\C_Martensite_8\128_C_Martensite_08.png,C_Martensite_8\128_C_Martensite_08.png,128_C_Martensite_08.png,128_C_Martensite_08,.png,96,96,RGB
D:\AI_Materials_Microscopy\data\raw\Dataset\C_Martensite_8\129_C_Martensite_08.png,C_Martensite_8\129_C_Martensite_08.png,129_C_Martensite_08.png,129_C_Martensite_08,.png,96,96,RGB
D:\AI_Materials_Microscopy\data\raw\Dataset\C_Martensite_8\130_C_Martensite_08.png,C_Martensite_8\130_C_Martensite_08.png,130_C_Martensite_08.png,130_C_Martensite_08,.png,96,96,RGB
D:\AI_Materials_Microscopy\data\raw\Dataset\C_Martensite_8\131_C_Martensite_08.png,C_Martensite_8\131_C_Martensite_08.png,131_C_Martensite_08.png,131_C_Martensite_08,.png,96,96,RGB
D:\AI_Materials_Microscopy\data\raw\Dataset\C_Martensite_8\132_C_Martensite_08.png,C_Martensite_8\132_C_Martensite_08.png,132_C_Martensite_08.png,132_C_Martensite_08,.png,256,256,RGB
D:\AI_Materials_Microscopy\data\raw\Dataset\C_Martensite_8\133_C_Martensite_08.png,C_Martensite_8\133_C_Martensite_08.png,133_C_Martensite_08.png,133_C_Martensite_08,.png,256,256,RGB
D:\AI_Materials_Microscopy\data\raw\Dataset\C_Martensite_8\134_C_Martensite_08.png,C_Martensite_8\134_C_Martensite_08.png,134_C_Martensite_08.png,134_C_Martensite_08,.png,256,256,RGB
D:\AI_Materials_Microscopy\data\raw\Dataset\C_Martensite_8\135_C_Martensite_08.png,C_Martensite_8\135_C_Martensite_08.png,135_C_Martensite_08.png,135_C_Martensite_08,.png,256,256,RGB
D:\AI_Materials_Microscopy\data\raw\Dataset\C_Martensite_8\136_C_Martensite_08.png,C_Martensite_8\136_C_Martensite_08.png,136_C_Martensite_08.png,136_C_Martensite_08,.png,256,256,RGB
D:\AI_Materials_Microscopy\data\raw\Dataset\C_Martensite_8\137_C_Martensite_08.png,C_Martensite_8\137_C_Martensite_08.png,137_C_Martensite_08.png,137_C_Martensite_08,.png,256,256,RGB
D:\AI_Materials_Microscopy\data\raw\Dataset\C_Martensite_8\138_C_Martensite_08.png,C_Martensite_8\138_C_Martensite_08.png,138_C_Martensite_08.png,138_C_Martensite_08,.png,256,256,RGB
D:\AI_Materials_Microscopy\data\raw\Dataset\C_Martensite_8\139_C_Martensite_08.png,C_Martensite_8\139_C_Martensite_08.png,139_C_Martensite_08.png,139_C_Martensite_08,.png,256,256,RGB
D:\AI_Materials_Microscopy\data\raw\Dataset\C_Martensite_8\140_C_Martensite_08.png,C_Martensite_8\140_C_Martensite_08.png,140_C_Martensite_08.png,140_C_Martensite_08,.png,256,256,RGB
D:\AI_Materials_Microscopy\data\raw\Dataset\C_Martensite_8\141_C_Martensite_08.png,C_Martensite_8\141_C_Martensite_08.png,141_C_Martensite_08.png,141_C_Martensite_08,.png,256,256,RGB
D:\AI_Materials_Microscopy\data\raw\Dataset\C_Martensite_8\142_C_Martensite_08.png,C_Martensite_8\142_C_Martensite_08.png,142_C_Martensite_08.png,142_C_Martensite_08,.png,256,256,RGB
D:\AI_Materials_Microscopy\data\raw\Dataset\C_Martensite_8\143_C_Martensite_08.png,C_Martensite_8\143_C_Martensite_08.png,143_C_Martensite_08.png,143_C_Martensite_08,.png,256,256,RGB
D:\AI_Materials_Microscopy\data\raw\Dataset\C_Martensite_8\144_C_Martensite_08.png,C_Martensite_8\144_C_Martensite_08.png,144_C_Martensite_08.png,144_C_Martensite_08,.png,256,256,RGB
D:\AI_Materials_Microscopy\data\raw\Dataset\C_Martensite_8\145_C_Martensite_08.png,C_Martensite_8\145_C_Martensite_08.png,145_C_Martensite_08.png,145_C_Martensite_08,.png,256,256,RGB
D:\AI_Materials_Microscopy\data\raw\Dataset\C_Martensite_8\146_C_Martensite_08.png,C_Martensite_8\146_C_Martensite_08.png,146_C_Martensite_08.png,146_C_Martensite_08,.png,256,256,RGB
D:\AI_Materials_Microscopy\data\raw\Dataset\C_Martensite_8\147_C_Martensite_08.png,C_Martensite_8\147_C_Martensite_08.png,147_C_Martensite_08.png,147_C_Martensite_08,.png,256,256,RGB
D:\AI_Materials_Microscopy\data\raw\Dataset\C_Martensite_8\148_C_Martensite_08.png,C_Martensite_8\148_C_Martensite_08.png,148_C_Martensite_08.png,148_C_Martensite_08,.png,256,256,RGB
D:\AI_Materials_Microscopy\data\raw\Dataset\C_Martensite_8\149_C_Martensite_08.png,C_Martensite_8\149_C_Martensite_08.png,149_C_Martensite_08.png,149_C_Martensite_08,.png,256,256,RGB
D:\AI_Materials_Microscopy\data\raw\Dataset\C_Martensite_8\150_C_Martensite_08.png,C_Martensite_8\150_C_Martensite_08.png,150_C_Martensite_08.png,150_C_Martensite_08,.png,256,256,RGB
D:\AI_Materials_Microscopy\data\raw\Dataset\C_Martensite_8\151_C_Martensite_08.png,C_Martensite_8\151_C_Martensite_08.png,151_C_Martensite_08.png,151_C_Martensite_08,.png,256,256,RGB
D:\AI_Materials_Microscopy\data\raw\Dataset\C_Martensite_9\114_C_Martensite_09.png,C_Martensite_9\114_C_Martensite_09.png,114_C_Martensite_09.png,114_C_Martensite_09,.png,96,96,RGB
D:\AI_Materials_Microscopy\data\raw\Dataset\C_Martensite_9\115_C_Martensite_09.png,C_Martensite_9\115_C_Martensite_09.png,115_C_Martensite_09.png,115_C_Martensite_09,.png,96,96,RGB
D:\AI_Materials_Microscopy\data\raw\Dataset\C_Martensite_9\116_C_Martensite_09.png,C_Martensite_9\116_C_Martensite_09.png,116_C_Martensite_09.png,116_C_Martensite_09,.png,96,96,RGB
D:\AI_Materials_Microscopy\data\raw\Dataset\C_Martensite_9\117_C_Martensite_09.png,C_Martensite_9\117_C_Martensite_09.png,117_C_Martensite_09.png,117_C_Martensite_09,.png,96,96,RGB
D:\AI_Materials_Microscopy\data\raw\Dataset\C_Martensite_9\118_C_Martensite_09.png,C_Martensite_9\118_C_Martensite_09.png,118_C_Martensite_09.png,118_C_Martensite_09,.png,96,96,RGB
D:\AI_Materials_Microscopy\data\raw\Dataset\C_Martensite_9\119_C_Martensite_09.png,C_Martensite_9\119_C_Martensite_09.png,119_C_Martensite_09.png,119_C_Martensite_09,.png,96,96,RGB
D:\AI_Materials_Microscopy\data\raw\Dataset\C_Martensite_9\120_C_Martensite_09.png,C_Martensite_9\120_C_Martensite_09.png,120_C_Martensite_09.png,120_C_Martensite_09,.png,96,96,RGB
D:\AI_Materials_Microscopy\data\raw\Dataset\C_Martensite_9\121_C_Martensite_09.png,C_Martensite_9\121_C_Martensite_09.png,121_C_Martensite_09.png,121_C_Martensite_09,.png,96,96,RGB
D:\AI_Materials_Microscopy\data\raw\Dataset\C_Martensite_9\122_C_Martensite_09.png,C_Martensite_9\122_C_Martensite_09.png,122_C_Martensite_09.png,122_C_Martensite_09,.png,96,96,RGB
D:\AI_Materials_Microscopy\data\raw\Dataset\C_Martensite_9\123_C_Martensite_09.png,C_Martensite_9\123_C_Martensite_09.png,123_C_Martensite_09.png,123_C_Martensite_09,.png,96,96,RGB
D:\AI_Materials_Microscopy\data\raw\Dataset\C_Martensite_9\124_C_Martensite_09.png,C_Martensite_9\124_C_Martensite_09.png,124_C_Martensite_09.png,124_C_Martensite_09,.png,96,96,RGB
D:\AI_Materials_Microscopy\data\raw\Dataset\C_Martensite_9\125_C_Martensite_09.png,C_Martensite_9\125_C_Martensite_09.png,125_C_Martensite_09.png,125_C_Martensite_09,.png,96,96,RGB
D:\AI_Materials_Microscopy\data\raw\Dataset\C_Martensite_9\126_C_Martensite_09.png,C_Martensite_9\126_C_Martensite_09.png,126_C_Martensite_09.png,126_C_Martensite_09,.png,96,96,RGB
D:\AI_Materials_Microscopy\data\raw\Dataset\C_Martensite_9\127_C_Martensite_09.png,C_Martensite_9\127_C_Martensite_09.png,127_C_Martensite_09.png,127_C_Martensite_09,.png,96,96,RGB
D:\AI_Materials_Microscopy\data\raw\Dataset\C_Martensite_9\128_C_Martensite_09.png,C_Martensite_9\128_C_Martensite_09.png,128_C_Martensite_09.png,128_C_Martensite_09,.png,96,96,RGB
D:\AI_Materials_Microscopy\data\raw\Dataset\C_Martensite_9\129_C_Martensite_09.png,C_Martensite_9\129_C_Martensite_09.png,129_C_Martensite_09.png,129_C_Martensite_09,.png,96,96,RGB
D:\AI_Materials_Microscopy\data\raw\Dataset\C_Martensite_9\130_C_Martensite_09.png,C_Martensite_9\130_C_Martensite_09.png,130_C_Martensite_09.png,130_C_Martensite_09,.png,96,96,RGB
D:\AI_Materials_Microscopy\data\raw\Dataset\C_Martensite_9\131_C_Martensite_09.png,C_Martensite_9\131_C_Martensite_09.png,131_C_Martensite_09.png,131_C_Martensite_09,.png,96,96,RGB
D:\AI_Materials_Microscopy\data\raw\Dataset\C_Martensite_9\132_C_Martensite_09.png,C_Martensite_9\132_C_Martensite_09.png,132_C_Martensite_09.png,132_C_Martensite_09,.png,256,256,RGB
D:\AI_Materials_Microscopy\data\raw\Dataset\C_Martensite_9\133_C_Martensite_09.png,C_Martensite_9\133_C_Martensite_09.png,133_C_Martensite_09.png,133_C_Martensite_09,.png,256,256,RGB
D:\AI_Materials_Microscopy\data\raw\Dataset\C_Martensite_9\134_C_Martensite_09.png,C_Martensite_9\134_C_Martensite_09.png,134_C_Martensite_09.png,134_C_Martensite_09,.png,256,256,RGB
D:\AI_Materials_Microscopy\data\raw\Dataset\C_Martensite_9\135_C_Martensite_09.png,C_Martensite_9\135_C_Martensite_09.png,135_C_Martensite_09.png,135_C_Martensite_09,.png,256,256,RGB
D:\AI_Materials_Microscopy\data\raw\Dataset\C_Martensite_9\136_C_Martensite_09.png,C_Martensite_9\136_C_Martensite_09.png,136_C_Martensite_09.png,136_C_Martensite_09,.png,256,256,RGB
D:\AI_Materials_Microscopy\data\raw\Dataset\C_Martensite_9\137_C_Martensite_09.png,C_Martensite_9\137_C_Martensite_09.png,137_C_Martensite_09.png,137_C_Martensite_09,.png,256,256,RGB
D:\AI_Materials_Microscopy\data\raw\Dataset\C_Martensite_9\138_C_Martensite_09.png,C_Martensite_9\138_C_Martensite_09.png,138_C_Martensite_09.png,138_C_Martensite_09,.png,256,256,RGB
D:\AI_Materials_Microscopy\data\raw\Dataset\C_Martensite_9\139_C_Martensite_09.png,C_Martensite_9\139_C_Martensite_09.png,139_C_Martensite_09.png,139_C_Martensite_09,.png,256,256,RGB
D:\AI_Materials_Microscopy\data\raw\Dataset\C_Martensite_9\140_C_Martensite_09.png,C_Martensite_9\140_C_Martensite_09.png,140_C_Martensite_09.png,140_C_Martensite_09,.png,256,256,RGB
D:\AI_Materials_Microscopy\data\raw\Dataset\C_Martensite_9\141_C_Martensite_09.png,C_Martensite_9\141_C_Martensite_09.png,141_C_Martensite_09.png,141_C_Martensite_09,.png,256,256,RGB
D:\AI_Materials_Microscopy\data\raw\Dataset\C_Martensite_9\142_C_Martensite_09.png,C_Martensite_9\142_C_Martensite_09.png,142_C_Martensite_09.png,142_C_Martensite_09,.png,256,256,RGB
D:\AI_Materials_Microscopy\data\raw\Dataset\C_Martensite_9\143_C_Martensite_09.png,C_Martensite_9\143_C_Martensite_09.png,143_C_Martensite_09.png,143_C_Martensite_09,.png,256,256,RGB
D:\AI_Materials_Microscopy\data\raw\Dataset\C_Martensite_9\144_C_Martensite_09.png,C_Martensite_9\144_C_Martensite_09.png,144_C_Martensite_09.png,144_C_Martensite_09,.png,256,256,RGB
D:\AI_Materials_Microscopy\data\raw\Dataset\C_Martensite_9\145_C_Martensite_09.png,C_Martensite_9\145_C_Martensite_09.png,145_C_Martensite_09.png,145_C_Martensite_09,.png,256,256,RGB
D:\AI_Materials_Microscopy\data\raw\Dataset\C_Martensite_9\146_C_Martensite_09.png,C_Martensite_9\146_C_Martensite_09.png,146_C_Martensite_09.png,146_C_Martensite_09,.png,256,256,RGB
D:\AI_Materials_Microscopy\data\raw\Dataset\C_Martensite_9\147_C_Martensite_09.png,C_Martensite_9\147_C_Martensite_09.png,147_C_Martensite_09.png,147_C_Martensite_09,.png,256,256,RGB
D:\AI_Materials_Microscopy\data\raw\Dataset\C_Martensite_9\148_C_Martensite_09.png,C_Martensite_9\148_C_Martensite_09.png,148_C_Martensite_09.png,148_C_Martensite_09,.png,256,256,RGB
D:\AI_Materials_Microscopy\data\raw\Dataset\C_Martensite_9\149_C_Martensite_09.png,C_Martensite_9\149_C_Martensite_09.png,149_C_Martensite_09.png,149_C_Martensite_09,.png,256,256,RGB
D:\AI_Materials_Microscopy\data\raw\Dataset\C_Martensite_9\150_C_Martensite_09.png,C_Martensite_9\150_C_Martensite_09.png,150_C_Martensite_09.png,150_C_Martensite_09,.png,256,256,RGB
D:\AI_Materials_Microscopy\data\raw\Dataset\C_Martensite_9\151_C_Martensite_09.png,C_Martensite_9\151_C_Martensite_09.png,151_C_Martensite_09.png,151_C_Martensite_09,.png,256,256,RGB
D:\AI_Materials_Microscopy\data\raw\Dataset\D_Bainite_1\228_C_Bainite_01.png,D_Bainite_1\228_C_Bainite_01.png,228_C_Bainite_01.png,228_C_Bainite_01,.png,96,96,RGB
D:\AI_Materials_Microscopy\data\raw\Dataset\D_Bainite_1\229_D_Bainite_01.png,D_Bainite_1\229_D_Bainite_01.png,229_D_Bainite_01.png,229_D_Bainite_01,.png,96,96,RGB
D:\AI_Materials_Microscopy\data\raw\Dataset\D_Bainite_1\230_D_Bainite_01.png,D_Bainite_1\230_D_Bainite_01.png,230_D_Bainite_01.png,230_D_Bainite_01,.png,96,96,RGB
D:\AI_Materials_Microscopy\data\raw\Dataset\D_Bainite_1\231_D_Bainite_01.png,D_Bainite_1\231_D_Bainite_01.png,231_D_Bainite_01.png,231_D_Bainite_01,.png,96,96,RGB
D:\AI_Materials_Microscopy\data\raw\Dataset\D_Bainite_1\232_D_Bainite_01.png,D_Bainite_1\232_D_Bainite_01.png,232_D_Bainite_01.png,232_D_Bainite_01,.png,96,96,RGB
D:\AI_Materials_Microscopy\data\raw\Dataset\D_Bainite_1\233_D_Bainite_01.png,D_Bainite_1\233_D_Bainite_01.png,233_D_Bainite_01.png,233_D_Bainite_01,.png,96,96,RGB
D:\AI_Materials_Microscopy\data\raw\Dataset\D_Bainite_1\234_D_Bainite_01.png,D_Bainite_1\234_D_Bainite_01.png,234_D_Bainite_01.png,234_D_Bainite_01,.png,96,96,RGB
D:\AI_Materials_Microscopy\data\raw\Dataset\D_Bainite_1\235_D_Bainite_01.png,D_Bainite_1\235_D_Bainite_01.png,235_D_Bainite_01.png,235_D_Bainite_01,.png,96,96,RGB
D:\AI_Materials_Microscopy\data\raw\Dataset\D_Bainite_1\236_D_Bainite_01.png,D_Bainite_1\236_D_Bainite_01.png,236_D_Bainite_01.png,236_D_Bainite_01,.png,96,96,RGB
D:\AI_Materials_Microscopy\data\raw\Dataset\D_Bainite_1\237_D_Bainite_01.png,D_Bainite_1\237_D_Bainite_01.png,237_D_Bainite_01.png,237_D_Bainite_01,.png,256,256,RGB
D:\AI_Materials_Microscopy\data\raw\Dataset\D_Bainite_1\238_D_Bainite_01.png,D_Bainite_1\238_D_Bainite_01.png,238_D_Bainite_01.png,238_D_Bainite_01,.png,256,256,RGB
D:\AI_Materials_Microscopy\data\raw\Dataset\D_Bainite_1\239_D_Bainite_01.png,D_Bainite_1\239_D_Bainite_01.png,239_D_Bainite_01.png,239_D_Bainite_01,.png,256,256,RGB
D:\AI_Materials_Microscopy\data\raw\Dataset\D_Bainite_1\240_D_Bainite_01.png,D_Bainite_1\240_D_Bainite_01.png,240_D_Bainite_01.png,240_D_Bainite_01,.png,256,256,RGB
D:\AI_Materials_Microscopy\data\raw\Dataset\D_Bainite_1\241_D_Bainite_01.png,D_Bainite_1\241_D_Bainite_01.png,241_D_Bainite_01.png,241_D_Bainite_01,.png,256,256,RGB
D:\AI_Materials_Microscopy\data\raw\Dataset\D_Bainite_1\242_D_Bainite_01.png,D_Bainite_1\242_D_Bainite_01.png,242_D_Bainite_01.png,242_D_Bainite_01,.png,256,256,RGB
D:\AI_Materials_Microscopy\data\raw\Dataset\D_Bainite_1\243_D_Bainite_01.png,D_Bainite_1\243_D_Bainite_01.png,243_D_Bainite_01.png,243_D_Bainite_01,.png,256,256,RGB
D:\AI_Materials_Microscopy\data\raw\Dataset\D_Bainite_1\244_D_Bainite_01.png,D_Bainite_1\244_D_Bainite_01.png,244_D_Bainite_01.png,244_D_Bainite_01,.png,256,256,RGB
D:\AI_Materials_Microscopy\data\raw\Dataset\D_Bainite_1\245_D_Bainite_01.png,D_Bainite_1\245_D_Bainite_01.png,245_D_Bainite_01.png,245_D_Bainite_01,.png,256,256,RGB
D:\AI_Materials_Microscopy\data\raw\Dataset\D_Bainite_1\246_D_Bainite_01.png,D_Bainite_1\246_D_Bainite_01.png,246_D_Bainite_01.png,246_D_Bainite_01,.png,256,256,RGB
D:\AI_Materials_Microscopy\data\raw\Dataset\D_Bainite_1\247_D_Bainite_01.png,D_Bainite_1\247_D_Bainite_01.png,247_D_Bainite_01.png,247_D_Bainite_01,.png,96,96,RGB
D:\AI_Materials_Microscopy\data\raw\Dataset\D_Bainite_1\248_D_Bainite_01.png,D_Bainite_1\248_D_Bainite_01.png,248_D_Bainite_01.png,248_D_Bainite_01,.png,96,96,RGB
D:\AI_Materials_Microscopy\data\raw\Dataset\D_Bainite_1\249_D_Bainite_01.png,D_Bainite_1\249_D_Bainite_01.png,249_D_Bainite_01.png,249_D_Bainite_01,.png,96,96,RGB
D:\AI_Materials_Microscopy\data\raw\Dataset\D_Bainite_1\250_D_Bainite_01.png,D_Bainite_1\250_D_Bainite_01.png,250_D_Bainite_01.png,250_D_Bainite_01,.png,96,96,RGB
D:\AI_Materials_Microscopy\data\raw\Dataset\D_Bainite_1\251_D_Bainite_01.png,D_Bainite_1\251_D_Bainite_01.png,251_D_Bainite_01.png,251_D_Bainite_01,.png,96,96,RGB
D:\AI_Materials_Microscopy\data\raw\Dataset\D_Bainite_1\252_D_Bainite_01.png,D_Bainite_1\252_D_Bainite_01.png,252_D_Bainite_01.png,252_D_Bainite_01,.png,96,96,RGB
D:\AI_Materials_Microscopy\data\raw\Dataset\D_Bainite_1\253_D_Bainite_01.png,D_Bainite_1\253_D_Bainite_01.png,253_D_Bainite_01.png,253_D_Bainite_01,.png,96,96,RGB
D:\AI_Materials_Microscopy\data\raw\Dataset\D_Bainite_1\254_D_Bainite_01.png,D_Bainite_1\254_D_Bainite_01.png,254_D_Bainite_01.png,254_D_Bainite_01,.png,96,96,RGB
D:\AI_Materials_Microscopy\data\raw\Dataset\D_Bainite_1\255_D_Bainite_01.png,D_Bainite_1\255_D_Bainite_01.png,255_D_Bainite_01.png,255_D_Bainite_01,.png,96,96,RGB
D:\AI_Materials_Microscopy\data\raw\Dataset\D_Bainite_1\256_D_Bainite_01.png,D_Bainite_1\256_D_Bainite_01.png,256_D_Bainite_01.png,256_D_Bainite_01,.png,96,96,RGB
D:\AI_Materials_Microscopy\data\raw\Dataset\D_Bainite_1\257_D_Bainite_01.png,D_Bainite_1\257_D_Bainite_01.png,257_D_Bainite_01.png,257_D_Bainite_01,.png,96,96,RGB
D:\AI_Materials_Microscopy\data\raw\Dataset\D_Bainite_1\258_D_Bainite_01.png,D_Bainite_1\258_D_Bainite_01.png,258_D_Bainite_01.png,258_D_Bainite_01,.png,96,96,RGB
D:\AI_Materials_Microscopy\data\raw\Dataset\D_Bainite_1\259_D_Bainite_01.png,D_Bainite_1\259_D_Bainite_01.png,259_D_Bainite_01.png,259_D_Bainite_01,.png,96,96,RGB
D:\AI_Materials_Microscopy\data\raw\Dataset\D_Bainite_1\260_D_Bainite_01.png,D_Bainite_1\260_D_Bainite_01.png,260_D_Bainite_01.png,260_D_Bainite_01,.png,96,96,RGB
D:\AI_Materials_Microscopy\data\raw\Dataset\D_Bainite_1\261_D_Bainite_01.png,D_Bainite_1\261_D_Bainite_01.png,261_D_Bainite_01.png,261_D_Bainite_01,.png,96,96,RGB
D:\AI_Materials_Microscopy\data\raw\Dataset\D_Bainite_1\262_D_Bainite_01.png,D_Bainite_1\262_D_Bainite_01.png,262_D_Bainite_01.png,262_D_Bainite_01,.png,96,96,RGB
D:\AI_Materials_Microscopy\data\raw\Dataset\D_Bainite_1\263_D_Bainite_01.png,D_Bainite_1\263_D_Bainite_01.png,263_D_Bainite_01.png,263_D_Bainite_01,.png,96,96,RGB
D:\AI_Materials_Microscopy\data\raw\Dataset\D_Bainite_1\264_D_Bainite_01.png,D_Bainite_1\264_D_Bainite_01.png,264_D_Bainite_01.png,264_D_Bainite_01,.png,96,96,RGB
D:\AI_Materials_Microscopy\data\raw\Dataset\D_Bainite_1\265_D_Bainite_01.png,D_Bainite_1\265_D_Bainite_01.png,265_D_Bainite_01.png,265_D_Bainite_01,.png,256,256,RGB
D:\AI_Materials_Microscopy\data\raw\Dataset\D_Bainite_1\266_D_Bainite_01.png,D_Bainite_1\266_D_Bainite_01.png,266_D_Bainite_01.png,266_D_Bainite_01,.png,256,256,RGB
D:\AI_Materials_Microscopy\data\raw\Dataset\D_Bainite_1\267_D_Bainite_01.png,D_Bainite_1\267_D_Bainite_01.png,267_D_Bainite_01.png,267_D_Bainite_01,.png,256,256,RGB
D:\AI_Materials_Microscopy\data\raw\Dataset\D_Bainite_1\268_D_Bainite_01.png,D_Bainite_1\268_D_Bainite_01.png,268_D_Bainite_01.png,268_D_Bainite_01,.png,256,256,RGB
D:\AI_Materials_Microscopy\data\raw\Dataset\D_Bainite_1\269_D_Bainite_01.png,D_Bainite_1\269_D_Bainite_01.png,269_D_Bainite_01.png,269_D_Bainite_01,.png,256,256,RGB
D:\AI_Materials_Microscopy\data\raw\Dataset\D_Bainite_1\270_D_Bainite_01.png,D_Bainite_1\270_D_Bainite_01.png,270_D_Bainite_01.png,270_D_Bainite_01,.png,256,256,RGB
D:\AI_Materials_Microscopy\data\raw\Dataset\D_Bainite_1\271_D_Bainite_01.png,D_Bainite_1\271_D_Bainite_01.png,271_D_Bainite_01.png,271_D_Bainite_01,.png,256,256,RGB
D:\AI_Materials_Microscopy\data\raw\Dataset\D_Bainite_1\272_D_Bainite_01.png,D_Bainite_1\272_D_Bainite_01.png,272_D_Bainite_01.png,272_D_Bainite_01,.png,256,256,RGB
D:\AI_Materials_Microscopy\data\raw\Dataset\D_Bainite_1\273_D_Bainite_01.png,D_Bainite_1\273_D_Bainite_01.png,273_D_Bainite_01.png,273_D_Bainite_01,.png,256,256,RGB
D:\AI_Materials_Microscopy\data\raw\Dataset\D_Bainite_1\274_D_Bainite_01.png,D_Bainite_1\274_D_Bainite_01.png,274_D_Bainite_01.png,274_D_Bainite_01,.png,256,256,RGB
D:\AI_Materials_Microscopy\data\raw\Dataset\D_Bainite_1\275_D_Bainite_01.png,D_Bainite_1\275_D_Bainite_01.png,275_D_Bainite_01.png,275_D_Bainite_01,.png,256,256,RGB
D:\AI_Materials_Microscopy\data\raw\Dataset\D_Bainite_1\276_D_Bainite_01.png,D_Bainite_1\276_D_Bainite_01.png,276_D_Bainite_01.png,276_D_Bainite_01,.png,256,256,RGB
D:\AI_Materials_Microscopy\data\raw\Dataset\D_Bainite_1\277_D_Bainite_01.png,D_Bainite_1\277_D_Bainite_01.png,277_D_Bainite_01.png,277_D_Bainite_01,.png,256,256,RGB
D:\AI_Materials_Microscopy\data\raw\Dataset\D_Bainite_1\278_D_Bainite_01.png,D_Bainite_1\278_D_Bainite_01.png,278_D_Bainite_01.png,278_D_Bainite_01,.png,256,256,RGB
D:\AI_Materials_Microscopy\data\raw\Dataset\D_Bainite_1\279_D_Bainite_01.png,D_Bainite_1\279_D_Bainite_01.png,279_D_Bainite_01.png,279_D_Bainite_01,.png,256,256,RGB
D:\AI_Materials_Microscopy\data\raw\Dataset\D_Bainite_1\280_D_Bainite_01.png,D_Bainite_1\280_D_Bainite_01.png,280_D_Bainite_01.png,280_D_Bainite_01,.png,256,256,RGB
D:\AI_Materials_Microscopy\data\raw\Dataset\D_Bainite_1\281_D_Bainite_01.png,D_Bainite_1\281_D_Bainite_01.png,281_D_Bainite_01.png,281_D_Bainite_01,.png,256,256,RGB
D:\AI_Materials_Microscopy\data\raw\Dataset\D_Bainite_1\282_D_Bainite_01.png,D_Bainite_1\282_D_Bainite_01.png,282_D_Bainite_01.png,282_D_Bainite_01,.png,256,256,RGB
D:\AI_Materials_Microscopy\data\raw\Dataset\D_Bainite_1\283_D_Bainite_01.png,D_Bainite_1\283_D_Bainite_01.png,283_D_Bainite_01.png,283_D_Bainite_01,.png,256,256,RGB
D:\AI_Materials_Microscopy\data\raw\Dataset\D_Bainite_1\284_D_Bainite_01.png,D_Bainite_1\284_D_Bainite_01.png,284_D_Bainite_01.png,284_D_Bainite_01,.png,256,256,RGB
D:\AI_Materials_Microscopy\data\raw\Dataset\D_Bainite_10\228_D_Bainite_10.png,D_Bainite_10\228_D_Bainite_10.png,228_D_Bainite_10.png,228_D_Bainite_10,.png,96,96,RGB
D:\AI_Materials_Microscopy\data\raw\Dataset\D_Bainite_10\229_D_Bainite_10.png,D_Bainite_10\229_D_Bainite_10.png,229_D_Bainite_10.png,229_D_Bainite_10,.png,96,96,RGB
D:\AI_Materials_Microscopy\data\raw\Dataset\D_Bainite_10\230_D_Bainite_10.png,D_Bainite_10\230_D_Bainite_10.png,230_D_Bainite_10.png,230_D_Bainite_10,.png,96,96,RGB
D:\AI_Materials_Microscopy\data\raw\Dataset\D_Bainite_10\231_D_Bainite_10.png,D_Bainite_10\231_D_Bainite_10.png,231_D_Bainite_10.png,231_D_Bainite_10,.png,96,96,RGB
D:\AI_Materials_Microscopy\data\raw\Dataset\D_Bainite_10\232_D_Bainite_10.png,D_Bainite_10\232_D_Bainite_10.png,232_D_Bainite_10.png,232_D_Bainite_10,.png,96,96,RGB
D:\AI_Materials_Microscopy\data\raw\Dataset\D_Bainite_10\233_D_Bainite_10.png,D_Bainite_10\233_D_Bainite_10.png,233_D_Bainite_10.png,233_D_Bainite_10,.png,96,96,RGB
D:\AI_Materials_Microscopy\data\raw\Dataset\D_Bainite_10\234_D_Bainite_10.png,D_Bainite_10\234_D_Bainite_10.png,234_D_Bainite_10.png,234_D_Bainite_10,.png,96,96,RGB
D:\AI_Materials_Microscopy\data\raw\Dataset\D_Bainite_10\235_D_Bainite_10.png,D_Bainite_10\235_D_Bainite_10.png,235_D_Bainite_10.png,235_D_Bainite_10,.png,96,96,RGB
D:\AI_Materials_Microscopy\data\raw\Dataset\D_Bainite_10\236_D_Bainite_10.png,D_Bainite_10\236_D_Bainite_10.png,236_D_Bainite_10.png,236_D_Bainite_10,.png,96,96,RGB
D:\AI_Materials_Microscopy\data\raw\Dataset\D_Bainite_10\237_D_Bainite_10.png,D_Bainite_10\237_D_Bainite_10.png,237_D_Bainite_10.png,237_D_Bainite_10,.png,256,256,RGB
D:\AI_Materials_Microscopy\data\raw\Dataset\D_Bainite_10\238_D_Bainite_10.png,D_Bainite_10\238_D_Bainite_10.png,238_D_Bainite_10.png,238_D_Bainite_10,.png,256,256,RGB
D:\AI_Materials_Microscopy\data\raw\Dataset\D_Bainite_10\239_D_Bainite_10.png,D_Bainite_10\239_D_Bainite_10.png,239_D_Bainite_10.png,239_D_Bainite_10,.png,256,256,RGB
D:\AI_Materials_Microscopy\data\raw\Dataset\D_Bainite_10\240_D_Bainite_10.png,D_Bainite_10\240_D_Bainite_10.png,240_D_Bainite_10.png,240_D_Bainite_10,.png,256,256,RGB
D:\AI_Materials_Microscopy\data\raw\Dataset\D_Bainite_10\241_D_Bainite_10.png,D_Bainite_10\241_D_Bainite_10.png,241_D_Bainite_10.png,241_D_Bainite_10,.png,256,256,RGB
D:\AI_Materials_Microscopy\data\raw\Dataset\D_Bainite_10\242_D_Bainite_10.png,D_Bainite_10\242_D_Bainite_10.png,242_D_Bainite_10.png,242_D_Bainite_10,.png,256,256,RGB
D:\AI_Materials_Microscopy\data\raw\Dataset\D_Bainite_10\243_D_Bainite_10.png,D_Bainite_10\243_D_Bainite_10.png,243_D_Bainite_10.png,243_D_Bainite_10,.png,256,256,RGB
D:\AI_Materials_Microscopy\data\raw\Dataset\D_Bainite_10\244_D_Bainite_10.png,D_Bainite_10\244_D_Bainite_10.png,244_D_Bainite_10.png,244_D_Bainite_10,.png,256,256,RGB
D:\AI_Materials_Microscopy\data\raw\Dataset\D_Bainite_10\245_D_Bainite_10.png,D_Bainite_10\245_D_Bainite_10.png,245_D_Bainite_10.png,245_D_Bainite_10,.png,256,256,RGB
D:\AI_Materials_Microscopy\data\raw\Dataset\D_Bainite_10\246_D_Bainite_10.png,D_Bainite_10\246_D_Bainite_10.png,246_D_Bainite_10.png,246_D_Bainite_10,.png,256,256,RGB
D:\AI_Materials_Microscopy\data\raw\Dataset\D_Bainite_10\247_D_Bainite_10.png,D_Bainite_10\247_D_Bainite_10.png,247_D_Bainite_10.png,247_D_Bainite_10,.png,96,96,RGB
D:\AI_Materials_Microscopy\data\raw\Dataset\D_Bainite_10\248_D_Bainite_10.png,D_Bainite_10\248_D_Bainite_10.png,248_D_Bainite_10.png,248_D_Bainite_10,.png,96,96,RGB
D:\AI_Materials_Microscopy\data\raw\Dataset\D_Bainite_10\249_D_Bainite_10.png,D_Bainite_10\249_D_Bainite_10.png,249_D_Bainite_10.png,249_D_Bainite_10,.png,96,96,RGB
D:\AI_Materials_Microscopy\data\raw\Dataset\D_Bainite_10\250_D_Bainite_10.png,D_Bainite_10\250_D_Bainite_10.png,250_D_Bainite_10.png,250_D_Bainite_10,.png,96,96,RGB
D:\AI_Materials_Microscopy\data\raw\Dataset\D_Bainite_10\251_D_Bainite_10.png,D_Bainite_10\251_D_Bainite_10.png,251_D_Bainite_10.png,251_D_Bainite_10,.png,96,96,RGB
D:\AI_Materials_Microscopy\data\raw\Dataset\D_Bainite_10\252_D_Bainite_10.png,D_Bainite_10\252_D_Bainite_10.png,252_D_Bainite_10.png,252_D_Bainite_10,.png,96,96,RGB
D:\AI_Materials_Microscopy\data\raw\Dataset\D_Bainite_10\253_D_Bainite_10.png,D_Bainite_10\253_D_Bainite_10.png,253_D_Bainite_10.png,253_D_Bainite_10,.png,96,96,RGB
D:\AI_Materials_Microscopy\data\raw\Dataset\D_Bainite_10\254_D_Bainite_10.png,D_Bainite_10\254_D_Bainite_10.png,254_D_Bainite_10.png,254_D_Bainite_10,.png,96,96,RGB
D:\AI_Materials_Microscopy\data\raw\Dataset\D_Bainite_10\255_D_Bainite_10.png,D_Bainite_10\255_D_Bainite_10.png,255_D_Bainite_10.png,255_D_Bainite_10,.png,96,96,RGB
D:\AI_Materials_Microscopy\data\raw\Dataset\D_Bainite_10\256_D_Bainite_10.png,D_Bainite_10\256_D_Bainite_10.png,256_D_Bainite_10.png,256_D_Bainite_10,.png,96,96,RGB
D:\AI_Materials_Microscopy\data\raw\Dataset\D_Bainite_10\257_D_Bainite_10.png,D_Bainite_10\257_D_Bainite_10.png,257_D_Bainite_10.png,257_D_Bainite_10,.png,96,96,RGB
D:\AI_Materials_Microscopy\data\raw\Dataset\D_Bainite_10\258_D_Bainite_10.png,D_Bainite_10\258_D_Bainite_10.png,258_D_Bainite_10.png,258_D_Bainite_10,.png,96,96,RGB
D:\AI_Materials_Microscopy\data\raw\Dataset\D_Bainite_10\259_D_Bainite_10.png,D_Bainite_10\259_D_Bainite_10.png,259_D_Bainite_10.png,259_D_Bainite_10,.png,96,96,RGB
D:\AI_Materials_Microscopy\data\raw\Dataset\D_Bainite_10\260_D_Bainite_10.png,D_Bainite_10\260_D_Bainite_10.png,260_D_Bainite_10.png,260_D_Bainite_10,.png,96,96,RGB
D:\AI_Materials_Microscopy\data\raw\Dataset\D_Bainite_10\261_D_Bainite_10.png,D_Bainite_10\261_D_Bainite_10.png,261_D_Bainite_10.png,261_D_Bainite_10,.png,96,96,RGB
D:\AI_Materials_Microscopy\data\raw\Dataset\D_Bainite_10\262_D_Bainite_10.png,D_Bainite_10\262_D_Bainite_10.png,262_D_Bainite_10.png,262_D_Bainite_10,.png,96,96,RGB
D:\AI_Materials_Microscopy\data\raw\Dataset\D_Bainite_10\263_D_Bainite_10.png,D_Bainite_10\263_D_Bainite_10.png,263_D_Bainite_10.png,263_D_Bainite_10,.png,96,96,RGB
D:\AI_Materials_Microscopy\data\raw\Dataset\D_Bainite_10\264_D_Bainite_10.png,D_Bainite_10\264_D_Bainite_10.png,264_D_Bainite_10.png,264_D_Bainite_10,.png,96,96,RGB
D:\AI_Materials_Microscopy\data\raw\Dataset\D_Bainite_10\265_D_Bainite_10.png,D_Bainite_10\265_D_Bainite_10.png,265_D_Bainite_10.png,265_D_Bainite_10,.png,256,256,RGB
D:\AI_Materials_Microscopy\data\raw\Dataset\D_Bainite_10\266_D_Bainite_10.png,D_Bainite_10\266_D_Bainite_10.png,266_D_Bainite_10.png,266_D_Bainite_10,.png,256,256,RGB
D:\AI_Materials_Microscopy\data\raw\Dataset\D_Bainite_10\267_D_Bainite_10.png,D_Bainite_10\267_D_Bainite_10.png,267_D_Bainite_10.png,267_D_Bainite_10,.png,256,256,RGB
D:\AI_Materials_Microscopy\data\raw\Dataset\D_Bainite_10\268_D_Bainite_10.png,D_Bainite_10\268_D_Bainite_10.png,268_D_Bainite_10.png,268_D_Bainite_10,.png,256,256,RGB
D:\AI_Materials_Microscopy\data\raw\Dataset\D_Bainite_10\269_D_Bainite_10.png,D_Bainite_10\269_D_Bainite_10.png,269_D_Bainite_10.png,269_D_Bainite_10,.png,256,256,RGB
D:\AI_Materials_Microscopy\data\raw\Dataset\D_Bainite_10\270_D_Bainite_10.png,D_Bainite_10\270_D_Bainite_10.png,270_D_Bainite_10.png,270_D_Bainite_10,.png,256,256,RGB
D:\AI_Materials_Microscopy\data\raw\Dataset\D_Bainite_10\271_D_Bainite_10.png,D_Bainite_10\271_D_Bainite_10.png,271_D_Bainite_10.png,271_D_Bainite_10,.png,256,256,RGB
D:\AI_Materials_Microscopy\data\raw\Dataset\D_Bainite_10\272_D_Bainite_10.png,D_Bainite_10\272_D_Bainite_10.png,272_D_Bainite_10.png,272_D_Bainite_10,.png,256,256,RGB
D:\AI_Materials_Microscopy\data\raw\Dataset\D_Bainite_10\273_D_Bainite_10.png,D_Bainite_10\273_D_Bainite_10.png,273_D_Bainite_10.png,273_D_Bainite_10,.png,256,256,RGB
D:\AI_Materials_Microscopy\data\raw\Dataset\D_Bainite_10\274_D_Bainite_10.png,D_Bainite_10\274_D_Bainite_10.png,274_D_Bainite_10.png,274_D_Bainite_10,.png,256,256,RGB
D:\AI_Materials_Microscopy\data\raw\Dataset\D_Bainite_10\275_D_Bainite_10.png,D_Bainite_10\275_D_Bainite_10.png,275_D_Bainite_10.png,275_D_Bainite_10,.png,256,256,RGB
D:\AI_Materials_Microscopy\data\raw\Dataset\D_Bainite_10\276_D_Bainite_10.png,D_Bainite_10\276_D_Bainite_10.png,276_D_Bainite_10.png,276_D_Bainite_10,.png,256,256,RGB
D:\AI_Materials_Microscopy\data\raw\Dataset\D_Bainite_10\277_D_Bainite_10.png,D_Bainite_10\277_D_Bainite_10.png,277_D_Bainite_10.png,277_D_Bainite_10,.png,256,256,RGB
D:\AI_Materials_Microscopy\data\raw\Dataset\D_Bainite_10\278_D_Bainite_10.png,D_Bainite_10\278_D_Bainite_10.png,278_D_Bainite_10.png,278_D_Bainite_10,.png,256,256,RGB
D:\AI_Materials_Microscopy\data\raw\Dataset\D_Bainite_10\279_D_Bainite_10.png,D_Bainite_10\279_D_Bainite_10.png,279_D_Bainite_10.png,279_D_Bainite_10,.png,256,256,RGB
D:\AI_Materials_Microscopy\data\raw\Dataset\D_Bainite_10\280_D_Bainite_10.png,D_Bainite_10\280_D_Bainite_10.png,280_D_Bainite_10.png,280_D_Bainite_10,.png,256,256,RGB
D:\AI_Materials_Microscopy\data\raw\Dataset\D_Bainite_10\281_D_Bainite_10.png,D_Bainite_10\281_D_Bainite_10.png,281_D_Bainite_10.png,281_D_Bainite_10,.png,256,256,RGB
D:\AI_Materials_Microscopy\data\raw\Dataset\D_Bainite_10\282_D_Bainite_10.png,D_Bainite_10\282_D_Bainite_10.png,282_D_Bainite_10.png,282_D_Bainite_10,.png,256,256,RGB
D:\AI_Materials_Microscopy\data\raw\Dataset\D_Bainite_10\283_D_Bainite_10.png,D_Bainite_10\283_D_Bainite_10.png,283_D_Bainite_10.png,283_D_Bainite_10,.png,256,256,RGB
D:\AI_Materials_Microscopy\data\raw\Dataset\D_Bainite_10\284_D_Bainite_10.png,D_Bainite_10\284_D_Bainite_10.png,284_D_Bainite_10.png,284_D_Bainite_10,.png,256,256,RGB
D:\AI_Materials_Microscopy\data\raw\Dataset\D_Bainite_11\228_D_Bainite_11.png,D_Bainite_11\228_D_Bainite_11.png,228_D_Bainite_11.png,228_D_Bainite_11,.png,96,96,RGB
D:\AI_Materials_Microscopy\data\raw\Dataset\D_Bainite_11\229_D_Bainite_11.png,D_Bainite_11\229_D_Bainite_11.png,229_D_Bainite_11.png,229_D_Bainite_11,.png,96,96,RGB
D:\AI_Materials_Microscopy\data\raw\Dataset\D_Bainite_11\230_D_Bainite_11.png,D_Bainite_11\230_D_Bainite_11.png,230_D_Bainite_11.png,230_D_Bainite_11,.png,96,96,RGB
D:\AI_Materials_Microscopy\data\raw\Dataset\D_Bainite_11\231_D_Bainite_11.png,D_Bainite_11\231_D_Bainite_11.png,231_D_Bainite_11.png,231_D_Bainite_11,.png,96,96,RGB
D:\AI_Materials_Microscopy\data\raw\Dataset\D_Bainite_11\232_D_Bainite_11.png,D_Bainite_11\232_D_Bainite_11.png,232_D_Bainite_11.png,232_D_Bainite_11,.png,96,96,RGB
D:\AI_Materials_Microscopy\data\raw\Dataset\D_Bainite_11\233_D_Bainite_11.png,D_Bainite_11\233_D_Bainite_11.png,233_D_Bainite_11.png,233_D_Bainite_11,.png,96,96,RGB
D:\AI_Materials_Microscopy\data\raw\Dataset\D_Bainite_11\234_D_Bainite_11.png,D_Bainite_11\234_D_Bainite_11.png,234_D_Bainite_11.png,234_D_Bainite_11,.png,96,96,RGB
D:\AI_Materials_Microscopy\data\raw\Dataset\D_Bainite_11\235_D_Bainite_11.png,D_Bainite_11\235_D_Bainite_11.png,235_D_Bainite_11.png,235_D_Bainite_11,.png,96,96,RGB
D:\AI_Materials_Microscopy\data\raw\Dataset\D_Bainite_11\236_D_Bainite_11.png,D_Bainite_11\236_D_Bainite_11.png,236_D_Bainite_11.png,236_D_Bainite_11,.png,96,96,RGB
D:\AI_Materials_Microscopy\data\raw\Dataset\D_Bainite_11\237_D_Bainite_11.png,D_Bainite_11\237_D_Bainite_11.png,237_D_Bainite_11.png,237_D_Bainite_11,.png,256,256,RGB
D:\AI_Materials_Microscopy\data\raw\Dataset\D_Bainite_11\238_D_Bainite_11.png,D_Bainite_11\238_D_Bainite_11.png,238_D_Bainite_11.png,238_D_Bainite_11,.png,256,256,RGB
D:\AI_Materials_Microscopy\data\raw\Dataset\D_Bainite_11\239_D_Bainite_11.png,D_Bainite_11\239_D_Bainite_11.png,239_D_Bainite_11.png,239_D_Bainite_11,.png,256,256,RGB
D:\AI_Materials_Microscopy\data\raw\Dataset\D_Bainite_11\240_D_Bainite_11.png,D_Bainite_11\240_D_Bainite_11.png,240_D_Bainite_11.png,240_D_Bainite_11,.png,256,256,RGB
D:\AI_Materials_Microscopy\data\raw\Dataset\D_Bainite_11\241_D_Bainite_11.png,D_Bainite_11\241_D_Bainite_11.png,241_D_Bainite_11.png,241_D_Bainite_11,.png,256,256,RGB
D:\AI_Materials_Microscopy\data\raw\Dataset\D_Bainite_11\242_D_Bainite_11.png,D_Bainite_11\242_D_Bainite_11.png,242_D_Bainite_11.png,242_D_Bainite_11,.png,256,256,RGB
D:\AI_Materials_Microscopy\data\raw\Dataset\D_Bainite_11\243_D_Bainite_11.png,D_Bainite_11\243_D_Bainite_11.png,243_D_Bainite_11.png,243_D_Bainite_11,.png,256,256,RGB
D:\AI_Materials_Microscopy\data\raw\Dataset\D_Bainite_11\244_D_Bainite_11.png,D_Bainite_11\244_D_Bainite_11.png,244_D_Bainite_11.png,244_D_Bainite_11,.png,256,256,RGB
D:\AI_Materials_Microscopy\data\raw\Dataset\D_Bainite_11\245_D_Bainite_11.png,D_Bainite_11\245_D_Bainite_11.png,245_D_Bainite_11.png,245_D_Bainite_11,.png,256,256,RGB
D:\AI_Materials_Microscopy\data\raw\Dataset\D_Bainite_11\246_D_Bainite_11.png,D_Bainite_11\246_D_Bainite_11.png,246_D_Bainite_11.png,246_D_Bainite_11,.png,256,256,RGB
D:\AI_Materials_Microscopy\data\raw\Dataset\D_Bainite_11\247_D_Bainite_11.png,D_Bainite_11\247_D_Bainite_11.png,247_D_Bainite_11.png,247_D_Bainite_11,.png,96,96,RGB
D:\AI_Materials_Microscopy\data\raw\Dataset\D_Bainite_11\248_D_Bainite_11.png,D_Bainite_11\248_D_Bainite_11.png,248_D_Bainite_11.png,248_D_Bainite_11,.png,96,96,RGB
D:\AI_Materials_Microscopy\data\raw\Dataset\D_Bainite_11\249_D_Bainite_11.png,D_Bainite_11\249_D_Bainite_11.png,249_D_Bainite_11.png,249_D_Bainite_11,.png,96,96,RGB
D:\AI_Materials_Microscopy\data\raw\Dataset\D_Bainite_11\250_D_Bainite_11.png,D_Bainite_11\250_D_Bainite_11.png,250_D_Bainite_11.png,250_D_Bainite_11,.png,96,96,RGB
D:\AI_Materials_Microscopy\data\raw\Dataset\D_Bainite_11\251_D_Bainite_11.png,D_Bainite_11\251_D_Bainite_11.png,251_D_Bainite_11.png,251_D_Bainite_11,.png,96,96,RGB
D:\AI_Materials_Microscopy\data\raw\Dataset\D_Bainite_11\252_D_Bainite_11.png,D_Bainite_11\252_D_Bainite_11.png,252_D_Bainite_11.png,252_D_Bainite_11,.png,96,96,RGB
D:\AI_Materials_Microscopy\data\raw\Dataset\D_Bainite_11\253_D_Bainite_11.png,D_Bainite_11\253_D_Bainite_11.png,253_D_Bainite_11.png,253_D_Bainite_11,.png,96,96,RGB
D:\AI_Materials_Microscopy\data\raw\Dataset\D_Bainite_11\254_D_Bainite_11.png,D_Bainite_11\254_D_Bainite_11.png,254_D_Bainite_11.png,254_D_Bainite_11,.png,96,96,RGB
D:\AI_Materials_Microscopy\data\raw\Dataset\D_Bainite_11\255_D_Bainite_11.png,D_Bainite_11\255_D_Bainite_11.png,255_D_Bainite_11.png,255_D_Bainite_11,.png,96,96,RGB
D:\AI_Materials_Microscopy\data\raw\Dataset\D_Bainite_11\256_D_Bainite_11.png,D_Bainite_11\256_D_Bainite_11.png,256_D_Bainite_11.png,256_D_Bainite_11,.png,96,96,RGB
D:\AI_Materials_Microscopy\data\raw\Dataset\D_Bainite_11\257_D_Bainite_11.png,D_Bainite_11\257_D_Bainite_11.png,257_D_Bainite_11.png,257_D_Bainite_11,.png,96,96,RGB
D:\AI_Materials_Microscopy\data\raw\Dataset\D_Bainite_11\258_D_Bainite_11.png,D_Bainite_11\258_D_Bainite_11.png,258_D_Bainite_11.png,258_D_Bainite_11,.png,96,96,RGB
D:\AI_Materials_Microscopy\data\raw\Dataset\D_Bainite_11\259_D_Bainite_11.png,D_Bainite_11\259_D_Bainite_11.png,259_D_Bainite_11.png,259_D_Bainite_11,.png,96,96,RGB
D:\AI_Materials_Microscopy\data\raw\Dataset\D_Bainite_11\260_D_Bainite_11.png,D_Bainite_11\260_D_Bainite_11.png,260_D_Bainite_11.png,260_D_Bainite_11,.png,96,96,RGB
D:\AI_Materials_Microscopy\data\raw\Dataset\D_Bainite_11\261_D_Bainite_11.png,D_Bainite_11\261_D_Bainite_11.png,261_D_Bainite_11.png,261_D_Bainite_11,.png,96,96,RGB
D:\AI_Materials_Microscopy\data\raw\Dataset\D_Bainite_11\262_D_Bainite_11.png,D_Bainite_11\262_D_Bainite_11.png,262_D_Bainite_11.png,262_D_Bainite_11,.png,96,96,RGB
D:\AI_Materials_Microscopy\data\raw\Dataset\D_Bainite_11\263_D_Bainite_11.png,D_Bainite_11\263_D_Bainite_11.png,263_D_Bainite_11.png,263_D_Bainite_11,.png,96,96,RGB
D:\AI_Materials_Microscopy\data\raw\Dataset\D_Bainite_11\264_D_Bainite_11.png,D_Bainite_11\264_D_Bainite_11.png,264_D_Bainite_11.png,264_D_Bainite_11,.png,96,96,RGB
D:\AI_Materials_Microscopy\data\raw\Dataset\D_Bainite_11\265_D_Bainite_11.png,D_Bainite_11\265_D_Bainite_11.png,265_D_Bainite_11.png,265_D_Bainite_11,.png,256,256,RGB
D:\AI_Materials_Microscopy\data\raw\Dataset\D_Bainite_11\266_D_Bainite_11.png,D_Bainite_11\266_D_Bainite_11.png,266_D_Bainite_11.png,266_D_Bainite_11,.png,256,256,RGB
D:\AI_Materials_Microscopy\data\raw\Dataset\D_Bainite_11\267_D_Bainite_11.png,D_Bainite_11\267_D_Bainite_11.png,267_D_Bainite_11.png,267_D_Bainite_11,.png,256,256,RGB
D:\AI_Materials_Microscopy\data\raw\Dataset\D_Bainite_11\268_D_Bainite_11.png,D_Bainite_11\268_D_Bainite_11.png,268_D_Bainite_11.png,268_D_Bainite_11,.png,256,256,RGB
D:\AI_Materials_Microscopy\data\raw\Dataset\D_Bainite_11\269_D_Bainite_11.png,D_Bainite_11\269_D_Bainite_11.png,269_D_Bainite_11.png,269_D_Bainite_11,.png,256,256,RGB
D:\AI_Materials_Microscopy\data\raw\Dataset\D_Bainite_11\270_D_Bainite_11.png,D_Bainite_11\270_D_Bainite_11.png,270_D_Bainite_11.png,270_D_Bainite_11,.png,256,256,RGB
D:\AI_Materials_Microscopy\data\raw\Dataset\D_Bainite_11\271_D_Bainite_11.png,D_Bainite_11\271_D_Bainite_11.png,271_D_Bainite_11.png,271_D_Bainite_11,.png,256,256,RGB
D:\AI_Materials_Microscopy\data\raw\Dataset\D_Bainite_11\272_D_Bainite_11.png,D_Bainite_11\272_D_Bainite_11.png,272_D_Bainite_11.png,272_D_Bainite_11,.png,256,256,RGB
D:\AI_Materials_Microscopy\data\raw\Dataset\D_Bainite_11\273_D_Bainite_11.png,D_Bainite_11\273_D_Bainite_11.png,273_D_Bainite_11.png,273_D_Bainite_11,.png,256,256,RGB
D:\AI_Materials_Microscopy\data\raw\Dataset\D_Bainite_11\274_D_Bainite_11.png,D_Bainite_11\274_D_Bainite_11.png,274_D_Bainite_11.png,274_D_Bainite_11,.png,256,256,RGB
D:\AI_Materials_Microscopy\data\raw\Dataset\D_Bainite_11\275_D_Bainite_11.png,D_Bainite_11\275_D_Bainite_11.png,275_D_Bainite_11.png,275_D_Bainite_11,.png,256,256,RGB
D:\AI_Materials_Microscopy\data\raw\Dataset\D_Bainite_11\276_D_Bainite_11.png,D_Bainite_11\276_D_Bainite_11.png,276_D_Bainite_11.png,276_D_Bainite_11,.png,256,256,RGB
D:\AI_Materials_Microscopy\data\raw\Dataset\D_Bainite_11\277_D_Bainite_11.png,D_Bainite_11\277_D_Bainite_11.png,277_D_Bainite_11.png,277_D_Bainite_11,.png,256,256,RGB
D:\AI_Materials_Microscopy\data\raw\Dataset\D_Bainite_11\278_D_Bainite_11.png,D_Bainite_11\278_D_Bainite_11.png,278_D_Bainite_11.png,278_D_Bainite_11,.png,256,256,RGB
D:\AI_Materials_Microscopy\data\raw\Dataset\D_Bainite_11\279_D_Bainite_11.png,D_Bainite_11\279_D_Bainite_11.png,279_D_Bainite_11.png,279_D_Bainite_11,.png,256,256,RGB
D:\AI_Materials_Microscopy\data\raw\Dataset\D_Bainite_11\280_D_Bainite_11.png,D_Bainite_11\280_D_Bainite_11.png,280_D_Bainite_11.png,280_D_Bainite_11,.png,256,256,RGB
D:\AI_Materials_Microscopy\data\raw\Dataset\D_Bainite_11\281_D_Bainite_11.png,D_Bainite_11\281_D_Bainite_11.png,281_D_Bainite_11.png,281_D_Bainite_11,.png,256,256,RGB
D:\AI_Materials_Microscopy\data\raw\Dataset\D_Bainite_11\282_D_Bainite_11.png,D_Bainite_11\282_D_Bainite_11.png,282_D_Bainite_11.png,282_D_Bainite_11,.png,256,256,RGB
D:\AI_Materials_Microscopy\data\raw\Dataset\D_Bainite_11\283_D_Bainite_11.png,D_Bainite_11\283_D_Bainite_11.png,283_D_Bainite_11.png,283_D_Bainite_11,.png,256,256,RGB
D:\AI_Materials_Microscopy\data\raw\Dataset\D_Bainite_11\284_D_Bainite_11.png,D_Bainite_11\284_D_Bainite_11.png,284_D_Bainite_11.png,284_D_Bainite_11,.png,256,256,RGB
D:\AI_Materials_Microscopy\data\raw\Dataset\D_Bainite_12\228_D_Bainite_12.png,D_Bainite_12\228_D_Bainite_12.png,228_D_Bainite_12.png,228_D_Bainite_12,.png,96,96,RGB
D:\AI_Materials_Microscopy\data\raw\Dataset\D_Bainite_12\229_D_Bainite_12.png,D_Bainite_12\229_D_Bainite_12.png,229_D_Bainite_12.png,229_D_Bainite_12,.png,96,96,RGB
D:\AI_Materials_Microscopy\data\raw\Dataset\D_Bainite_12\230_D_Bainite_12.png,D_Bainite_12\230_D_Bainite_12.png,230_D_Bainite_12.png,230_D_Bainite_12,.png,96,96,RGB
D:\AI_Materials_Microscopy\data\raw\Dataset\D_Bainite_12\231_D_Bainite_12.png,D_Bainite_12\231_D_Bainite_12.png,231_D_Bainite_12.png,231_D_Bainite_12,.png,96,96,RGB
D:\AI_Materials_Microscopy\data\raw\Dataset\D_Bainite_12\232_D_Bainite_12.png,D_Bainite_12\232_D_Bainite_12.png,232_D_Bainite_12.png,232_D_Bainite_12,.png,96,96,RGB
D:\AI_Materials_Microscopy\data\raw\Dataset\D_Bainite_12\233_D_Bainite_12.png,D_Bainite_12\233_D_Bainite_12.png,233_D_Bainite_12.png,233_D_Bainite_12,.png,96,96,RGB
D:\AI_Materials_Microscopy\data\raw\Dataset\D_Bainite_12\234_D_Bainite_12.png,D_Bainite_12\234_D_Bainite_12.png,234_D_Bainite_12.png,234_D_Bainite_12,.png,96,96,RGB
D:\AI_Materials_Microscopy\data\raw\Dataset\D_Bainite_12\235_D_Bainite_12.png,D_Bainite_12\235_D_Bainite_12.png,235_D_Bainite_12.png,235_D_Bainite_12,.png,96,96,RGB
D:\AI_Materials_Microscopy\data\raw\Dataset\D_Bainite_12\236_D_Bainite_12.png,D_Bainite_12\236_D_Bainite_12.png,236_D_Bainite_12.png,236_D_Bainite_12,.png,96,96,RGB
D:\AI_Materials_Microscopy\data\raw\Dataset\D_Bainite_12\237_D_Bainite_12.png,D_Bainite_12\237_D_Bainite_12.png,237_D_Bainite_12.png,237_D_Bainite_12,.png,256,256,RGB
D:\AI_Materials_Microscopy\data\raw\Dataset\D_Bainite_12\238_D_Bainite_12.png,D_Bainite_12\238_D_Bainite_12.png,238_D_Bainite_12.png,238_D_Bainite_12,.png,256,256,RGB
D:\AI_Materials_Microscopy\data\raw\Dataset\D_Bainite_12\239_D_Bainite_12.png,D_Bainite_12\239_D_Bainite_12.png,239_D_Bainite_12.png,239_D_Bainite_12,.png,256,256,RGB
D:\AI_Materials_Microscopy\data\raw\Dataset\D_Bainite_12\240_D_Bainite_12.png,D_Bainite_12\240_D_Bainite_12.png,240_D_Bainite_12.png,240_D_Bainite_12,.png,256,256,RGB
D:\AI_Materials_Microscopy\data\raw\Dataset\D_Bainite_12\241_D_Bainite_12.png,D_Bainite_12\241_D_Bainite_12.png,241_D_Bainite_12.png,241_D_Bainite_12,.png,256,256,RGB
D:\AI_Materials_Microscopy\data\raw\Dataset\D_Bainite_12\242_D_Bainite_12.png,D_Bainite_12\242_D_Bainite_12.png,242_D_Bainite_12.png,242_D_Bainite_12,.png,256,256,RGB
D:\AI_Materials_Microscopy\data\raw\Dataset\D_Bainite_12\243_D_Bainite_12.png,D_Bainite_12\243_D_Bainite_12.png,243_D_Bainite_12.png,243_D_Bainite_12,.png,256,256,RGB
D:\AI_Materials_Microscopy\data\raw\Dataset\D_Bainite_12\244_D_Bainite_12.png,D_Bainite_12\244_D_Bainite_12.png,244_D_Bainite_12.png,244_D_Bainite_12,.png,256,256,RGB
D:\AI_Materials_Microscopy\data\raw\Dataset\D_Bainite_12\245_D_Bainite_12.png,D_Bainite_12\245_D_Bainite_12.png,245_D_Bainite_12.png,245_D_Bainite_12,.png,256,256,RGB
D:\AI_Materials_Microscopy\data\raw\Dataset\D_Bainite_12\246_D_Bainite_12.png,D_Bainite_12\246_D_Bainite_12.png,246_D_Bainite_12.png,246_D_Bainite_12,.png,256,256,RGB
D:\AI_Materials_Microscopy\data\raw\Dataset\D_Bainite_12\247_D_Bainite_12.png,D_Bainite_12\247_D_Bainite_12.png,247_D_Bainite_12.png,247_D_Bainite_12,.png,96,96,RGB
D:\AI_Materials_Microscopy\data\raw\Dataset\D_Bainite_12\248_D_Bainite_12.png,D_Bainite_12\248_D_Bainite_12.png,248_D_Bainite_12.png,248_D_Bainite_12,.png,96,96,RGB
D:\AI_Materials_Microscopy\data\raw\Dataset\D_Bainite_12\249_D_Bainite_12.png,D_Bainite_12\249_D_Bainite_12.png,249_D_Bainite_12.png,249_D_Bainite_12,.png,96,96,RGB
D:\AI_Materials_Microscopy\data\raw\Dataset\D_Bainite_12\250_D_Bainite_12.png,D_Bainite_12\250_D_Bainite_12.png,250_D_Bainite_12.png,250_D_Bainite_12,.png,96,96,RGB
D:\AI_Materials_Microscopy\data\raw\Dataset\D_Bainite_12\251_D_Bainite_12.png,D_Bainite_12\251_D_Bainite_12.png,251_D_Bainite_12.png,251_D_Bainite_12,.png,96,96,RGB
D:\AI_Materials_Microscopy\data\raw\Dataset\D_Bainite_12\252_D_Bainite_12.png,D_Bainite_12\252_D_Bainite_12.png,252_D_Bainite_12.png,252_D_Bainite_12,.png,96,96,RGB
D:\AI_Materials_Microscopy\data\raw\Dataset\D_Bainite_12\253_D_Bainite_12.png,D_Bainite_12\253_D_Bainite_12.png,253_D_Bainite_12.png,253_D_Bainite_12,.png,96,96,RGB
D:\AI_Materials_Microscopy\data\raw\Dataset\D_Bainite_12\254_D_Bainite_12.png,D_Bainite_12\254_D_Bainite_12.png,254_D_Bainite_12.png,254_D_Bainite_12,.png,96,96,RGB
D:\AI_Materials_Microscopy\data\raw\Dataset\D_Bainite_12\255_D_Bainite_12.png,D_Bainite_12\255_D_Bainite_12.png,255_D_Bainite_12.png,255_D_Bainite_12,.png,96,96,RGB
D:\AI_Materials_Microscopy\data\raw\Dataset\D_Bainite_12\256_D_Bainite_12.png,D_Bainite_12\256_D_Bainite_12.png,256_D_Bainite_12.png,256_D_Bainite_12,.png,96,96,RGB
D:\AI_Materials_Microscopy\data\raw\Dataset\D_Bainite_12\257_D_Bainite_12.png,D_Bainite_12\257_D_Bainite_12.png,257_D_Bainite_12.png,257_D_Bainite_12,.png,96,96,RGB
D:\AI_Materials_Microscopy\data\raw\Dataset\D_Bainite_12\258_D_Bainite_12.png,D_Bainite_12\258_D_Bainite_12.png,258_D_Bainite_12.png,258_D_Bainite_12,.png,96,96,RGB
D:\AI_Materials_Microscopy\data\raw\Dataset\D_Bainite_12\259_D_Bainite_12.png,D_Bainite_12\259_D_Bainite_12.png,259_D_Bainite_12.png,259_D_Bainite_12,.png,96,96,RGB
D:\AI_Materials_Microscopy\data\raw\Dataset\D_Bainite_12\260_D_Bainite_12.png,D_Bainite_12\260_D_Bainite_12.png,260_D_Bainite_12.png,260_D_Bainite_12,.png,96,96,RGB
D:\AI_Materials_Microscopy\data\raw\Dataset\D_Bainite_12\261_D_Bainite_12.png,D_Bainite_12\261_D_Bainite_12.png,261_D_Bainite_12.png,261_D_Bainite_12,.png,96,96,RGB
D:\AI_Materials_Microscopy\data\raw\Dataset\D_Bainite_12\262_D_Bainite_12.png,D_Bainite_12\262_D_Bainite_12.png,262_D_Bainite_12.png,262_D_Bainite_12,.png,96,96,RGB
D:\AI_Materials_Microscopy\data\raw\Dataset\D_Bainite_12\263_D_Bainite_12.png,D_Bainite_12\263_D_Bainite_12.png,263_D_Bainite_12.png,263_D_Bainite_12,.png,96,96,RGB
D:\AI_Materials_Microscopy\data\raw\Dataset\D_Bainite_12\264_D_Bainite_12.png,D_Bainite_12\264_D_Bainite_12.png,264_D_Bainite_12.png,264_D_Bainite_12,.png,96,96,RGB
D:\AI_Materials_Microscopy\data\raw\Dataset\D_Bainite_12\265_D_Bainite_12.png,D_Bainite_12\265_D_Bainite_12.png,265_D_Bainite_12.png,265_D_Bainite_12,.png,256,256,RGB
D:\AI_Materials_Microscopy\data\raw\Dataset\D_Bainite_12\266_D_Bainite_12.png,D_Bainite_12\266_D_Bainite_12.png,266_D_Bainite_12.png,266_D_Bainite_12,.png,256,256,RGB
D:\AI_Materials_Microscopy\data\raw\Dataset\D_Bainite_12\267_D_Bainite_12.png,D_Bainite_12\267_D_Bainite_12.png,267_D_Bainite_12.png,267_D_Bainite_12,.png,256,256,RGB
D:\AI_Materials_Microscopy\data\raw\Dataset\D_Bainite_12\268_D_Bainite_12.png,D_Bainite_12\268_D_Bainite_12.png,268_D_Bainite_12.png,268_D_Bainite_12,.png,256,256,RGB
D:\AI_Materials_Microscopy\data\raw\Dataset\D_Bainite_12\269_D_Bainite_12.png,D_Bainite_12\269_D_Bainite_12.png,269_D_Bainite_12.png,269_D_Bainite_12,.png,256,256,RGB
D:\AI_Materials_Microscopy\data\raw\Dataset\D_Bainite_12\270_D_Bainite_12.png,D_Bainite_12\270_D_Bainite_12.png,270_D_Bainite_12.png,270_D_Bainite_12,.png,256,256,RGB
D:\AI_Materials_Microscopy\data\raw\Dataset\D_Bainite_12\271_D_Bainite_12.png,D_Bainite_12\271_D_Bainite_12.png,271_D_Bainite_12.png,271_D_Bainite_12,.png,256,256,RGB
D:\AI_Materials_Microscopy\data\raw\Dataset\D_Bainite_12\272_D_Bainite_12.png,D_Bainite_12\272_D_Bainite_12.png,272_D_Bainite_12.png,272_D_Bainite_12,.png,256,256,RGB
D:\AI_Materials_Microscopy\data\raw\Dataset\D_Bainite_12\273_D_Bainite_12.png,D_Bainite_12\273_D_Bainite_12.png,273_D_Bainite_12.png,273_D_Bainite_12,.png,256,256,RGB
D:\AI_Materials_Microscopy\data\raw\Dataset\D_Bainite_12\274_D_Bainite_12.png,D_Bainite_12\274_D_Bainite_12.png,274_D_Bainite_12.png,274_D_Bainite_12,.png,256,256,RGB
D:\AI_Materials_Microscopy\data\raw\Dataset\D_Bainite_12\275_D_Bainite_12.png,D_Bainite_12\275_D_Bainite_12.png,275_D_Bainite_12.png,275_D_Bainite_12,.png,256,256,RGB
D:\AI_Materials_Microscopy\data\raw\Dataset\D_Bainite_12\276_D_Bainite_12.png,D_Bainite_12\276_D_Bainite_12.png,276_D_Bainite_12.png,276_D_Bainite_12,.png,256,256,RGB
D:\AI_Materials_Microscopy\data\raw\Dataset\D_Bainite_12\277_D_Bainite_12.png,D_Bainite_12\277_D_Bainite_12.png,277_D_Bainite_12.png,277_D_Bainite_12,.png,256,256,RGB
D:\AI_Materials_Microscopy\data\raw\Dataset\D_Bainite_12\278_D_Bainite_12.png,D_Bainite_12\278_D_Bainite_12.png,278_D_Bainite_12.png,278_D_Bainite_12,.png,256,256,RGB
D:\AI_Materials_Microscopy\data\raw\Dataset\D_Bainite_12\279_D_Bainite_12.png,D_Bainite_12\279_D_Bainite_12.png,279_D_Bainite_12.png,279_D_Bainite_12,.png,256,256,RGB
D:\AI_Materials_Microscopy\data\raw\Dataset\D_Bainite_12\280_D_Bainite_12.png,D_Bainite_12\280_D_Bainite_12.png,280_D_Bainite_12.png,280_D_Bainite_12,.png,256,256,RGB
D:\AI_Materials_Microscopy\data\raw\Dataset\D_Bainite_12\281_D_Bainite_12.png,D_Bainite_12\281_D_Bainite_12.png,281_D_Bainite_12.png,281_D_Bainite_12,.png,256,256,RGB
D:\AI_Materials_Microscopy\data\raw\Dataset\D_Bainite_12\282_D_Bainite_12.png,D_Bainite_12\282_D_Bainite_12.png,282_D_Bainite_12.png,282_D_Bainite_12,.png,256,256,RGB
D:\AI_Materials_Microscopy\data\raw\Dataset\D_Bainite_12\283_D_Bainite_12.png,D_Bainite_12\283_D_Bainite_12.png,283_D_Bainite_12.png,283_D_Bainite_12,.png,256,256,RGB
D:\AI_Materials_Microscopy\data\raw\Dataset\D_Bainite_12\284_D_Bainite_12.png,D_Bainite_12\284_D_Bainite_12.png,284_D_Bainite_12.png,284_D_Bainite_12,.png,256,256,RGB
D:\AI_Materials_Microscopy\data\raw\Dataset\D_Bainite_2\228_D_Bainite_02.png,D_Bainite_2\228_D_Bainite_02.png,228_D_Bainite_02.png,228_D_Bainite_02,.png,96,96,RGB
D:\AI_Materials_Microscopy\data\raw\Dataset\D_Bainite_2\229_D_Bainite_02.png,D_Bainite_2\229_D_Bainite_02.png,229_D_Bainite_02.png,229_D_Bainite_02,.png,96,96,RGB
D:\AI_Materials_Microscopy\data\raw\Dataset\D_Bainite_2\230_D_Bainite_02.png,D_Bainite_2\230_D_Bainite_02.png,230_D_Bainite_02.png,230_D_Bainite_02,.png,96,96,RGB
D:\AI_Materials_Microscopy\data\raw\Dataset\D_Bainite_2\231_D_Bainite_02.png,D_Bainite_2\231_D_Bainite_02.png,231_D_Bainite_02.png,231_D_Bainite_02,.png,96,96,RGB
D:\AI_Materials_Microscopy\data\raw\Dataset\D_Bainite_2\232_D_Bainite_02.png,D_Bainite_2\232_D_Bainite_02.png,232_D_Bainite_02.png,232_D_Bainite_02,.png,96,96,RGB
D:\AI_Materials_Microscopy\data\raw\Dataset\D_Bainite_2\233_D_Bainite_02.png,D_Bainite_2\233_D_Bainite_02.png,233_D_Bainite_02.png,233_D_Bainite_02,.png,96,96,RGB
D:\AI_Materials_Microscopy\data\raw\Dataset\D_Bainite_2\234_D_Bainite_02.png,D_Bainite_2\234_D_Bainite_02.png,234_D_Bainite_02.png,234_D_Bainite_02,.png,96,96,RGB
D:\AI_Materials_Microscopy\data\raw\Dataset\D_Bainite_2\235_D_Bainite_02.png,D_Bainite_2\235_D_Bainite_02.png,235_D_Bainite_02.png,235_D_Bainite_02,.png,96,96,RGB
D:\AI_Materials_Microscopy\data\raw\Dataset\D_Bainite_2\236_D_Bainite_02.png,D_Bainite_2\236_D_Bainite_02.png,236_D_Bainite_02.png,236_D_Bainite_02,.png,96,96,RGB
D:\AI_Materials_Microscopy\data\raw\Dataset\D_Bainite_2\237_D_Bainite_02.png,D_Bainite_2\237_D_Bainite_02.png,237_D_Bainite_02.png,237_D_Bainite_02,.png,256,256,RGB
D:\AI_Materials_Microscopy\data\raw\Dataset\D_Bainite_2\238_D_Bainite_02.png,D_Bainite_2\238_D_Bainite_02.png,238_D_Bainite_02.png,238_D_Bainite_02,.png,256,256,RGB
D:\AI_Materials_Microscopy\data\raw\Dataset\D_Bainite_2\239_D_Bainite_02.png,D_Bainite_2\239_D_Bainite_02.png,239_D_Bainite_02.png,239_D_Bainite_02,.png,256,256,RGB
D:\AI_Materials_Microscopy\data\raw\Dataset\D_Bainite_2\240_D_Bainite_02.png,D_Bainite_2\240_D_Bainite_02.png,240_D_Bainite_02.png,240_D_Bainite_02,.png,256,256,RGB
D:\AI_Materials_Microscopy\data\raw\Dataset\D_Bainite_2\241_D_Bainite_02.png,D_Bainite_2\241_D_Bainite_02.png,241_D_Bainite_02.png,241_D_Bainite_02,.png,256,256,RGB
D:\AI_Materials_Microscopy\data\raw\Dataset\D_Bainite_2\242_D_Bainite_02.png,D_Bainite_2\242_D_Bainite_02.png,242_D_Bainite_02.png,242_D_Bainite_02,.png,256,256,RGB
D:\AI_Materials_Microscopy\data\raw\Dataset\D_Bainite_2\243_D_Bainite_02.png,D_Bainite_2\243_D_Bainite_02.png,243_D_Bainite_02.png,243_D_Bainite_02,.png,256,256,RGB
D:\AI_Materials_Microscopy\data\raw\Dataset\D_Bainite_2\244_D_Bainite_02.png,D_Bainite_2\244_D_Bainite_02.png,244_D_Bainite_02.png,244_D_Bainite_02,.png,256,256,RGB
D:\AI_Materials_Microscopy\data\raw\Dataset\D_Bainite_2\245_D_Bainite_02.png,D_Bainite_2\245_D_Bainite_02.png,245_D_Bainite_02.png,245_D_Bainite_02,.png,256,256,RGB
D:\AI_Materials_Microscopy\data\raw\Dataset\D_Bainite_2\246_D_Bainite_02.png,D_Bainite_2\246_D_Bainite_02.png,246_D_Bainite_02.png,246_D_Bainite_02,.png,256,256,RGB
D:\AI_Materials_Microscopy\data\raw\Dataset\D_Bainite_2\247_D_Bainite_02.png,D_Bainite_2\247_D_Bainite_02.png,247_D_Bainite_02.png,247_D_Bainite_02,.png,96,96,RGB
D:\AI_Materials_Microscopy\data\raw\Dataset\D_Bainite_2\248_D_Bainite_02.png,D_Bainite_2\248_D_Bainite_02.png,248_D_Bainite_02.png,248_D_Bainite_02,.png,96,96,RGB
D:\AI_Materials_Microscopy\data\raw\Dataset\D_Bainite_2\249_D_Bainite_02.png,D_Bainite_2\249_D_Bainite_02.png,249_D_Bainite_02.png,249_D_Bainite_02,.png,96,96,RGB
D:\AI_Materials_Microscopy\data\raw\Dataset\D_Bainite_2\250_D_Bainite_02.png,D_Bainite_2\250_D_Bainite_02.png,250_D_Bainite_02.png,250_D_Bainite_02,.png,96,96,RGB
D:\AI_Materials_Microscopy\data\raw\Dataset\D_Bainite_2\251_D_Bainite_02.png,D_Bainite_2\251_D_Bainite_02.png,251_D_Bainite_02.png,251_D_Bainite_02,.png,96,96,RGB
D:\AI_Materials_Microscopy\data\raw\Dataset\D_Bainite_2\252_D_Bainite_02.png,D_Bainite_2\252_D_Bainite_02.png,252_D_Bainite_02.png,252_D_Bainite_02,.png,96,96,RGB
D:\AI_Materials_Microscopy\data\raw\Dataset\D_Bainite_2\253_D_Bainite_02.png,D_Bainite_2\253_D_Bainite_02.png,253_D_Bainite_02.png,253_D_Bainite_02,.png,96,96,RGB
D:\AI_Materials_Microscopy\data\raw\Dataset\D_Bainite_2\254_D_Bainite_02.png,D_Bainite_2\254_D_Bainite_02.png,254_D_Bainite_02.png,254_D_Bainite_02,.png,96,96,RGB
D:\AI_Materials_Microscopy\data\raw\Dataset\D_Bainite_2\255_D_Bainite_02.png,D_Bainite_2\255_D_Bainite_02.png,255_D_Bainite_02.png,255_D_Bainite_02,.png,96,96,RGB
D:\AI_Materials_Microscopy\data\raw\Dataset\D_Bainite_2\256_D_Bainite_02.png,D_Bainite_2\256_D_Bainite_02.png,256_D_Bainite_02.png,256_D_Bainite_02,.png,96,96,RGB
D:\AI_Materials_Microscopy\data\raw\Dataset\D_Bainite_2\257_D_Bainite_02.png,D_Bainite_2\257_D_Bainite_02.png,257_D_Bainite_02.png,257_D_Bainite_02,.png,96,96,RGB
D:\AI_Materials_Microscopy\data\raw\Dataset\D_Bainite_2\258_D_Bainite_02.png,D_Bainite_2\258_D_Bainite_02.png,258_D_Bainite_02.png,258_D_Bainite_02,.png,96,96,RGB
D:\AI_Materials_Microscopy\data\raw\Dataset\D_Bainite_2\259_D_Bainite_02.png,D_Bainite_2\259_D_Bainite_02.png,259_D_Bainite_02.png,259_D_Bainite_02,.png,96,96,RGB
D:\AI_Materials_Microscopy\data\raw\Dataset\D_Bainite_2\260_D_Bainite_02.png,D_Bainite_2\260_D_Bainite_02.png,260_D_Bainite_02.png,260_D_Bainite_02,.png,96,96,RGB
D:\AI_Materials_Microscopy\data\raw\Dataset\D_Bainite_2\261_D_Bainite_02.png,D_Bainite_2\261_D_Bainite_02.png,261_D_Bainite_02.png,261_D_Bainite_02,.png,96,96,RGB
D:\AI_Materials_Microscopy\data\raw\Dataset\D_Bainite_2\262_D_Bainite_02.png,D_Bainite_2\262_D_Bainite_02.png,262_D_Bainite_02.png,262_D_Bainite_02,.png,96,96,RGB
D:\AI_Materials_Microscopy\data\raw\Dataset\D_Bainite_2\263_D_Bainite_02.png,D_Bainite_2\263_D_Bainite_02.png,263_D_Bainite_02.png,263_D_Bainite_02,.png,96,96,RGB
D:\AI_Materials_Microscopy\data\raw\Dataset\D_Bainite_2\264_D_Bainite_02.png,D_Bainite_2\264_D_Bainite_02.png,264_D_Bainite_02.png,264_D_Bainite_02,.png,96,96,RGB
D:\AI_Materials_Microscopy\data\raw\Dataset\D_Bainite_2\265_D_Bainite_02.png,D_Bainite_2\265_D_Bainite_02.png,265_D_Bainite_02.png,265_D_Bainite_02,.png,256,256,RGB
D:\AI_Materials_Microscopy\data\raw\Dataset\D_Bainite_2\266_D_Bainite_02.png,D_Bainite_2\266_D_Bainite_02.png,266_D_Bainite_02.png,266_D_Bainite_02,.png,256,256,RGB
D:\AI_Materials_Microscopy\data\raw\Dataset\D_Bainite_2\267_D_Bainite_02.png,D_Bainite_2\267_D_Bainite_02.png,267_D_Bainite_02.png,267_D_Bainite_02,.png,256,256,RGB
D:\AI_Materials_Microscopy\data\raw\Dataset\D_Bainite_2\268_D_Bainite_02.png,D_Bainite_2\268_D_Bainite_02.png,268_D_Bainite_02.png,268_D_Bainite_02,.png,256,256,RGB
D:\AI_Materials_Microscopy\data\raw\Dataset\D_Bainite_2\269_D_Bainite_02.png,D_Bainite_2\269_D_Bainite_02.png,269_D_Bainite_02.png,269_D_Bainite_02,.png,256,256,RGB
D:\AI_Materials_Microscopy\data\raw\Dataset\D_Bainite_2\270_D_Bainite_02.png,D_Bainite_2\270_D_Bainite_02.png,270_D_Bainite_02.png,270_D_Bainite_02,.png,256,256,RGB
D:\AI_Materials_Microscopy\data\raw\Dataset\D_Bainite_2\271_D_Bainite_02.png,D_Bainite_2\271_D_Bainite_02.png,271_D_Bainite_02.png,271_D_Bainite_02,.png,256,256,RGB
D:\AI_Materials_Microscopy\data\raw\Dataset\D_Bainite_2\272_D_Bainite_02.png,D_Bainite_2\272_D_Bainite_02.png,272_D_Bainite_02.png,272_D_Bainite_02,.png,256,256,RGB
D:\AI_Materials_Microscopy\data\raw\Dataset\D_Bainite_2\273_D_Bainite_02.png,D_Bainite_2\273_D_Bainite_02.png,273_D_Bainite_02.png,273_D_Bainite_02,.png,256,256,RGB
D:\AI_Materials_Microscopy\data\raw\Dataset\D_Bainite_2\274_D_Bainite_02.png,D_Bainite_2\274_D_Bainite_02.png,274_D_Bainite_02.png,274_D_Bainite_02,.png,256,256,RGB
D:\AI_Materials_Microscopy\data\raw\Dataset\D_Bainite_2\275_D_Bainite_02.png,D_Bainite_2\275_D_Bainite_02.png,275_D_Bainite_02.png,275_D_Bainite_02,.png,256,256,RGB
D:\AI_Materials_Microscopy\data\raw\Dataset\D_Bainite_2\276_D_Bainite_02.png,D_Bainite_2\276_D_Bainite_02.png,276_D_Bainite_02.png,276_D_Bainite_02,.png,256,256,RGB
D:\AI_Materials_Microscopy\data\raw\Dataset\D_Bainite_2\277_D_Bainite_02.png,D_Bainite_2\277_D_Bainite_02.png,277_D_Bainite_02.png,277_D_Bainite_02,.png,256,256,RGB
D:\AI_Materials_Microscopy\data\raw\Dataset\D_Bainite_2\278_D_Bainite_02.png,D_Bainite_2\278_D_Bainite_02.png,278_D_Bainite_02.png,278_D_Bainite_02,.png,256,256,RGB
D:\AI_Materials_Microscopy\data\raw\Dataset\D_Bainite_2\279_D_Bainite_02.png,D_Bainite_2\279_D_Bainite_02.png,279_D_Bainite_02.png,279_D_Bainite_02,.png,256,256,RGB
D:\AI_Materials_Microscopy\data\raw\Dataset\D_Bainite_2\280_D_Bainite_02.png,D_Bainite_2\280_D_Bainite_02.png,280_D_Bainite_02.png,280_D_Bainite_02,.png,256,256,RGB
D:\AI_Materials_Microscopy\data\raw\Dataset\D_Bainite_2\281_D_Bainite_02.png,D_Bainite_2\281_D_Bainite_02.png,281_D_Bainite_02.png,281_D_Bainite_02,.png,256,256,RGB
D:\AI_Materials_Microscopy\data\raw\Dataset\D_Bainite_2\282_D_Bainite_02.png,D_Bainite_2\282_D_Bainite_02.png,282_D_Bainite_02.png,282_D_Bainite_02,.png,256,256,RGB
D:\AI_Materials_Microscopy\data\raw\Dataset\D_Bainite_2\283_D_Bainite_02.png,D_Bainite_2\283_D_Bainite_02.png,283_D_Bainite_02.png,283_D_Bainite_02,.png,256,256,RGB
D:\AI_Materials_Microscopy\data\raw\Dataset\D_Bainite_2\284_D_Bainite_02.png,D_Bainite_2\284_D_Bainite_02.png,284_D_Bainite_02.png,284_D_Bainite_02,.png,256,256,RGB
D:\AI_Materials_Microscopy\data\raw\Dataset\D_Bainite_3\228_D_Bainite_03.png,D_Bainite_3\228_D_Bainite_03.png,228_D_Bainite_03.png,228_D_Bainite_03,.png,96,96,RGB
D:\AI_Materials_Microscopy\data\raw\Dataset\D_Bainite_3\229_D_Bainite_03.png,D_Bainite_3\229_D_Bainite_03.png,229_D_Bainite_03.png,229_D_Bainite_03,.png,96,96,RGB
D:\AI_Materials_Microscopy\data\raw\Dataset\D_Bainite_3\230_D_Bainite_03.png,D_Bainite_3\230_D_Bainite_03.png,230_D_Bainite_03.png,230_D_Bainite_03,.png,96,96,RGB
D:\AI_Materials_Microscopy\data\raw\Dataset\D_Bainite_3\231_D_Bainite_03.png,D_Bainite_3\231_D_Bainite_03.png,231_D_Bainite_03.png,231_D_Bainite_03,.png,96,96,RGB
D:\AI_Materials_Microscopy\data\raw\Dataset\D_Bainite_3\232_D_Bainite_03.png,D_Bainite_3\232_D_Bainite_03.png,232_D_Bainite_03.png,232_D_Bainite_03,.png,96,96,RGB
D:\AI_Materials_Microscopy\data\raw\Dataset\D_Bainite_3\233_D_Bainite_03.png,D_Bainite_3\233_D_Bainite_03.png,233_D_Bainite_03.png,233_D_Bainite_03,.png,96,96,RGB
D:\AI_Materials_Microscopy\data\raw\Dataset\D_Bainite_3\234_D_Bainite_03.png,D_Bainite_3\234_D_Bainite_03.png,234_D_Bainite_03.png,234_D_Bainite_03,.png,96,96,RGB
D:\AI_Materials_Microscopy\data\raw\Dataset\D_Bainite_3\235_D_Bainite_03.png,D_Bainite_3\235_D_Bainite_03.png,235_D_Bainite_03.png,235_D_Bainite_03,.png,96,96,RGB
D:\AI_Materials_Microscopy\data\raw\Dataset\D_Bainite_3\236_D_Bainite_03.png,D_Bainite_3\236_D_Bainite_03.png,236_D_Bainite_03.png,236_D_Bainite_03,.png,96,96,RGB
D:\AI_Materials_Microscopy\data\raw\Dataset\D_Bainite_3\237_D_Bainite_03.png,D_Bainite_3\237_D_Bainite_03.png,237_D_Bainite_03.png,237_D_Bainite_03,.png,256,256,RGB
D:\AI_Materials_Microscopy\data\raw\Dataset\D_Bainite_3\238_D_Bainite_03.png,D_Bainite_3\238_D_Bainite_03.png,238_D_Bainite_03.png,238_D_Bainite_03,.png,256,256,RGB
D:\AI_Materials_Microscopy\data\raw\Dataset\D_Bainite_3\239_D_Bainite_03.png,D_Bainite_3\239_D_Bainite_03.png,239_D_Bainite_03.png,239_D_Bainite_03,.png,256,256,RGB
D:\AI_Materials_Microscopy\data\raw\Dataset\D_Bainite_3\240_D_Bainite_03.png,D_Bainite_3\240_D_Bainite_03.png,240_D_Bainite_03.png,240_D_Bainite_03,.png,256,256,RGB
D:\AI_Materials_Microscopy\data\raw\Dataset\D_Bainite_3\241_D_Bainite_03.png,D_Bainite_3\241_D_Bainite_03.png,241_D_Bainite_03.png,241_D_Bainite_03,.png,256,256,RGB
D:\AI_Materials_Microscopy\data\raw\Dataset\D_Bainite_3\242_D_Bainite_03.png,D_Bainite_3\242_D_Bainite_03.png,242_D_Bainite_03.png,242_D_Bainite_03,.png,256,256,RGB
D:\AI_Materials_Microscopy\data\raw\Dataset\D_Bainite_3\243_D_Bainite_03.png,D_Bainite_3\243_D_Bainite_03.png,243_D_Bainite_03.png,243_D_Bainite_03,.png,256,256,RGB
D:\AI_Materials_Microscopy\data\raw\Dataset\D_Bainite_3\244_D_Bainite_03.png,D_Bainite_3\244_D_Bainite_03.png,244_D_Bainite_03.png,244_D_Bainite_03,.png,256,256,RGB
D:\AI_Materials_Microscopy\data\raw\Dataset\D_Bainite_3\245_D_Bainite_03.png,D_Bainite_3\245_D_Bainite_03.png,245_D_Bainite_03.png,245_D_Bainite_03,.png,256,256,RGB
D:\AI_Materials_Microscopy\data\raw\Dataset\D_Bainite_3\246_D_Bainite_03.png,D_Bainite_3\246_D_Bainite_03.png,246_D_Bainite_03.png,246_D_Bainite_03,.png,256,256,RGB
D:\AI_Materials_Microscopy\data\raw\Dataset\D_Bainite_3\247_D_Bainite_03.png,D_Bainite_3\247_D_Bainite_03.png,247_D_Bainite_03.png,247_D_Bainite_03,.png,96,96,RGB
D:\AI_Materials_Microscopy\data\raw\Dataset\D_Bainite_3\248_D_Bainite_03.png,D_Bainite_3\248_D_Bainite_03.png,248_D_Bainite_03.png,248_D_Bainite_03,.png,96,96,RGB
D:\AI_Materials_Microscopy\data\raw\Dataset\D_Bainite_3\249_D_Bainite_03.png,D_Bainite_3\249_D_Bainite_03.png,249_D_Bainite_03.png,249_D_Bainite_03,.png,96,96,RGB
D:\AI_Materials_Microscopy\data\raw\Dataset\D_Bainite_3\250_D_Bainite_03.png,D_Bainite_3\250_D_Bainite_03.png,250_D_Bainite_03.png,250_D_Bainite_03,.png,96,96,RGB
D:\AI_Materials_Microscopy\data\raw\Dataset\D_Bainite_3\251_D_Bainite_03.png,D_Bainite_3\251_D_Bainite_03.png,251_D_Bainite_03.png,251_D_Bainite_03,.png,96,96,RGB
D:\AI_Materials_Microscopy\data\raw\Dataset\D_Bainite_3\252_D_Bainite_03.png,D_Bainite_3\252_D_Bainite_03.png,252_D_Bainite_03.png,252_D_Bainite_03,.png,96,96,RGB
D:\AI_Materials_Microscopy\data\raw\Dataset\D_Bainite_3\253_D_Bainite_03.png,D_Bainite_3\253_D_Bainite_03.png,253_D_Bainite_03.png,253_D_Bainite_03,.png,96,96,RGB
D:\AI_Materials_Microscopy\data\raw\Dataset\D_Bainite_3\254_D_Bainite_03.png,D_Bainite_3\254_D_Bainite_03.png,254_D_Bainite_03.png,254_D_Bainite_03,.png,96,96,RGB
D:\AI_Materials_Microscopy\data\raw\Dataset\D_Bainite_3\255_D_Bainite_03.png,D_Bainite_3\255_D_Bainite_03.png,255_D_Bainite_03.png,255_D_Bainite_03,.png,96,96,RGB
D:\AI_Materials_Microscopy\data\raw\Dataset\D_Bainite_3\256_D_Bainite_03.png,D_Bainite_3\256_D_Bainite_03.png,256_D_Bainite_03.png,256_D_Bainite_03,.png,96,96,RGB
D:\AI_Materials_Microscopy\data\raw\Dataset\D_Bainite_3\257_D_Bainite_03.png,D_Bainite_3\257_D_Bainite_03.png,257_D_Bainite_03.png,257_D_Bainite_03,.png,96,96,RGB
D:\AI_Materials_Microscopy\data\raw\Dataset\D_Bainite_3\258_D_Bainite_03.png,D_Bainite_3\258_D_Bainite_03.png,258_D_Bainite_03.png,258_D_Bainite_03,.png,96,96,RGB
D:\AI_Materials_Microscopy\data\raw\Dataset\D_Bainite_3\259_D_Bainite_03.png,D_Bainite_3\259_D_Bainite_03.png,259_D_Bainite_03.png,259_D_Bainite_03,.png,96,96,RGB
D:\AI_Materials_Microscopy\data\raw\Dataset\D_Bainite_3\260_D_Bainite_03.png,D_Bainite_3\260_D_Bainite_03.png,260_D_Bainite_03.png,260_D_Bainite_03,.png,96,96,RGB
D:\AI_Materials_Microscopy\data\raw\Dataset\D_Bainite_3\261_D_Bainite_03.png,D_Bainite_3\261_D_Bainite_03.png,261_D_Bainite_03.png,261_D_Bainite_03,.png,96,96,RGB
D:\AI_Materials_Microscopy\data\raw\Dataset\D_Bainite_3\262_D_Bainite_03.png,D_Bainite_3\262_D_Bainite_03.png,262_D_Bainite_03.png,262_D_Bainite_03,.png,96,96,RGB
D:\AI_Materials_Microscopy\data\raw\Dataset\D_Bainite_3\263_D_Bainite_03.png,D_Bainite_3\263_D_Bainite_03.png,263_D_Bainite_03.png,263_D_Bainite_03,.png,96,96,RGB
D:\AI_Materials_Microscopy\data\raw\Dataset\D_Bainite_3\264_D_Bainite_03.png,D_Bainite_3\264_D_Bainite_03.png,264_D_Bainite_03.png,264_D_Bainite_03,.png,96,96,RGB
D:\AI_Materials_Microscopy\data\raw\Dataset\D_Bainite_3\265_D_Bainite_03.png,D_Bainite_3\265_D_Bainite_03.png,265_D_Bainite_03.png,265_D_Bainite_03,.png,256,256,RGB
D:\AI_Materials_Microscopy\data\raw\Dataset\D_Bainite_3\266_D_Bainite_03.png,D_Bainite_3\266_D_Bainite_03.png,266_D_Bainite_03.png,266_D_Bainite_03,.png,256,256,RGB
D:\AI_Materials_Microscopy\data\raw\Dataset\D_Bainite_3\267_D_Bainite_03.png,D_Bainite_3\267_D_Bainite_03.png,267_D_Bainite_03.png,267_D_Bainite_03,.png,256,256,RGB
D:\AI_Materials_Microscopy\data\raw\Dataset\D_Bainite_3\268_D_Bainite_03.png,D_Bainite_3\268_D_Bainite_03.png,268_D_Bainite_03.png,268_D_Bainite_03,.png,256,256,RGB
D:\AI_Materials_Microscopy\data\raw\Dataset\D_Bainite_3\269_D_Bainite_03.png,D_Bainite_3\269_D_Bainite_03.png,269_D_Bainite_03.png,269_D_Bainite_03,.png,256,256,RGB
D:\AI_Materials_Microscopy\data\raw\Dataset\D_Bainite_3\270_D_Bainite_03.png,D_Bainite_3\270_D_Bainite_03.png,270_D_Bainite_03.png,270_D_Bainite_03,.png,256,256,RGB
D:\AI_Materials_Microscopy\data\raw\Dataset\D_Bainite_3\271_D_Bainite_03.png,D_Bainite_3\271_D_Bainite_03.png,271_D_Bainite_03.png,271_D_Bainite_03,.png,256,256,RGB
D:\AI_Materials_Microscopy\data\raw\Dataset\D_Bainite_3\272_D_Bainite_03.png,D_Bainite_3\272_D_Bainite_03.png,272_D_Bainite_03.png,272_D_Bainite_03,.png,256,256,RGB
D:\AI_Materials_Microscopy\data\raw\Dataset\D_Bainite_3\273_D_Bainite_03.png,D_Bainite_3\273_D_Bainite_03.png,273_D_Bainite_03.png,273_D_Bainite_03,.png,256,256,RGB
D:\AI_Materials_Microscopy\data\raw\Dataset\D_Bainite_3\274_D_Bainite_03.png,D_Bainite_3\274_D_Bainite_03.png,274_D_Bainite_03.png,274_D_Bainite_03,.png,256,256,RGB
D:\AI_Materials_Microscopy\data\raw\Dataset\D_Bainite_3\275_D_Bainite_03.png,D_Bainite_3\275_D_Bainite_03.png,275_D_Bainite_03.png,275_D_Bainite_03,.png,256,256,RGB
D:\AI_Materials_Microscopy\data\raw\Dataset\D_Bainite_3\276_D_Bainite_03.png,D_Bainite_3\276_D_Bainite_03.png,276_D_Bainite_03.png,276_D_Bainite_03,.png,256,256,RGB
D:\AI_Materials_Microscopy\data\raw\Dataset\D_Bainite_3\277_D_Bainite_03.png,D_Bainite_3\277_D_Bainite_03.png,277_D_Bainite_03.png,277_D_Bainite_03,.png,256,256,RGB
D:\AI_Materials_Microscopy\data\raw\Dataset\D_Bainite_3\278_D_Bainite_03.png,D_Bainite_3\278_D_Bainite_03.png,278_D_Bainite_03.png,278_D_Bainite_03,.png,256,256,RGB
D:\AI_Materials_Microscopy\data\raw\Dataset\D_Bainite_3\279_D_Bainite_03.png,D_Bainite_3\279_D_Bainite_03.png,279_D_Bainite_03.png,279_D_Bainite_03,.png,256,256,RGB
D:\AI_Materials_Microscopy\data\raw\Dataset\D_Bainite_3\280_D_Bainite_03.png,D_Bainite_3\280_D_Bainite_03.png,280_D_Bainite_03.png,280_D_Bainite_03,.png,256,256,RGB
D:\AI_Materials_Microscopy\data\raw\Dataset\D_Bainite_3\281_D_Bainite_03.png,D_Bainite_3\281_D_Bainite_03.png,281_D_Bainite_03.png,281_D_Bainite_03,.png,256,256,RGB
D:\AI_Materials_Microscopy\data\raw\Dataset\D_Bainite_3\282_D_Bainite_03.png,D_Bainite_3\282_D_Bainite_03.png,282_D_Bainite_03.png,282_D_Bainite_03,.png,256,256,RGB
D:\AI_Materials_Microscopy\data\raw\Dataset\D_Bainite_3\283_D_Bainite_03.png,D_Bainite_3\283_D_Bainite_03.png,283_D_Bainite_03.png,283_D_Bainite_03,.png,256,256,RGB
D:\AI_Materials_Microscopy\data\raw\Dataset\D_Bainite_3\284_D_Bainite_03.png,D_Bainite_3\284_D_Bainite_03.png,284_D_Bainite_03.png,284_D_Bainite_03,.png,256,256,RGB
D:\AI_Materials_Microscopy\data\raw\Dataset\D_Bainite_4\228_D_Bainite_04.png,D_Bainite_4\228_D_Bainite_04.png,228_D_Bainite_04.png,228_D_Bainite_04,.png,96,96,RGB
D:\AI_Materials_Microscopy\data\raw\Dataset\D_Bainite_4\229_D_Bainite_04.png,D_Bainite_4\229_D_Bainite_04.png,229_D_Bainite_04.png,229_D_Bainite_04,.png,96,96,RGB
D:\AI_Materials_Microscopy\data\raw\Dataset\D_Bainite_4\230_D_Bainite_04.png,D_Bainite_4\230_D_Bainite_04.png,230_D_Bainite_04.png,230_D_Bainite_04,.png,96,96,RGB
D:\AI_Materials_Microscopy\data\raw\Dataset\D_Bainite_4\231_D_Bainite_04.png,D_Bainite_4\231_D_Bainite_04.png,231_D_Bainite_04.png,231_D_Bainite_04,.png,96,96,RGB
D:\AI_Materials_Microscopy\data\raw\Dataset\D_Bainite_4\232_D_Bainite_04.png,D_Bainite_4\232_D_Bainite_04.png,232_D_Bainite_04.png,232_D_Bainite_04,.png,96,96,RGB
D:\AI_Materials_Microscopy\data\raw\Dataset\D_Bainite_4\233_D_Bainite_04.png,D_Bainite_4\233_D_Bainite_04.png,233_D_Bainite_04.png,233_D_Bainite_04,.png,96,96,RGB
D:\AI_Materials_Microscopy\data\raw\Dataset\D_Bainite_4\234_D_Bainite_04.png,D_Bainite_4\234_D_Bainite_04.png,234_D_Bainite_04.png,234_D_Bainite_04,.png,96,96,RGB
D:\AI_Materials_Microscopy\data\raw\Dataset\D_Bainite_4\235_D_Bainite_04.png,D_Bainite_4\235_D_Bainite_04.png,235_D_Bainite_04.png,235_D_Bainite_04,.png,96,96,RGB
D:\AI_Materials_Microscopy\data\raw\Dataset\D_Bainite_4\236_D_Bainite_04.png,D_Bainite_4\236_D_Bainite_04.png,236_D_Bainite_04.png,236_D_Bainite_04,.png,96,96,RGB
D:\AI_Materials_Microscopy\data\raw\Dataset\D_Bainite_4\237_D_Bainite_04.png,D_Bainite_4\237_D_Bainite_04.png,237_D_Bainite_04.png,237_D_Bainite_04,.png,256,256,RGB
D:\AI_Materials_Microscopy\data\raw\Dataset\D_Bainite_4\238_D_Bainite_04.png,D_Bainite_4\238_D_Bainite_04.png,238_D_Bainite_04.png,238_D_Bainite_04,.png,256,256,RGB
D:\AI_Materials_Microscopy\data\raw\Dataset\D_Bainite_4\239_D_Bainite_04.png,D_Bainite_4\239_D_Bainite_04.png,239_D_Bainite_04.png,239_D_Bainite_04,.png,256,256,RGB
D:\AI_Materials_Microscopy\data\raw\Dataset\D_Bainite_4\240_D_Bainite_04.png,D_Bainite_4\240_D_Bainite_04.png,240_D_Bainite_04.png,240_D_Bainite_04,.png,256,256,RGB
D:\AI_Materials_Microscopy\data\raw\Dataset\D_Bainite_4\241_D_Bainite_04.png,D_Bainite_4\241_D_Bainite_04.png,241_D_Bainite_04.png,241_D_Bainite_04,.png,256,256,RGB
D:\AI_Materials_Microscopy\data\raw\Dataset\D_Bainite_4\242_D_Bainite_04.png,D_Bainite_4\242_D_Bainite_04.png,242_D_Bainite_04.png,242_D_Bainite_04,.png,256,256,RGB
D:\AI_Materials_Microscopy\data\raw\Dataset\D_Bainite_4\243_D_Bainite_04.png,D_Bainite_4\243_D_Bainite_04.png,243_D_Bainite_04.png,243_D_Bainite_04,.png,256,256,RGB
D:\AI_Materials_Microscopy\data\raw\Dataset\D_Bainite_4\244_D_Bainite_04.png,D_Bainite_4\244_D_Bainite_04.png,244_D_Bainite_04.png,244_D_Bainite_04,.png,256,256,RGB
D:\AI_Materials_Microscopy\data\raw\Dataset\D_Bainite_4\245_D_Bainite_04.png,D_Bainite_4\245_D_Bainite_04.png,245_D_Bainite_04.png,245_D_Bainite_04,.png,256,256,RGB
D:\AI_Materials_Microscopy\data\raw\Dataset\D_Bainite_4\246_D_Bainite_04.png,D_Bainite_4\246_D_Bainite_04.png,246_D_Bainite_04.png,246_D_Bainite_04,.png,256,256,RGB
D:\AI_Materials_Microscopy\data\raw\Dataset\D_Bainite_4\247_D_Bainite_04.png,D_Bainite_4\247_D_Bainite_04.png,247_D_Bainite_04.png,247_D_Bainite_04,.png,96,96,RGB
D:\AI_Materials_Microscopy\data\raw\Dataset\D_Bainite_4\248_D_Bainite_04.png,D_Bainite_4\248_D_Bainite_04.png,248_D_Bainite_04.png,248_D_Bainite_04,.png,96,96,RGB
D:\AI_Materials_Microscopy\data\raw\Dataset\D_Bainite_4\249_D_Bainite_04.png,D_Bainite_4\249_D_Bainite_04.png,249_D_Bainite_04.png,249_D_Bainite_04,.png,96,96,RGB
D:\AI_Materials_Microscopy\data\raw\Dataset\D_Bainite_4\250_D_Bainite_04.png,D_Bainite_4\250_D_Bainite_04.png,250_D_Bainite_04.png,250_D_Bainite_04,.png,96,96,RGB
D:\AI_Materials_Microscopy\data\raw\Dataset\D_Bainite_4\251_D_Bainite_04.png,D_Bainite_4\251_D_Bainite_04.png,251_D_Bainite_04.png,251_D_Bainite_04,.png,96,96,RGB
D:\AI_Materials_Microscopy\data\raw\Dataset\D_Bainite_4\252_D_Bainite_04.png,D_Bainite_4\252_D_Bainite_04.png,252_D_Bainite_04.png,252_D_Bainite_04,.png,96,96,RGB
D:\AI_Materials_Microscopy\data\raw\Dataset\D_Bainite_4\253_D_Bainite_04.png,D_Bainite_4\253_D_Bainite_04.png,253_D_Bainite_04.png,253_D_Bainite_04,.png,96,96,RGB
D:\AI_Materials_Microscopy\data\raw\Dataset\D_Bainite_4\254_D_Bainite_04.png,D_Bainite_4\254_D_Bainite_04.png,254_D_Bainite_04.png,254_D_Bainite_04,.png,96,96,RGB
D:\AI_Materials_Microscopy\data\raw\Dataset\D_Bainite_4\255_D_Bainite_04.png,D_Bainite_4\255_D_Bainite_04.png,255_D_Bainite_04.png,255_D_Bainite_04,.png,96,96,RGB
D:\AI_Materials_Microscopy\data\raw\Dataset\D_Bainite_4\256_D_Bainite_04.png,D_Bainite_4\256_D_Bainite_04.png,256_D_Bainite_04.png,256_D_Bainite_04,.png,96,96,RGB
D:\AI_Materials_Microscopy\data\raw\Dataset\D_Bainite_4\257_D_Bainite_04.png,D_Bainite_4\257_D_Bainite_04.png,257_D_Bainite_04.png,257_D_Bainite_04,.png,96,96,RGB
D:\AI_Materials_Microscopy\data\raw\Dataset\D_Bainite_4\258_D_Bainite_04.png,D_Bainite_4\258_D_Bainite_04.png,258_D_Bainite_04.png,258_D_Bainite_04,.png,96,96,RGB
D:\AI_Materials_Microscopy\data\raw\Dataset\D_Bainite_4\259_D_Bainite_04.png,D_Bainite_4\259_D_Bainite_04.png,259_D_Bainite_04.png,259_D_Bainite_04,.png,96,96,RGB
D:\AI_Materials_Microscopy\data\raw\Dataset\D_Bainite_4\260_D_Bainite_04.png,D_Bainite_4\260_D_Bainite_04.png,260_D_Bainite_04.png,260_D_Bainite_04,.png,96,96,RGB
D:\AI_Materials_Microscopy\data\raw\Dataset\D_Bainite_4\261_D_Bainite_04.png,D_Bainite_4\261_D_Bainite_04.png,261_D_Bainite_04.png,261_D_Bainite_04,.png,96,96,RGB
D:\AI_Materials_Microscopy\data\raw\Dataset\D_Bainite_4\262_D_Bainite_04.png,D_Bainite_4\262_D_Bainite_04.png,262_D_Bainite_04.png,262_D_Bainite_04,.png,96,96,RGB
D:\AI_Materials_Microscopy\data\raw\Dataset\D_Bainite_4\263_D_Bainite_04.png,D_Bainite_4\263_D_Bainite_04.png,263_D_Bainite_04.png,263_D_Bainite_04,.png,96,96,RGB
D:\AI_Materials_Microscopy\data\raw\Dataset\D_Bainite_4\264_D_Bainite_04.png,D_Bainite_4\264_D_Bainite_04.png,264_D_Bainite_04.png,264_D_Bainite_04,.png,96,96,RGB
D:\AI_Materials_Microscopy\data\raw\Dataset\D_Bainite_4\265_D_Bainite_04.png,D_Bainite_4\265_D_Bainite_04.png,265_D_Bainite_04.png,265_D_Bainite_04,.png,256,256,RGB
D:\AI_Materials_Microscopy\data\raw\Dataset\D_Bainite_4\266_D_Bainite_04.png,D_Bainite_4\266_D_Bainite_04.png,266_D_Bainite_04.png,266_D_Bainite_04,.png,256,256,RGB
D:\AI_Materials_Microscopy\data\raw\Dataset\D_Bainite_4\267_D_Bainite_04.png,D_Bainite_4\267_D_Bainite_04.png,267_D_Bainite_04.png,267_D_Bainite_04,.png,256,256,RGB
D:\AI_Materials_Microscopy\data\raw\Dataset\D_Bainite_4\268_D_Bainite_04.png,D_Bainite_4\268_D_Bainite_04.png,268_D_Bainite_04.png,268_D_Bainite_04,.png,256,256,RGB
D:\AI_Materials_Microscopy\data\raw\Dataset\D_Bainite_4\269_D_Bainite_04.png,D_Bainite_4\269_D_Bainite_04.png,269_D_Bainite_04.png,269_D_Bainite_04,.png,256,256,RGB
D:\AI_Materials_Microscopy\data\raw\Dataset\D_Bainite_4\270_D_Bainite_04.png,D_Bainite_4\270_D_Bainite_04.png,270_D_Bainite_04.png,270_D_Bainite_04,.png,256,256,RGB
D:\AI_Materials_Microscopy\data\raw\Dataset\D_Bainite_4\271_D_Bainite_04.png,D_Bainite_4\271_D_Bainite_04.png,271_D_Bainite_04.png,271_D_Bainite_04,.png,256,256,RGB
D:\AI_Materials_Microscopy\data\raw\Dataset\D_Bainite_4\272_D_Bainite_04.png,D_Bainite_4\272_D_Bainite_04.png,272_D_Bainite_04.png,272_D_Bainite_04,.png,256,256,RGB
D:\AI_Materials_Microscopy\data\raw\Dataset\D_Bainite_4\273_D_Bainite_04.png,D_Bainite_4\273_D_Bainite_04.png,273_D_Bainite_04.png,273_D_Bainite_04,.png,256,256,RGB
D:\AI_Materials_Microscopy\data\raw\Dataset\D_Bainite_4\274_D_Bainite_04.png,D_Bainite_4\274_D_Bainite_04.png,274_D_Bainite_04.png,274_D_Bainite_04,.png,256,256,RGB
D:\AI_Materials_Microscopy\data\raw\Dataset\D_Bainite_4\275_D_Bainite_04.png,D_Bainite_4\275_D_Bainite_04.png,275_D_Bainite_04.png,275_D_Bainite_04,.png,256,256,RGB
D:\AI_Materials_Microscopy\data\raw\Dataset\D_Bainite_4\276_D_Bainite_04.png,D_Bainite_4\276_D_Bainite_04.png,276_D_Bainite_04.png,276_D_Bainite_04,.png,256,256,RGB
D:\AI_Materials_Microscopy\data\raw\Dataset\D_Bainite_4\277_D_Bainite_04.png,D_Bainite_4\277_D_Bainite_04.png,277_D_Bainite_04.png,277_D_Bainite_04,.png,256,256,RGB
D:\AI_Materials_Microscopy\data\raw\Dataset\D_Bainite_4\278_D_Bainite_04.png,D_Bainite_4\278_D_Bainite_04.png,278_D_Bainite_04.png,278_D_Bainite_04,.png,256,256,RGB
D:\AI_Materials_Microscopy\data\raw\Dataset\D_Bainite_4\279_D_Bainite_04.png,D_Bainite_4\279_D_Bainite_04.png,279_D_Bainite_04.png,279_D_Bainite_04,.png,256,256,RGB
D:\AI_Materials_Microscopy\data\raw\Dataset\D_Bainite_4\280_D_Bainite_04.png,D_Bainite_4\280_D_Bainite_04.png,280_D_Bainite_04.png,280_D_Bainite_04,.png,256,256,RGB
D:\AI_Materials_Microscopy\data\raw\Dataset\D_Bainite_4\281_D_Bainite_04.png,D_Bainite_4\281_D_Bainite_04.png,281_D_Bainite_04.png,281_D_Bainite_04,.png,256,256,RGB
D:\AI_Materials_Microscopy\data\raw\Dataset\D_Bainite_4\282_D_Bainite_04.png,D_Bainite_4\282_D_Bainite_04.png,282_D_Bainite_04.png,282_D_Bainite_04,.png,256,256,RGB
D:\AI_Materials_Microscopy\data\raw\Dataset\D_Bainite_4\283_D_Bainite_04.png,D_Bainite_4\283_D_Bainite_04.png,283_D_Bainite_04.png,283_D_Bainite_04,.png,256,256,RGB
D:\AI_Materials_Microscopy\data\raw\Dataset\D_Bainite_4\284_D_Bainite_04.png,D_Bainite_4\284_D_Bainite_04.png,284_D_Bainite_04.png,284_D_Bainite_04,.png,256,256,RGB
D:\AI_Materials_Microscopy\data\raw\Dataset\D_Bainite_5\228_D_Bainite_05.png,D_Bainite_5\228_D_Bainite_05.png,228_D_Bainite_05.png,228_D_Bainite_05,.png,96,96,RGB
D:\AI_Materials_Microscopy\data\raw\Dataset\D_Bainite_5\229_D_Bainite_05.png,D_Bainite_5\229_D_Bainite_05.png,229_D_Bainite_05.png,229_D_Bainite_05,.png,96,96,RGB
D:\AI_Materials_Microscopy\data\raw\Dataset\D_Bainite_5\230_D_Bainite_05.png,D_Bainite_5\230_D_Bainite_05.png,230_D_Bainite_05.png,230_D_Bainite_05,.png,96,96,RGB
D:\AI_Materials_Microscopy\data\raw\Dataset\D_Bainite_5\231_D_Bainite_05.png,D_Bainite_5\231_D_Bainite_05.png,231_D_Bainite_05.png,231_D_Bainite_05,.png,96,96,RGB
D:\AI_Materials_Microscopy\data\raw\Dataset\D_Bainite_5\232_D_Bainite_05.png,D_Bainite_5\232_D_Bainite_05.png,232_D_Bainite_05.png,232_D_Bainite_05,.png,96,96,RGB
D:\AI_Materials_Microscopy\data\raw\Dataset\D_Bainite_5\233_D_Bainite_05.png,D_Bainite_5\233_D_Bainite_05.png,233_D_Bainite_05.png,233_D_Bainite_05,.png,96,96,RGB
D:\AI_Materials_Microscopy\data\raw\Dataset\D_Bainite_5\234_D_Bainite_05.png,D_Bainite_5\234_D_Bainite_05.png,234_D_Bainite_05.png,234_D_Bainite_05,.png,96,96,RGB
D:\AI_Materials_Microscopy\data\raw\Dataset\D_Bainite_5\235_D_Bainite_05.png,D_Bainite_5\235_D_Bainite_05.png,235_D_Bainite_05.png,235_D_Bainite_05,.png,96,96,RGB
D:\AI_Materials_Microscopy\data\raw\Dataset\D_Bainite_5\236_D_Bainite_05.png,D_Bainite_5\236_D_Bainite_05.png,236_D_Bainite_05.png,236_D_Bainite_05,.png,96,96,RGB
D:\AI_Materials_Microscopy\data\raw\Dataset\D_Bainite_5\237_D_Bainite_05.png,D_Bainite_5\237_D_Bainite_05.png,237_D_Bainite_05.png,237_D_Bainite_05,.png,256,256,RGB
D:\AI_Materials_Microscopy\data\raw\Dataset\D_Bainite_5\238_D_Bainite_05.png,D_Bainite_5\238_D_Bainite_05.png,238_D_Bainite_05.png,238_D_Bainite_05,.png,256,256,RGB
D:\AI_Materials_Microscopy\data\raw\Dataset\D_Bainite_5\239_D_Bainite_05.png,D_Bainite_5\239_D_Bainite_05.png,239_D_Bainite_05.png,239_D_Bainite_05,.png,256,256,RGB
D:\AI_Materials_Microscopy\data\raw\Dataset\D_Bainite_5\240_D_Bainite_05.png,D_Bainite_5\240_D_Bainite_05.png,240_D_Bainite_05.png,240_D_Bainite_05,.png,256,256,RGB
D:\AI_Materials_Microscopy\data\raw\Dataset\D_Bainite_5\241_D_Bainite_05.png,D_Bainite_5\241_D_Bainite_05.png,241_D_Bainite_05.png,241_D_Bainite_05,.png,256,256,RGB
D:\AI_Materials_Microscopy\data\raw\Dataset\D_Bainite_5\242_D_Bainite_05.png,D_Bainite_5\242_D_Bainite_05.png,242_D_Bainite_05.png,242_D_Bainite_05,.png,256,256,RGB
D:\AI_Materials_Microscopy\data\raw\Dataset\D_Bainite_5\243_D_Bainite_05.png,D_Bainite_5\243_D_Bainite_05.png,243_D_Bainite_05.png,243_D_Bainite_05,.png,256,256,RGB
D:\AI_Materials_Microscopy\data\raw\Dataset\D_Bainite_5\244_D_Bainite_05.png,D_Bainite_5\244_D_Bainite_05.png,244_D_Bainite_05.png,244_D_Bainite_05,.png,256,256,RGB
D:\AI_Materials_Microscopy\data\raw\Dataset\D_Bainite_5\245_D_Bainite_05.png,D_Bainite_5\245_D_Bainite_05.png,245_D_Bainite_05.png,245_D_Bainite_05,.png,256,256,RGB
D:\AI_Materials_Microscopy\data\raw\Dataset\D_Bainite_5\246_D_Bainite_05.png,D_Bainite_5\246_D_Bainite_05.png,246_D_Bainite_05.png,246_D_Bainite_05,.png,256,256,RGB
D:\AI_Materials_Microscopy\data\raw\Dataset\D_Bainite_5\247_D_Bainite_05.png,D_Bainite_5\247_D_Bainite_05.png,247_D_Bainite_05.png,247_D_Bainite_05,.png,96,96,RGB
D:\AI_Materials_Microscopy\data\raw\Dataset\D_Bainite_5\248_D_Bainite_05.png,D_Bainite_5\248_D_Bainite_05.png,248_D_Bainite_05.png,248_D_Bainite_05,.png,96,96,RGB
D:\AI_Materials_Microscopy\data\raw\Dataset\D_Bainite_5\249_D_Bainite_05.png,D_Bainite_5\249_D_Bainite_05.png,249_D_Bainite_05.png,249_D_Bainite_05,.png,96,96,RGB
D:\AI_Materials_Microscopy\data\raw\Dataset\D_Bainite_5\250_D_Bainite_05.png,D_Bainite_5\250_D_Bainite_05.png,250_D_Bainite_05.png,250_D_Bainite_05,.png,96,96,RGB
D:\AI_Materials_Microscopy\data\raw\Dataset\D_Bainite_5\251_D_Bainite_05.png,D_Bainite_5\251_D_Bainite_05.png,251_D_Bainite_05.png,251_D_Bainite_05,.png,96,96,RGB
D:\AI_Materials_Microscopy\data\raw\Dataset\D_Bainite_5\252_D_Bainite_05.png,D_Bainite_5\252_D_Bainite_05.png,252_D_Bainite_05.png,252_D_Bainite_05,.png,96,96,RGB
D:\AI_Materials_Microscopy\data\raw\Dataset\D_Bainite_5\253_D_Bainite_05.png,D_Bainite_5\253_D_Bainite_05.png,253_D_Bainite_05.png,253_D_Bainite_05,.png,96,96,RGB
D:\AI_Materials_Microscopy\data\raw\Dataset\D_Bainite_5\254_D_Bainite_05.png,D_Bainite_5\254_D_Bainite_05.png,254_D_Bainite_05.png,254_D_Bainite_05,.png,96,96,RGB
D:\AI_Materials_Microscopy\data\raw\Dataset\D_Bainite_5\255_D_Bainite_05.png,D_Bainite_5\255_D_Bainite_05.png,255_D_Bainite_05.png,255_D_Bainite_05,.png,96,96,RGB
D:\AI_Materials_Microscopy\data\raw\Dataset\D_Bainite_5\256_D_Bainite_05.png,D_Bainite_5\256_D_Bainite_05.png,256_D_Bainite_05.png,256_D_Bainite_05,.png,96,96,RGB
D:\AI_Materials_Microscopy\data\raw\Dataset\D_Bainite_5\257_D_Bainite_05.png,D_Bainite_5\257_D_Bainite_05.png,257_D_Bainite_05.png,257_D_Bainite_05,.png,96,96,RGB
D:\AI_Materials_Microscopy\data\raw\Dataset\D_Bainite_5\258_D_Bainite_05.png,D_Bainite_5\258_D_Bainite_05.png,258_D_Bainite_05.png,258_D_Bainite_05,.png,96,96,RGB
D:\AI_Materials_Microscopy\data\raw\Dataset\D_Bainite_5\259_D_Bainite_05.png,D_Bainite_5\259_D_Bainite_05.png,259_D_Bainite_05.png,259_D_Bainite_05,.png,96,96,RGB
D:\AI_Materials_Microscopy\data\raw\Dataset\D_Bainite_5\260_D_Bainite_05.png,D_Bainite_5\260_D_Bainite_05.png,260_D_Bainite_05.png,260_D_Bainite_05,.png,96,96,RGB
D:\AI_Materials_Microscopy\data\raw\Dataset\D_Bainite_5\261_D_Bainite_05.png,D_Bainite_5\261_D_Bainite_05.png,261_D_Bainite_05.png,261_D_Bainite_05,.png,96,96,RGB
D:\AI_Materials_Microscopy\data\raw\Dataset\D_Bainite_5\262_D_Bainite_05.png,D_Bainite_5\262_D_Bainite_05.png,262_D_Bainite_05.png,262_D_Bainite_05,.png,96,96,RGB
D:\AI_Materials_Microscopy\data\raw\Dataset\D_Bainite_5\263_D_Bainite_05.png,D_Bainite_5\263_D_Bainite_05.png,263_D_Bainite_05.png,263_D_Bainite_05,.png,96,96,RGB
D:\AI_Materials_Microscopy\data\raw\Dataset\D_Bainite_5\264_D_Bainite_05.png,D_Bainite_5\264_D_Bainite_05.png,264_D_Bainite_05.png,264_D_Bainite_05,.png,96,96,RGB
D:\AI_Materials_Microscopy\data\raw\Dataset\D_Bainite_5\265_D_Bainite_05.png,D_Bainite_5\265_D_Bainite_05.png,265_D_Bainite_05.png,265_D_Bainite_05,.png,256,256,RGB
D:\AI_Materials_Microscopy\data\raw\Dataset\D_Bainite_5\266_D_Bainite_05.png,D_Bainite_5\266_D_Bainite_05.png,266_D_Bainite_05.png,266_D_Bainite_05,.png,256,256,RGB
D:\AI_Materials_Microscopy\data\raw\Dataset\D_Bainite_5\267_D_Bainite_05.png,D_Bainite_5\267_D_Bainite_05.png,267_D_Bainite_05.png,267_D_Bainite_05,.png,256,256,RGB
D:\AI_Materials_Microscopy\data\raw\Dataset\D_Bainite_5\268_D_Bainite_05.png,D_Bainite_5\268_D_Bainite_05.png,268_D_Bainite_05.png,268_D_Bainite_05,.png,256,256,RGB
D:\AI_Materials_Microscopy\data\raw\Dataset\D_Bainite_5\269_D_Bainite_05.png,D_Bainite_5\269_D_Bainite_05.png,269_D_Bainite_05.png,269_D_Bainite_05,.png,256,256,RGB
D:\AI_Materials_Microscopy\data\raw\Dataset\D_Bainite_5\270_D_Bainite_05.png,D_Bainite_5\270_D_Bainite_05.png,270_D_Bainite_05.png,270_D_Bainite_05,.png,256,256,RGB
D:\AI_Materials_Microscopy\data\raw\Dataset\D_Bainite_5\271_D_Bainite_05.png,D_Bainite_5\271_D_Bainite_05.png,271_D_Bainite_05.png,271_D_Bainite_05,.png,256,256,RGB
D:\AI_Materials_Microscopy\data\raw\Dataset\D_Bainite_5\272_D_Bainite_05.png,D_Bainite_5\272_D_Bainite_05.png,272_D_Bainite_05.png,272_D_Bainite_05,.png,256,256,RGB
D:\AI_Materials_Microscopy\data\raw\Dataset\D_Bainite_5\273_D_Bainite_05.png,D_Bainite_5\273_D_Bainite_05.png,273_D_Bainite_05.png,273_D_Bainite_05,.png,256,256,RGB
D:\AI_Materials_Microscopy\data\raw\Dataset\D_Bainite_5\274_D_Bainite_05.png,D_Bainite_5\274_D_Bainite_05.png,274_D_Bainite_05.png,274_D_Bainite_05,.png,256,256,RGB
D:\AI_Materials_Microscopy\data\raw\Dataset\D_Bainite_5\275_D_Bainite_05.png,D_Bainite_5\275_D_Bainite_05.png,275_D_Bainite_05.png,275_D_Bainite_05,.png,256,256,RGB
D:\AI_Materials_Microscopy\data\raw\Dataset\D_Bainite_5\276_D_Bainite_05.png,D_Bainite_5\276_D_Bainite_05.png,276_D_Bainite_05.png,276_D_Bainite_05,.png,256,256,RGB
D:\AI_Materials_Microscopy\data\raw\Dataset\D_Bainite_5\277_D_Bainite_05.png,D_Bainite_5\277_D_Bainite_05.png,277_D_Bainite_05.png,277_D_Bainite_05,.png,256,256,RGB
D:\AI_Materials_Microscopy\data\raw\Dataset\D_Bainite_5\278_D_Bainite_05.png,D_Bainite_5\278_D_Bainite_05.png,278_D_Bainite_05.png,278_D_Bainite_05,.png,256,256,RGB
D:\AI_Materials_Microscopy\data\raw\Dataset\D_Bainite_5\279_D_Bainite_05.png,D_Bainite_5\279_D_Bainite_05.png,279_D_Bainite_05.png,279_D_Bainite_05,.png,256,256,RGB
D:\AI_Materials_Microscopy\data\raw\Dataset\D_Bainite_5\280_D_Bainite_05.png,D_Bainite_5\280_D_Bainite_05.png,280_D_Bainite_05.png,280_D_Bainite_05,.png,256,256,RGB
D:\AI_Materials_Microscopy\data\raw\Dataset\D_Bainite_5\281_D_Bainite_05.png,D_Bainite_5\281_D_Bainite_05.png,281_D_Bainite_05.png,281_D_Bainite_05,.png,256,256,RGB
D:\AI_Materials_Microscopy\data\raw\Dataset\D_Bainite_5\282_D_Bainite_05.png,D_Bainite_5\282_D_Bainite_05.png,282_D_Bainite_05.png,282_D_Bainite_05,.png,256,256,RGB
D:\AI_Materials_Microscopy\data\raw\Dataset\D_Bainite_5\283_D_Bainite_05.png,D_Bainite_5\283_D_Bainite_05.png,283_D_Bainite_05.png,283_D_Bainite_05,.png,256,256,RGB
D:\AI_Materials_Microscopy\data\raw\Dataset\D_Bainite_5\284_D_Bainite_05.png,D_Bainite_5\284_D_Bainite_05.png,284_D_Bainite_05.png,284_D_Bainite_05,.png,256,256,RGB
D:\AI_Materials_Microscopy\data\raw\Dataset\D_Bainite_6\228_D_Bainite_06.png,D_Bainite_6\228_D_Bainite_06.png,228_D_Bainite_06.png,228_D_Bainite_06,.png,96,96,RGB
D:\AI_Materials_Microscopy\data\raw\Dataset\D_Bainite_6\229_D_Bainite_06.png,D_Bainite_6\229_D_Bainite_06.png,229_D_Bainite_06.png,229_D_Bainite_06,.png,96,96,RGB
D:\AI_Materials_Microscopy\data\raw\Dataset\D_Bainite_6\230_D_Bainite_06.png,D_Bainite_6\230_D_Bainite_06.png,230_D_Bainite_06.png,230_D_Bainite_06,.png,96,96,RGB
D:\AI_Materials_Microscopy\data\raw\Dataset\D_Bainite_6\231_D_Bainite_06.png,D_Bainite_6\231_D_Bainite_06.png,231_D_Bainite_06.png,231_D_Bainite_06,.png,96,96,RGB
D:\AI_Materials_Microscopy\data\raw\Dataset\D_Bainite_6\232_D_Bainite_06.png,D_Bainite_6\232_D_Bainite_06.png,232_D_Bainite_06.png,232_D_Bainite_06,.png,96,96,RGB
D:\AI_Materials_Microscopy\data\raw\Dataset\D_Bainite_6\233_D_Bainite_06.png,D_Bainite_6\233_D_Bainite_06.png,233_D_Bainite_06.png,233_D_Bainite_06,.png,96,96,RGB
D:\AI_Materials_Microscopy\data\raw\Dataset\D_Bainite_6\234_D_Bainite_06.png,D_Bainite_6\234_D_Bainite_06.png,234_D_Bainite_06.png,234_D_Bainite_06,.png,96,96,RGB
D:\AI_Materials_Microscopy\data\raw\Dataset\D_Bainite_6\235_D_Bainite_06.png,D_Bainite_6\235_D_Bainite_06.png,235_D_Bainite_06.png,235_D_Bainite_06,.png,96,96,RGB
D:\AI_Materials_Microscopy\data\raw\Dataset\D_Bainite_6\236_D_Bainite_06.png,D_Bainite_6\236_D_Bainite_06.png,236_D_Bainite_06.png,236_D_Bainite_06,.png,96,96,RGB
D:\AI_Materials_Microscopy\data\raw\Dataset\D_Bainite_6\237_D_Bainite_06.png,D_Bainite_6\237_D_Bainite_06.png,237_D_Bainite_06.png,237_D_Bainite_06,.png,256,256,RGB
D:\AI_Materials_Microscopy\data\raw\Dataset\D_Bainite_6\238_D_Bainite_06.png,D_Bainite_6\238_D_Bainite_06.png,238_D_Bainite_06.png,238_D_Bainite_06,.png,256,256,RGB
D:\AI_Materials_Microscopy\data\raw\Dataset\D_Bainite_6\239_D_Bainite_06.png,D_Bainite_6\239_D_Bainite_06.png,239_D_Bainite_06.png,239_D_Bainite_06,.png,256,256,RGB
D:\AI_Materials_Microscopy\data\raw\Dataset\D_Bainite_6\240_D_Bainite_06.png,D_Bainite_6\240_D_Bainite_06.png,240_D_Bainite_06.png,240_D_Bainite_06,.png,256,256,RGB
D:\AI_Materials_Microscopy\data\raw\Dataset\D_Bainite_6\241_D_Bainite_06.png,D_Bainite_6\241_D_Bainite_06.png,241_D_Bainite_06.png,241_D_Bainite_06,.png,256,256,RGB
D:\AI_Materials_Microscopy\data\raw\Dataset\D_Bainite_6\242_D_Bainite_06.png,D_Bainite_6\242_D_Bainite_06.png,242_D_Bainite_06.png,242_D_Bainite_06,.png,256,256,RGB
D:\AI_Materials_Microscopy\data\raw\Dataset\D_Bainite_6\243_D_Bainite_06.png,D_Bainite_6\243_D_Bainite_06.png,243_D_Bainite_06.png,243_D_Bainite_06,.png,256,256,RGB
D:\AI_Materials_Microscopy\data\raw\Dataset\D_Bainite_6\244_D_Bainite_06.png,D_Bainite_6\244_D_Bainite_06.png,244_D_Bainite_06.png,244_D_Bainite_06,.png,256,256,RGB
D:\AI_Materials_Microscopy\data\raw\Dataset\D_Bainite_6\245_D_Bainite_06.png,D_Bainite_6\245_D_Bainite_06.png,245_D_Bainite_06.png,245_D_Bainite_06,.png,256,256,RGB
D:\AI_Materials_Microscopy\data\raw\Dataset\D_Bainite_6\246_D_Bainite_06.png,D_Bainite_6\246_D_Bainite_06.png,246_D_Bainite_06.png,246_D_Bainite_06,.png,256,256,RGB
D:\AI_Materials_Microscopy\data\raw\Dataset\D_Bainite_6\247_D_Bainite_06.png,D_Bainite_6\247_D_Bainite_06.png,247_D_Bainite_06.png,247_D_Bainite_06,.png,96,96,RGB
D:\AI_Materials_Microscopy\data\raw\Dataset\D_Bainite_6\248_D_Bainite_06.png,D_Bainite_6\248_D_Bainite_06.png,248_D_Bainite_06.png,248_D_Bainite_06,.png,96,96,RGB
D:\AI_Materials_Microscopy\data\raw\Dataset\D_Bainite_6\249_D_Bainite_06.png,D_Bainite_6\249_D_Bainite_06.png,249_D_Bainite_06.png,249_D_Bainite_06,.png,96,96,RGB
D:\AI_Materials_Microscopy\data\raw\Dataset\D_Bainite_6\250_D_Bainite_06.png,D_Bainite_6\250_D_Bainite_06.png,250_D_Bainite_06.png,250_D_Bainite_06,.png,96,96,RGB
D:\AI_Materials_Microscopy\data\raw\Dataset\D_Bainite_6\251_D_Bainite_06.png,D_Bainite_6\251_D_Bainite_06.png,251_D_Bainite_06.png,251_D_Bainite_06,.png,96,96,RGB
D:\AI_Materials_Microscopy\data\raw\Dataset\D_Bainite_6\252_D_Bainite_06.png,D_Bainite_6\252_D_Bainite_06.png,252_D_Bainite_06.png,252_D_Bainite_06,.png,96,96,RGB
D:\AI_Materials_Microscopy\data\raw\Dataset\D_Bainite_6\253_D_Bainite_06.png,D_Bainite_6\253_D_Bainite_06.png,253_D_Bainite_06.png,253_D_Bainite_06,.png,96,96,RGB
D:\AI_Materials_Microscopy\data\raw\Dataset\D_Bainite_6\254_D_Bainite_06.png,D_Bainite_6\254_D_Bainite_06.png,254_D_Bainite_06.png,254_D_Bainite_06,.png,96,96,RGB
D:\AI_Materials_Microscopy\data\raw\Dataset\D_Bainite_6\255_D_Bainite_06.png,D_Bainite_6\255_D_Bainite_06.png,255_D_Bainite_06.png,255_D_Bainite_06,.png,96,96,RGB
D:\AI_Materials_Microscopy\data\raw\Dataset\D_Bainite_6\256_D_Bainite_06.png,D_Bainite_6\256_D_Bainite_06.png,256_D_Bainite_06.png,256_D_Bainite_06,.png,96,96,RGB
D:\AI_Materials_Microscopy\data\raw\Dataset\D_Bainite_6\257_D_Bainite_06.png,D_Bainite_6\257_D_Bainite_06.png,257_D_Bainite_06.png,257_D_Bainite_06,.png,96,96,RGB
D:\AI_Materials_Microscopy\data\raw\Dataset\D_Bainite_6\258_D_Bainite_06.png,D_Bainite_6\258_D_Bainite_06.png,258_D_Bainite_06.png,258_D_Bainite_06,.png,96,96,RGB
D:\AI_Materials_Microscopy\data\raw\Dataset\D_Bainite_6\259_D_Bainite_06.png,D_Bainite_6\259_D_Bainite_06.png,259_D_Bainite_06.png,259_D_Bainite_06,.png,96,96,RGB
D:\AI_Materials_Microscopy\data\raw\Dataset\D_Bainite_6\260_D_Bainite_06.png,D_Bainite_6\260_D_Bainite_06.png,260_D_Bainite_06.png,260_D_Bainite_06,.png,96,96,RGB
D:\AI_Materials_Microscopy\data\raw\Dataset\D_Bainite_6\261_D_Bainite_06.png,D_Bainite_6\261_D_Bainite_06.png,261_D_Bainite_06.png,261_D_Bainite_06,.png,96,96,RGB
D:\AI_Materials_Microscopy\data\raw\Dataset\D_Bainite_6\262_D_Bainite_06.png,D_Bainite_6\262_D_Bainite_06.png,262_D_Bainite_06.png,262_D_Bainite_06,.png,96,96,RGB
D:\AI_Materials_Microscopy\data\raw\Dataset\D_Bainite_6\263_D_Bainite_06.png,D_Bainite_6\263_D_Bainite_06.png,263_D_Bainite_06.png,263_D_Bainite_06,.png,96,96,RGB
D:\AI_Materials_Microscopy\data\raw\Dataset\D_Bainite_6\264_D_Bainite_06.png,D_Bainite_6\264_D_Bainite_06.png,264_D_Bainite_06.png,264_D_Bainite_06,.png,96,96,RGB
D:\AI_Materials_Microscopy\data\raw\Dataset\D_Bainite_6\265_D_Bainite_06.png,D_Bainite_6\265_D_Bainite_06.png,265_D_Bainite_06.png,265_D_Bainite_06,.png,256,256,RGB
D:\AI_Materials_Microscopy\data\raw\Dataset\D_Bainite_6\266_D_Bainite_06.png,D_Bainite_6\266_D_Bainite_06.png,266_D_Bainite_06.png,266_D_Bainite_06,.png,256,256,RGB
D:\AI_Materials_Microscopy\data\raw\Dataset\D_Bainite_6\267_D_Bainite_06.png,D_Bainite_6\267_D_Bainite_06.png,267_D_Bainite_06.png,267_D_Bainite_06,.png,256,256,RGB
D:\AI_Materials_Microscopy\data\raw\Dataset\D_Bainite_6\268_D_Bainite_06.png,D_Bainite_6\268_D_Bainite_06.png,268_D_Bainite_06.png,268_D_Bainite_06,.png,256,256,RGB
D:\AI_Materials_Microscopy\data\raw\Dataset\D_Bainite_6\269_D_Bainite_06.png,D_Bainite_6\269_D_Bainite_06.png,269_D_Bainite_06.png,269_D_Bainite_06,.png,256,256,RGB
D:\AI_Materials_Microscopy\data\raw\Dataset\D_Bainite_6\270_D_Bainite_06.png,D_Bainite_6\270_D_Bainite_06.png,270_D_Bainite_06.png,270_D_Bainite_06,.png,256,256,RGB
D:\AI_Materials_Microscopy\data\raw\Dataset\D_Bainite_6\271_D_Bainite_06.png,D_Bainite_6\271_D_Bainite_06.png,271_D_Bainite_06.png,271_D_Bainite_06,.png,256,256,RGB
D:\AI_Materials_Microscopy\data\raw\Dataset\D_Bainite_6\272_D_Bainite_06.png,D_Bainite_6\272_D_Bainite_06.png,272_D_Bainite_06.png,272_D_Bainite_06,.png,256,256,RGB
D:\AI_Materials_Microscopy\data\raw\Dataset\D_Bainite_6\273_D_Bainite_06.png,D_Bainite_6\273_D_Bainite_06.png,273_D_Bainite_06.png,273_D_Bainite_06,.png,256,256,RGB
D:\AI_Materials_Microscopy\data\raw\Dataset\D_Bainite_6\274_D_Bainite_06.png,D_Bainite_6\274_D_Bainite_06.png,274_D_Bainite_06.png,274_D_Bainite_06,.png,256,256,RGB
D:\AI_Materials_Microscopy\data\raw\Dataset\D_Bainite_6\275_D_Bainite_06.png,D_Bainite_6\275_D_Bainite_06.png,275_D_Bainite_06.png,275_D_Bainite_06,.png,256,256,RGB
D:\AI_Materials_Microscopy\data\raw\Dataset\D_Bainite_6\276_D_Bainite_06.png,D_Bainite_6\276_D_Bainite_06.png,276_D_Bainite_06.png,276_D_Bainite_06,.png,256,256,RGB
D:\AI_Materials_Microscopy\data\raw\Dataset\D_Bainite_6\277_D_Bainite_06.png,D_Bainite_6\277_D_Bainite_06.png,277_D_Bainite_06.png,277_D_Bainite_06,.png,256,256,RGB
D:\AI_Materials_Microscopy\data\raw\Dataset\D_Bainite_6\278_D_Bainite_06.png,D_Bainite_6\278_D_Bainite_06.png,278_D_Bainite_06.png,278_D_Bainite_06,.png,256,256,RGB
D:\AI_Materials_Microscopy\data\raw\Dataset\D_Bainite_6\279_D_Bainite_06.png,D_Bainite_6\279_D_Bainite_06.png,279_D_Bainite_06.png,279_D_Bainite_06,.png,256,256,RGB
D:\AI_Materials_Microscopy\data\raw\Dataset\D_Bainite_6\280_D_Bainite_06.png,D_Bainite_6\280_D_Bainite_06.png,280_D_Bainite_06.png,280_D_Bainite_06,.png,256,256,RGB
D:\AI_Materials_Microscopy\data\raw\Dataset\D_Bainite_6\281_D_Bainite_06.png,D_Bainite_6\281_D_Bainite_06.png,281_D_Bainite_06.png,281_D_Bainite_06,.png,256,256,RGB
D:\AI_Materials_Microscopy\data\raw\Dataset\D_Bainite_6\282_D_Bainite_06.png,D_Bainite_6\282_D_Bainite_06.png,282_D_Bainite_06.png,282_D_Bainite_06,.png,256,256,RGB
D:\AI_Materials_Microscopy\data\raw\Dataset\D_Bainite_6\283_D_Bainite_06.png,D_Bainite_6\283_D_Bainite_06.png,283_D_Bainite_06.png,283_D_Bainite_06,.png,256,256,RGB
D:\AI_Materials_Microscopy\data\raw\Dataset\D_Bainite_6\284_D_Bainite_06.png,D_Bainite_6\284_D_Bainite_06.png,284_D_Bainite_06.png,284_D_Bainite_06,.png,256,256,RGB
D:\AI_Materials_Microscopy\data\raw\Dataset\D_Bainite_7\228_D_Bainite_07.png,D_Bainite_7\228_D_Bainite_07.png,228_D_Bainite_07.png,228_D_Bainite_07,.png,96,96,RGB
D:\AI_Materials_Microscopy\data\raw\Dataset\D_Bainite_7\229_D_Bainite_07.png,D_Bainite_7\229_D_Bainite_07.png,229_D_Bainite_07.png,229_D_Bainite_07,.png,96,96,RGB
D:\AI_Materials_Microscopy\data\raw\Dataset\D_Bainite_7\230_D_Bainite_07.png,D_Bainite_7\230_D_Bainite_07.png,230_D_Bainite_07.png,230_D_Bainite_07,.png,96,96,RGB
D:\AI_Materials_Microscopy\data\raw\Dataset\D_Bainite_7\231_D_Bainite_07.png,D_Bainite_7\231_D_Bainite_07.png,231_D_Bainite_07.png,231_D_Bainite_07,.png,96,96,RGB
D:\AI_Materials_Microscopy\data\raw\Dataset\D_Bainite_7\232_D_Bainite_07.png,D_Bainite_7\232_D_Bainite_07.png,232_D_Bainite_07.png,232_D_Bainite_07,.png,96,96,RGB
D:\AI_Materials_Microscopy\data\raw\Dataset\D_Bainite_7\233_D_Bainite_07.png,D_Bainite_7\233_D_Bainite_07.png,233_D_Bainite_07.png,233_D_Bainite_07,.png,96,96,RGB
D:\AI_Materials_Microscopy\data\raw\Dataset\D_Bainite_7\234_D_Bainite_07.png,D_Bainite_7\234_D_Bainite_07.png,234_D_Bainite_07.png,234_D_Bainite_07,.png,96,96,RGB
D:\AI_Materials_Microscopy\data\raw\Dataset\D_Bainite_7\235_D_Bainite_07.png,D_Bainite_7\235_D_Bainite_07.png,235_D_Bainite_07.png,235_D_Bainite_07,.png,96,96,RGB
D:\AI_Materials_Microscopy\data\raw\Dataset\D_Bainite_7\236_D_Bainite_07.png,D_Bainite_7\236_D_Bainite_07.png,236_D_Bainite_07.png,236_D_Bainite_07,.png,96,96,RGB
D:\AI_Materials_Microscopy\data\raw\Dataset\D_Bainite_7\237_D_Bainite_07.png,D_Bainite_7\237_D_Bainite_07.png,237_D_Bainite_07.png,237_D_Bainite_07,.png,256,256,RGB
D:\AI_Materials_Microscopy\data\raw\Dataset\D_Bainite_7\238_D_Bainite_07.png,D_Bainite_7\238_D_Bainite_07.png,238_D_Bainite_07.png,238_D_Bainite_07,.png,256,256,RGB
D:\AI_Materials_Microscopy\data\raw\Dataset\D_Bainite_7\239_D_Bainite_07.png,D_Bainite_7\239_D_Bainite_07.png,239_D_Bainite_07.png,239_D_Bainite_07,.png,256,256,RGB
D:\AI_Materials_Microscopy\data\raw\Dataset\D_Bainite_7\240_D_Bainite_07.png,D_Bainite_7\240_D_Bainite_07.png,240_D_Bainite_07.png,240_D_Bainite_07,.png,256,256,RGB
D:\AI_Materials_Microscopy\data\raw\Dataset\D_Bainite_7\241_D_Bainite_07.png,D_Bainite_7\241_D_Bainite_07.png,241_D_Bainite_07.png,241_D_Bainite_07,.png,256,256,RGB
D:\AI_Materials_Microscopy\data\raw\Dataset\D_Bainite_7\242_D_Bainite_07.png,D_Bainite_7\242_D_Bainite_07.png,242_D_Bainite_07.png,242_D_Bainite_07,.png,256,256,RGB
D:\AI_Materials_Microscopy\data\raw\Dataset\D_Bainite_7\243_D_Bainite_07.png,D_Bainite_7\243_D_Bainite_07.png,243_D_Bainite_07.png,243_D_Bainite_07,.png,256,256,RGB
D:\AI_Materials_Microscopy\data\raw\Dataset\D_Bainite_7\244_D_Bainite_07.png,D_Bainite_7\244_D_Bainite_07.png,244_D_Bainite_07.png,244_D_Bainite_07,.png,256,256,RGB
D:\AI_Materials_Microscopy\data\raw\Dataset\D_Bainite_7\245_D_Bainite_07.png,D_Bainite_7\245_D_Bainite_07.png,245_D_Bainite_07.png,245_D_Bainite_07,.png,256,256,RGB
D:\AI_Materials_Microscopy\data\raw\Dataset\D_Bainite_7\246_D_Bainite_07.png,D_Bainite_7\246_D_Bainite_07.png,246_D_Bainite_07.png,246_D_Bainite_07,.png,256,256,RGB
D:\AI_Materials_Microscopy\data\raw\Dataset\D_Bainite_7\247_D_Bainite_07.png,D_Bainite_7\247_D_Bainite_07.png,247_D_Bainite_07.png,247_D_Bainite_07,.png,96,96,RGB
D:\AI_Materials_Microscopy\data\raw\Dataset\D_Bainite_7\248_D_Bainite_07.png,D_Bainite_7\248_D_Bainite_07.png,248_D_Bainite_07.png,248_D_Bainite_07,.png,96,96,RGB
D:\AI_Materials_Microscopy\data\raw\Dataset\D_Bainite_7\249_D_Bainite_07.png,D_Bainite_7\249_D_Bainite_07.png,249_D_Bainite_07.png,249_D_Bainite_07,.png,96,96,RGB
D:\AI_Materials_Microscopy\data\raw\Dataset\D_Bainite_7\250_D_Bainite_07.png,D_Bainite_7\250_D_Bainite_07.png,250_D_Bainite_07.png,250_D_Bainite_07,.png,96,96,RGB
D:\AI_Materials_Microscopy\data\raw\Dataset\D_Bainite_7\251_D_Bainite_07.png,D_Bainite_7\251_D_Bainite_07.png,251_D_Bainite_07.png,251_D_Bainite_07,.png,96,96,RGB
D:\AI_Materials_Microscopy\data\raw\Dataset\D_Bainite_7\252_D_Bainite_07.png,D_Bainite_7\252_D_Bainite_07.png,252_D_Bainite_07.png,252_D_Bainite_07,.png,96,96,RGB
D:\AI_Materials_Microscopy\data\raw\Dataset\D_Bainite_7\253_D_Bainite_07.png,D_Bainite_7\253_D_Bainite_07.png,253_D_Bainite_07.png,253_D_Bainite_07,.png,96,96,RGB
D:\AI_Materials_Microscopy\data\raw\Dataset\D_Bainite_7\254_D_Bainite_07.png,D_Bainite_7\254_D_Bainite_07.png,254_D_Bainite_07.png,254_D_Bainite_07,.png,96,96,RGB
D:\AI_Materials_Microscopy\data\raw\Dataset\D_Bainite_7\255_D_Bainite_07.png,D_Bainite_7\255_D_Bainite_07.png,255_D_Bainite_07.png,255_D_Bainite_07,.png,96,96,RGB
D:\AI_Materials_Microscopy\data\raw\Dataset\D_Bainite_7\256_D_Bainite_07.png,D_Bainite_7\256_D_Bainite_07.png,256_D_Bainite_07.png,256_D_Bainite_07,.png,96,96,RGB
D:\AI_Materials_Microscopy\data\raw\Dataset\D_Bainite_7\257_D_Bainite_07.png,D_Bainite_7\257_D_Bainite_07.png,257_D_Bainite_07.png,257_D_Bainite_07,.png,96,96,RGB
D:\AI_Materials_Microscopy\data\raw\Dataset\D_Bainite_7\258_D_Bainite_07.png,D_Bainite_7\258_D_Bainite_07.png,258_D_Bainite_07.png,258_D_Bainite_07,.png,96,96,RGB
D:\AI_Materials_Microscopy\data\raw\Dataset\D_Bainite_7\259_D_Bainite_07.png,D_Bainite_7\259_D_Bainite_07.png,259_D_Bainite_07.png,259_D_Bainite_07,.png,96,96,RGB
D:\AI_Materials_Microscopy\data\raw\Dataset\D_Bainite_7\260_D_Bainite_07.png,D_Bainite_7\260_D_Bainite_07.png,260_D_Bainite_07.png,260_D_Bainite_07,.png,96,96,RGB
D:\AI_Materials_Microscopy\data\raw\Dataset\D_Bainite_7\261_D_Bainite_07.png,D_Bainite_7\261_D_Bainite_07.png,261_D_Bainite_07.png,261_D_Bainite_07,.png,96,96,RGB
D:\AI_Materials_Microscopy\data\raw\Dataset\D_Bainite_7\262_D_Bainite_07.png,D_Bainite_7\262_D_Bainite_07.png,262_D_Bainite_07.png,262_D_Bainite_07,.png,96,96,RGB
D:\AI_Materials_Microscopy\data\raw\Dataset\D_Bainite_7\263_D_Bainite_07.png,D_Bainite_7\263_D_Bainite_07.png,263_D_Bainite_07.png,263_D_Bainite_07,.png,96,96,RGB
D:\AI_Materials_Microscopy\data\raw\Dataset\D_Bainite_7\264_D_Bainite_07.png,D_Bainite_7\264_D_Bainite_07.png,264_D_Bainite_07.png,264_D_Bainite_07,.png,96,96,RGB
D:\AI_Materials_Microscopy\data\raw\Dataset\D_Bainite_7\265_D_Bainite_07.png,D_Bainite_7\265_D_Bainite_07.png,265_D_Bainite_07.png,265_D_Bainite_07,.png,256,256,RGB
D:\AI_Materials_Microscopy\data\raw\Dataset\D_Bainite_7\266_D_Bainite_07.png,D_Bainite_7\266_D_Bainite_07.png,266_D_Bainite_07.png,266_D_Bainite_07,.png,256,256,RGB
D:\AI_Materials_Microscopy\data\raw\Dataset\D_Bainite_7\267_D_Bainite_07.png,D_Bainite_7\267_D_Bainite_07.png,267_D_Bainite_07.png,267_D_Bainite_07,.png,256,256,RGB
D:\AI_Materials_Microscopy\data\raw\Dataset\D_Bainite_7\268_D_Bainite_07.png,D_Bainite_7\268_D_Bainite_07.png,268_D_Bainite_07.png,268_D_Bainite_07,.png,256,256,RGB
D:\AI_Materials_Microscopy\data\raw\Dataset\D_Bainite_7\269_D_Bainite_07.png,D_Bainite_7\269_D_Bainite_07.png,269_D_Bainite_07.png,269_D_Bainite_07,.png,256,256,RGB
D:\AI_Materials_Microscopy\data\raw\Dataset\D_Bainite_7\270_D_Bainite_07.png,D_Bainite_7\270_D_Bainite_07.png,270_D_Bainite_07.png,270_D_Bainite_07,.png,256,256,RGB
D:\AI_Materials_Microscopy\data\raw\Dataset\D_Bainite_7\271_D_Bainite_07.png,D_Bainite_7\271_D_Bainite_07.png,271_D_Bainite_07.png,271_D_Bainite_07,.png,256,256,RGB
D:\AI_Materials_Microscopy\data\raw\Dataset\D_Bainite_7\272_D_Bainite_07.png,D_Bainite_7\272_D_Bainite_07.png,272_D_Bainite_07.png,272_D_Bainite_07,.png,256,256,RGB
D:\AI_Materials_Microscopy\data\raw\Dataset\D_Bainite_7\273_D_Bainite_07.png,D_Bainite_7\273_D_Bainite_07.png,273_D_Bainite_07.png,273_D_Bainite_07,.png,256,256,RGB
D:\AI_Materials_Microscopy\data\raw\Dataset\D_Bainite_7\274_D_Bainite_07.png,D_Bainite_7\274_D_Bainite_07.png,274_D_Bainite_07.png,274_D_Bainite_07,.png,256,256,RGB
D:\AI_Materials_Microscopy\data\raw\Dataset\D_Bainite_7\275_D_Bainite_07.png,D_Bainite_7\275_D_Bainite_07.png,275_D_Bainite_07.png,275_D_Bainite_07,.png,256,256,RGB
D:\AI_Materials_Microscopy\data\raw\Dataset\D_Bainite_7\276_D_Bainite_07.png,D_Bainite_7\276_D_Bainite_07.png,276_D_Bainite_07.png,276_D_Bainite_07,.png,256,256,RGB
D:\AI_Materials_Microscopy\data\raw\Dataset\D_Bainite_7\277_D_Bainite_07.png,D_Bainite_7\277_D_Bainite_07.png,277_D_Bainite_07.png,277_D_Bainite_07,.png,256,256,RGB
D:\AI_Materials_Microscopy\data\raw\Dataset\D_Bainite_7\278_D_Bainite_07.png,D_Bainite_7\278_D_Bainite_07.png,278_D_Bainite_07.png,278_D_Bainite_07,.png,256,256,RGB
D:\AI_Materials_Microscopy\data\raw\Dataset\D_Bainite_7\279_D_Bainite_07.png,D_Bainite_7\279_D_Bainite_07.png,279_D_Bainite_07.png,279_D_Bainite_07,.png,256,256,RGB
D:\AI_Materials_Microscopy\data\raw\Dataset\D_Bainite_7\280_D_Bainite_07.png,D_Bainite_7\280_D_Bainite_07.png,280_D_Bainite_07.png,280_D_Bainite_07,.png,256,256,RGB
D:\AI_Materials_Microscopy\data\raw\Dataset\D_Bainite_7\281_D_Bainite_07.png,D_Bainite_7\281_D_Bainite_07.png,281_D_Bainite_07.png,281_D_Bainite_07,.png,256,256,RGB
D:\AI_Materials_Microscopy\data\raw\Dataset\D_Bainite_7\282_D_Bainite_07.png,D_Bainite_7\282_D_Bainite_07.png,282_D_Bainite_07.png,282_D_Bainite_07,.png,256,256,RGB
D:\AI_Materials_Microscopy\data\raw\Dataset\D_Bainite_7\283_D_Bainite_07.png,D_Bainite_7\283_D_Bainite_07.png,283_D_Bainite_07.png,283_D_Bainite_07,.png,256,256,RGB
D:\AI_Materials_Microscopy\data\raw\Dataset\D_Bainite_7\284_D_Bainite_07.png,D_Bainite_7\284_D_Bainite_07.png,284_D_Bainite_07.png,284_D_Bainite_07,.png,256,256,RGB
D:\AI_Materials_Microscopy\data\raw\Dataset\D_Bainite_8\228_D_Bainite_08.png,D_Bainite_8\228_D_Bainite_08.png,228_D_Bainite_08.png,228_D_Bainite_08,.png,96,96,RGB
D:\AI_Materials_Microscopy\data\raw\Dataset\D_Bainite_8\229_D_Bainite_08.png,D_Bainite_8\229_D_Bainite_08.png,229_D_Bainite_08.png,229_D_Bainite_08,.png,96,96,RGB
D:\AI_Materials_Microscopy\data\raw\Dataset\D_Bainite_8\230_D_Bainite_08.png,D_Bainite_8\230_D_Bainite_08.png,230_D_Bainite_08.png,230_D_Bainite_08,.png,96,96,RGB
D:\AI_Materials_Microscopy\data\raw\Dataset\D_Bainite_8\231_D_Bainite_08.png,D_Bainite_8\231_D_Bainite_08.png,231_D_Bainite_08.png,231_D_Bainite_08,.png,96,96,RGB
D:\AI_Materials_Microscopy\data\raw\Dataset\D_Bainite_8\232_D_Bainite_08.png,D_Bainite_8\232_D_Bainite_08.png,232_D_Bainite_08.png,232_D_Bainite_08,.png,96,96,RGB
D:\AI_Materials_Microscopy\data\raw\Dataset\D_Bainite_8\233_D_Bainite_08.png,D_Bainite_8\233_D_Bainite_08.png,233_D_Bainite_08.png,233_D_Bainite_08,.png,96,96,RGB
D:\AI_Materials_Microscopy\data\raw\Dataset\D_Bainite_8\234_D_Bainite_08.png,D_Bainite_8\234_D_Bainite_08.png,234_D_Bainite_08.png,234_D_Bainite_08,.png,96,96,RGB
D:\AI_Materials_Microscopy\data\raw\Dataset\D_Bainite_8\235_D_Bainite_08.png,D_Bainite_8\235_D_Bainite_08.png,235_D_Bainite_08.png,235_D_Bainite_08,.png,96,96,RGB
D:\AI_Materials_Microscopy\data\raw\Dataset\D_Bainite_8\236_D_Bainite_08.png,D_Bainite_8\236_D_Bainite_08.png,236_D_Bainite_08.png,236_D_Bainite_08,.png,96,96,RGB
D:\AI_Materials_Microscopy\data\raw\Dataset\D_Bainite_8\237_D_Bainite_08.png,D_Bainite_8\237_D_Bainite_08.png,237_D_Bainite_08.png,237_D_Bainite_08,.png,256,256,RGB
D:\AI_Materials_Microscopy\data\raw\Dataset\D_Bainite_8\238_D_Bainite_08.png,D_Bainite_8\238_D_Bainite_08.png,238_D_Bainite_08.png,238_D_Bainite_08,.png,256,256,RGB
D:\AI_Materials_Microscopy\data\raw\Dataset\D_Bainite_8\239_D_Bainite_08.png,D_Bainite_8\239_D_Bainite_08.png,239_D_Bainite_08.png,239_D_Bainite_08,.png,256,256,RGB
D:\AI_Materials_Microscopy\data\raw\Dataset\D_Bainite_8\240_D_Bainite_08.png,D_Bainite_8\240_D_Bainite_08.png,240_D_Bainite_08.png,240_D_Bainite_08,.png,256,256,RGB
D:\AI_Materials_Microscopy\data\raw\Dataset\D_Bainite_8\241_D_Bainite_08.png,D_Bainite_8\241_D_Bainite_08.png,241_D_Bainite_08.png,241_D_Bainite_08,.png,256,256,RGB
D:\AI_Materials_Microscopy\data\raw\Dataset\D_Bainite_8\242_D_Bainite_08.png,D_Bainite_8\242_D_Bainite_08.png,242_D_Bainite_08.png,242_D_Bainite_08,.png,256,256,RGB
D:\AI_Materials_Microscopy\data\raw\Dataset\D_Bainite_8\243_D_Bainite_08.png,D_Bainite_8\243_D_Bainite_08.png,243_D_Bainite_08.png,243_D_Bainite_08,.png,256,256,RGB
D:\AI_Materials_Microscopy\data\raw\Dataset\D_Bainite_8\244_D_Bainite_08.png,D_Bainite_8\244_D_Bainite_08.png,244_D_Bainite_08.png,244_D_Bainite_08,.png,256,256,RGB
D:\AI_Materials_Microscopy\data\raw\Dataset\D_Bainite_8\245_D_Bainite_08.png,D_Bainite_8\245_D_Bainite_08.png,245_D_Bainite_08.png,245_D_Bainite_08,.png,256,256,RGB
D:\AI_Materials_Microscopy\data\raw\Dataset\D_Bainite_8\246_D_Bainite_08.png,D_Bainite_8\246_D_Bainite_08.png,246_D_Bainite_08.png,246_D_Bainite_08,.png,256,256,RGB
D:\AI_Materials_Microscopy\data\raw\Dataset\D_Bainite_8\247_D_Bainite_08.png,D_Bainite_8\247_D_Bainite_08.png,247_D_Bainite_08.png,247_D_Bainite_08,.png,96,96,RGB
D:\AI_Materials_Microscopy\data\raw\Dataset\D_Bainite_8\248_D_Bainite_08.png,D_Bainite_8\248_D_Bainite_08.png,248_D_Bainite_08.png,248_D_Bainite_08,.png,96,96,RGB
D:\AI_Materials_Microscopy\data\raw\Dataset\D_Bainite_8\249_D_Bainite_08.png,D_Bainite_8\249_D_Bainite_08.png,249_D_Bainite_08.png,249_D_Bainite_08,.png,96,96,RGB
D:\AI_Materials_Microscopy\data\raw\Dataset\D_Bainite_8\250_D_Bainite_08.png,D_Bainite_8\250_D_Bainite_08.png,250_D_Bainite_08.png,250_D_Bainite_08,.png,96,96,RGB
D:\AI_Materials_Microscopy\data\raw\Dataset\D_Bainite_8\251_D_Bainite_08.png,D_Bainite_8\251_D_Bainite_08.png,251_D_Bainite_08.png,251_D_Bainite_08,.png,96,96,RGB
D:\AI_Materials_Microscopy\data\raw\Dataset\D_Bainite_8\252_D_Bainite_08.png,D_Bainite_8\252_D_Bainite_08.png,252_D_Bainite_08.png,252_D_Bainite_08,.png,96,96,RGB
D:\AI_Materials_Microscopy\data\raw\Dataset\D_Bainite_8\253_D_Bainite_08.png,D_Bainite_8\253_D_Bainite_08.png,253_D_Bainite_08.png,253_D_Bainite_08,.png,96,96,RGB
D:\AI_Materials_Microscopy\data\raw\Dataset\D_Bainite_8\254_D_Bainite_08.png,D_Bainite_8\254_D_Bainite_08.png,254_D_Bainite_08.png,254_D_Bainite_08,.png,96,96,RGB
D:\AI_Materials_Microscopy\data\raw\Dataset\D_Bainite_8\255_D_Bainite_08.png,D_Bainite_8\255_D_Bainite_08.png,255_D_Bainite_08.png,255_D_Bainite_08,.png,96,96,RGB
D:\AI_Materials_Microscopy\data\raw\Dataset\D_Bainite_8\256_D_Bainite_08.png,D_Bainite_8\256_D_Bainite_08.png,256_D_Bainite_08.png,256_D_Bainite_08,.png,96,96,RGB
D:\AI_Materials_Microscopy\data\raw\Dataset\D_Bainite_8\257_D_Bainite_08.png,D_Bainite_8\257_D_Bainite_08.png,257_D_Bainite_08.png,257_D_Bainite_08,.png,96,96,RGB
D:\AI_Materials_Microscopy\data\raw\Dataset\D_Bainite_8\258_D_Bainite_08.png,D_Bainite_8\258_D_Bainite_08.png,258_D_Bainite_08.png,258_D_Bainite_08,.png,96,96,RGB
D:\AI_Materials_Microscopy\data\raw\Dataset\D_Bainite_8\259_D_Bainite_08.png,D_Bainite_8\259_D_Bainite_08.png,259_D_Bainite_08.png,259_D_Bainite_08,.png,96,96,RGB
D:\AI_Materials_Microscopy\data\raw\Dataset\D_Bainite_8\260_D_Bainite_08.png,D_Bainite_8\260_D_Bainite_08.png,260_D_Bainite_08.png,260_D_Bainite_08,.png,96,96,RGB
D:\AI_Materials_Microscopy\data\raw\Dataset\D_Bainite_8\261_D_Bainite_08.png,D_Bainite_8\261_D_Bainite_08.png,261_D_Bainite_08.png,261_D_Bainite_08,.png,96,96,RGB
D:\AI_Materials_Microscopy\data\raw\Dataset\D_Bainite_8\262_D_Bainite_08.png,D_Bainite_8\262_D_Bainite_08.png,262_D_Bainite_08.png,262_D_Bainite_08,.png,96,96,RGB
D:\AI_Materials_Microscopy\data\raw\Dataset\D_Bainite_8\263_D_Bainite_08.png,D_Bainite_8\263_D_Bainite_08.png,263_D_Bainite_08.png,263_D_Bainite_08,.png,96,96,RGB
D:\AI_Materials_Microscopy\data\raw\Dataset\D_Bainite_8\264_D_Bainite_08.png,D_Bainite_8\264_D_Bainite_08.png,264_D_Bainite_08.png,264_D_Bainite_08,.png,96,96,RGB
D:\AI_Materials_Microscopy\data\raw\Dataset\D_Bainite_8\265_D_Bainite_08.png,D_Bainite_8\265_D_Bainite_08.png,265_D_Bainite_08.png,265_D_Bainite_08,.png,256,256,RGB
D:\AI_Materials_Microscopy\data\raw\Dataset\D_Bainite_8\266_D_Bainite_08.png,D_Bainite_8\266_D_Bainite_08.png,266_D_Bainite_08.png,266_D_Bainite_08,.png,256,256,RGB
D:\AI_Materials_Microscopy\data\raw\Dataset\D_Bainite_8\267_D_Bainite_08.png,D_Bainite_8\267_D_Bainite_08.png,267_D_Bainite_08.png,267_D_Bainite_08,.png,256,256,RGB
D:\AI_Materials_Microscopy\data\raw\Dataset\D_Bainite_8\268_D_Bainite_08.png,D_Bainite_8\268_D_Bainite_08.png,268_D_Bainite_08.png,268_D_Bainite_08,.png,256,256,RGB
D:\AI_Materials_Microscopy\data\raw\Dataset\D_Bainite_8\269_D_Bainite_08.png,D_Bainite_8\269_D_Bainite_08.png,269_D_Bainite_08.png,269_D_Bainite_08,.png,256,256,RGB
D:\AI_Materials_Microscopy\data\raw\Dataset\D_Bainite_8\270_D_Bainite_08.png,D_Bainite_8\270_D_Bainite_08.png,270_D_Bainite_08.png,270_D_Bainite_08,.png,256,256,RGB
D:\AI_Materials_Microscopy\data\raw\Dataset\D_Bainite_8\271_D_Bainite_08.png,D_Bainite_8\271_D_Bainite_08.png,271_D_Bainite_08.png,271_D_Bainite_08,.png,256,256,RGB
D:\AI_Materials_Microscopy\data\raw\Dataset\D_Bainite_8\272_D_Bainite_08.png,D_Bainite_8\272_D_Bainite_08.png,272_D_Bainite_08.png,272_D_Bainite_08,.png,256,256,RGB
D:\AI_Materials_Microscopy\data\raw\Dataset\D_Bainite_8\273_D_Bainite_08.png,D_Bainite_8\273_D_Bainite_08.png,273_D_Bainite_08.png,273_D_Bainite_08,.png,256,256,RGB
D:\AI_Materials_Microscopy\data\raw\Dataset\D_Bainite_8\274_D_Bainite_08.png,D_Bainite_8\274_D_Bainite_08.png,274_D_Bainite_08.png,274_D_Bainite_08,.png,256,256,RGB
D:\AI_Materials_Microscopy\data\raw\Dataset\D_Bainite_8\275_D_Bainite_08.png,D_Bainite_8\275_D_Bainite_08.png,275_D_Bainite_08.png,275_D_Bainite_08,.png,256,256,RGB
D:\AI_Materials_Microscopy\data\raw\Dataset\D_Bainite_8\276_D_Bainite_08.png,D_Bainite_8\276_D_Bainite_08.png,276_D_Bainite_08.png,276_D_Bainite_08,.png,256,256,RGB
D:\AI_Materials_Microscopy\data\raw\Dataset\D_Bainite_8\277_D_Bainite_08.png,D_Bainite_8\277_D_Bainite_08.png,277_D_Bainite_08.png,277_D_Bainite_08,.png,256,256,RGB
D:\AI_Materials_Microscopy\data\raw\Dataset\D_Bainite_8\278_D_Bainite_08.png,D_Bainite_8\278_D_Bainite_08.png,278_D_Bainite_08.png,278_D_Bainite_08,.png,256,256,RGB
D:\AI_Materials_Microscopy\data\raw\Dataset\D_Bainite_8\279_D_Bainite_08.png,D_Bainite_8\279_D_Bainite_08.png,279_D_Bainite_08.png,279_D_Bainite_08,.png,256,256,RGB
D:\AI_Materials_Microscopy\data\raw\Dataset\D_Bainite_8\280_D_Bainite_08.png,D_Bainite_8\280_D_Bainite_08.png,280_D_Bainite_08.png,280_D_Bainite_08,.png,256,256,RGB
D:\AI_Materials_Microscopy\data\raw\Dataset\D_Bainite_8\281_D_Bainite_08.png,D_Bainite_8\281_D_Bainite_08.png,281_D_Bainite_08.png,281_D_Bainite_08,.png,256,256,RGB
D:\AI_Materials_Microscopy\data\raw\Dataset\D_Bainite_8\282_D_Bainite_08.png,D_Bainite_8\282_D_Bainite_08.png,282_D_Bainite_08.png,282_D_Bainite_08,.png,256,256,RGB
D:\AI_Materials_Microscopy\data\raw\Dataset\D_Bainite_8\283_D_Bainite_08.png,D_Bainite_8\283_D_Bainite_08.png,283_D_Bainite_08.png,283_D_Bainite_08,.png,256,256,RGB
D:\AI_Materials_Microscopy\data\raw\Dataset\D_Bainite_8\284_D_Bainite_08.png,D_Bainite_8\284_D_Bainite_08.png,284_D_Bainite_08.png,284_D_Bainite_08,.png,256,256,RGB
D:\AI_Materials_Microscopy\data\raw\Dataset\D_Bainite_9\228_D_Bainite_09.png,D_Bainite_9\228_D_Bainite_09.png,228_D_Bainite_09.png,228_D_Bainite_09,.png,96,96,RGB
D:\AI_Materials_Microscopy\data\raw\Dataset\D_Bainite_9\229_D_Bainite_09.png,D_Bainite_9\229_D_Bainite_09.png,229_D_Bainite_09.png,229_D_Bainite_09,.png,96,96,RGB
D:\AI_Materials_Microscopy\data\raw\Dataset\D_Bainite_9\230_D_Bainite_09.png,D_Bainite_9\230_D_Bainite_09.png,230_D_Bainite_09.png,230_D_Bainite_09,.png,96,96,RGB
D:\AI_Materials_Microscopy\data\raw\Dataset\D_Bainite_9\231_D_Bainite_09.png,D_Bainite_9\231_D_Bainite_09.png,231_D_Bainite_09.png,231_D_Bainite_09,.png,96,96,RGB
D:\AI_Materials_Microscopy\data\raw\Dataset\D_Bainite_9\232_D_Bainite_09.png,D_Bainite_9\232_D_Bainite_09.png,232_D_Bainite_09.png,232_D_Bainite_09,.png,96,96,RGB
D:\AI_Materials_Microscopy\data\raw\Dataset\D_Bainite_9\233_D_Bainite_09.png,D_Bainite_9\233_D_Bainite_09.png,233_D_Bainite_09.png,233_D_Bainite_09,.png,96,96,RGB
D:\AI_Materials_Microscopy\data\raw\Dataset\D_Bainite_9\234_D_Bainite_09.png,D_Bainite_9\234_D_Bainite_09.png,234_D_Bainite_09.png,234_D_Bainite_09,.png,96,96,RGB
D:\AI_Materials_Microscopy\data\raw\Dataset\D_Bainite_9\235_D_Bainite_09.png,D_Bainite_9\235_D_Bainite_09.png,235_D_Bainite_09.png,235_D_Bainite_09,.png,96,96,RGB
D:\AI_Materials_Microscopy\data\raw\Dataset\D_Bainite_9\236_D_Bainite_09.png,D_Bainite_9\236_D_Bainite_09.png,236_D_Bainite_09.png,236_D_Bainite_09,.png,96,96,RGB
D:\AI_Materials_Microscopy\data\raw\Dataset\D_Bainite_9\237_D_Bainite_09.png,D_Bainite_9\237_D_Bainite_09.png,237_D_Bainite_09.png,237_D_Bainite_09,.png,256,256,RGB
D:\AI_Materials_Microscopy\data\raw\Dataset\D_Bainite_9\238_D_Bainite_09.png,D_Bainite_9\238_D_Bainite_09.png,238_D_Bainite_09.png,238_D_Bainite_09,.png,256,256,RGB
D:\AI_Materials_Microscopy\data\raw\Dataset\D_Bainite_9\239_D_Bainite_09.png,D_Bainite_9\239_D_Bainite_09.png,239_D_Bainite_09.png,239_D_Bainite_09,.png,256,256,RGB
D:\AI_Materials_Microscopy\data\raw\Dataset\D_Bainite_9\240_D_Bainite_09.png,D_Bainite_9\240_D_Bainite_09.png,240_D_Bainite_09.png,240_D_Bainite_09,.png,256,256,RGB
D:\AI_Materials_Microscopy\data\raw\Dataset\D_Bainite_9\241_D_Bainite_09.png,D_Bainite_9\241_D_Bainite_09.png,241_D_Bainite_09.png,241_D_Bainite_09,.png,256,256,RGB
D:\AI_Materials_Microscopy\data\raw\Dataset\D_Bainite_9\242_D_Bainite_09.png,D_Bainite_9\242_D_Bainite_09.png,242_D_Bainite_09.png,242_D_Bainite_09,.png,256,256,RGB
D:\AI_Materials_Microscopy\data\raw\Dataset\D_Bainite_9\243_D_Bainite_09.png,D_Bainite_9\243_D_Bainite_09.png,243_D_Bainite_09.png,243_D_Bainite_09,.png,256,256,RGB
D:\AI_Materials_Microscopy\data\raw\Dataset\D_Bainite_9\244_D_Bainite_09.png,D_Bainite_9\244_D_Bainite_09.png,244_D_Bainite_09.png,244_D_Bainite_09,.png,256,256,RGB
D:\AI_Materials_Microscopy\data\raw\Dataset\D_Bainite_9\245_D_Bainite_09.png,D_Bainite_9\245_D_Bainite_09.png,245_D_Bainite_09.png,245_D_Bainite_09,.png,256,256,RGB
D:\AI_Materials_Microscopy\data\raw\Dataset\D_Bainite_9\246_D_Bainite_09.png,D_Bainite_9\246_D_Bainite_09.png,246_D_Bainite_09.png,246_D_Bainite_09,.png,256,256,RGB
D:\AI_Materials_Microscopy\data\raw\Dataset\D_Bainite_9\247_D_Bainite_09.png,D_Bainite_9\247_D_Bainite_09.png,247_D_Bainite_09.png,247_D_Bainite_09,.png,96,96,RGB
D:\AI_Materials_Microscopy\data\raw\Dataset\D_Bainite_9\248_D_Bainite_09.png,D_Bainite_9\248_D_Bainite_09.png,248_D_Bainite_09.png,248_D_Bainite_09,.png,96,96,RGB
D:\AI_Materials_Microscopy\data\raw\Dataset\D_Bainite_9\249_D_Bainite_09.png,D_Bainite_9\249_D_Bainite_09.png,249_D_Bainite_09.png,249_D_Bainite_09,.png,96,96,RGB
D:\AI_Materials_Microscopy\data\raw\Dataset\D_Bainite_9\250_D_Bainite_09.png,D_Bainite_9\250_D_Bainite_09.png,250_D_Bainite_09.png,250_D_Bainite_09,.png,96,96,RGB
D:\AI_Materials_Microscopy\data\raw\Dataset\D_Bainite_9\251_D_Bainite_09.png,D_Bainite_9\251_D_Bainite_09.png,251_D_Bainite_09.png,251_D_Bainite_09,.png,96,96,RGB
D:\AI_Materials_Microscopy\data\raw\Dataset\D_Bainite_9\252_D_Bainite_09.png,D_Bainite_9\252_D_Bainite_09.png,252_D_Bainite_09.png,252_D_Bainite_09,.png,96,96,RGB
D:\AI_Materials_Microscopy\data\raw\Dataset\D_Bainite_9\253_D_Bainite_09.png,D_Bainite_9\253_D_Bainite_09.png,253_D_Bainite_09.png,253_D_Bainite_09,.png,96,96,RGB
D:\AI_Materials_Microscopy\data\raw\Dataset\D_Bainite_9\254_D_Bainite_09.png,D_Bainite_9\254_D_Bainite_09.png,254_D_Bainite_09.png,254_D_Bainite_09,.png,96,96,RGB
D:\AI_Materials_Microscopy\data\raw\Dataset\D_Bainite_9\255_D_Bainite_09.png,D_Bainite_9\255_D_Bainite_09.png,255_D_Bainite_09.png,255_D_Bainite_09,.png,96,96,RGB
D:\AI_Materials_Microscopy\data\raw\Dataset\D_Bainite_9\256_D_Bainite_09.png,D_Bainite_9\256_D_Bainite_09.png,256_D_Bainite_09.png,256_D_Bainite_09,.png,96,96,RGB
D:\AI_Materials_Microscopy\data\raw\Dataset\D_Bainite_9\257_D_Bainite_09.png,D_Bainite_9\257_D_Bainite_09.png,257_D_Bainite_09.png,257_D_Bainite_09,.png,96,96,RGB
D:\AI_Materials_Microscopy\data\raw\Dataset\D_Bainite_9\258_D_Bainite_09.png,D_Bainite_9\258_D_Bainite_09.png,258_D_Bainite_09.png,258_D_Bainite_09,.png,96,96,RGB
D:\AI_Materials_Microscopy\data\raw\Dataset\D_Bainite_9\259_D_Bainite_09.png,D_Bainite_9\259_D_Bainite_09.png,259_D_Bainite_09.png,259_D_Bainite_09,.png,96,96,RGB
D:\AI_Materials_Microscopy\data\raw\Dataset\D_Bainite_9\260_D_Bainite_09.png,D_Bainite_9\260_D_Bainite_09.png,260_D_Bainite_09.png,260_D_Bainite_09,.png,96,96,RGB
D:\AI_Materials_Microscopy\data\raw\Dataset\D_Bainite_9\261_D_Bainite_09.png,D_Bainite_9\261_D_Bainite_09.png,261_D_Bainite_09.png,261_D_Bainite_09,.png,96,96,RGB
D:\AI_Materials_Microscopy\data\raw\Dataset\D_Bainite_9\262_D_Bainite_09.png,D_Bainite_9\262_D_Bainite_09.png,262_D_Bainite_09.png,262_D_Bainite_09,.png,96,96,RGB
D:\AI_Materials_Microscopy\data\raw\Dataset\D_Bainite_9\263_D_Bainite_09.png,D_Bainite_9\263_D_Bainite_09.png,263_D_Bainite_09.png,263_D_Bainite_09,.png,96,96,RGB
D:\AI_Materials_Microscopy\data\raw\Dataset\D_Bainite_9\264_D_Bainite_09.png,D_Bainite_9\264_D_Bainite_09.png,264_D_Bainite_09.png,264_D_Bainite_09,.png,96,96,RGB
D:\AI_Materials_Microscopy\data\raw\Dataset\D_Bainite_9\265_D_Bainite_09.png,D_Bainite_9\265_D_Bainite_09.png,265_D_Bainite_09.png,265_D_Bainite_09,.png,256,256,RGB
D:\AI_Materials_Microscopy\data\raw\Dataset\D_Bainite_9\266_D_Bainite_09.png,D_Bainite_9\266_D_Bainite_09.png,266_D_Bainite_09.png,266_D_Bainite_09,.png,256,256,RGB
D:\AI_Materials_Microscopy\data\raw\Dataset\D_Bainite_9\267_D_Bainite_09.png,D_Bainite_9\267_D_Bainite_09.png,267_D_Bainite_09.png,267_D_Bainite_09,.png,256,256,RGB
D:\AI_Materials_Microscopy\data\raw\Dataset\D_Bainite_9\268_D_Bainite_09.png,D_Bainite_9\268_D_Bainite_09.png,268_D_Bainite_09.png,268_D_Bainite_09,.png,256,256,RGB
D:\AI_Materials_Microscopy\data\raw\Dataset\D_Bainite_9\269_D_Bainite_09.png,D_Bainite_9\269_D_Bainite_09.png,269_D_Bainite_09.png,269_D_Bainite_09,.png,256,256,RGB
D:\AI_Materials_Microscopy\data\raw\Dataset\D_Bainite_9\270_D_Bainite_09.png,D_Bainite_9\270_D_Bainite_09.png,270_D_Bainite_09.png,270_D_Bainite_09,.png,256,256,RGB
D:\AI_Materials_Microscopy\data\raw\Dataset\D_Bainite_9\271_D_Bainite_09.png,D_Bainite_9\271_D_Bainite_09.png,271_D_Bainite_09.png,271_D_Bainite_09,.png,256,256,RGB
D:\AI_Materials_Microscopy\data\raw\Dataset\D_Bainite_9\272_D_Bainite_09.png,D_Bainite_9\272_D_Bainite_09.png,272_D_Bainite_09.png,272_D_Bainite_09,.png,256,256,RGB
D:\AI_Materials_Microscopy\data\raw\Dataset\D_Bainite_9\273_D_Bainite_09.png,D_Bainite_9\273_D_Bainite_09.png,273_D_Bainite_09.png,273_D_Bainite_09,.png,256,256,RGB
D:\AI_Materials_Microscopy\data\raw\Dataset\D_Bainite_9\274_D_Bainite_09.png,D_Bainite_9\274_D_Bainite_09.png,274_D_Bainite_09.png,274_D_Bainite_09,.png,256,256,RGB
D:\AI_Materials_Microscopy\data\raw\Dataset\D_Bainite_9\275_D_Bainite_09.png,D_Bainite_9\275_D_Bainite_09.png,275_D_Bainite_09.png,275_D_Bainite_09,.png,256,256,RGB
D:\AI_Materials_Microscopy\data\raw\Dataset\D_Bainite_9\276_D_Bainite_09.png,D_Bainite_9\276_D_Bainite_09.png,276_D_Bainite_09.png,276_D_Bainite_09,.png,256,256,RGB
D:\AI_Materials_Microscopy\data\raw\Dataset\D_Bainite_9\277_D_Bainite_09.png,D_Bainite_9\277_D_Bainite_09.png,277_D_Bainite_09.png,277_D_Bainite_09,.png,256,256,RGB
D:\AI_Materials_Microscopy\data\raw\Dataset\D_Bainite_9\278_D_Bainite_09.png,D_Bainite_9\278_D_Bainite_09.png,278_D_Bainite_09.png,278_D_Bainite_09,.png,256,256,RGB
D:\AI_Materials_Microscopy\data\raw\Dataset\D_Bainite_9\279_D_Bainite_09.png,D_Bainite_9\279_D_Bainite_09.png,279_D_Bainite_09.png,279_D_Bainite_09,.png,256,256,RGB
D:\AI_Materials_Microscopy\data\raw\Dataset\D_Bainite_9\280_D_Bainite_09.png,D_Bainite_9\280_D_Bainite_09.png,280_D_Bainite_09.png,280_D_Bainite_09,.png,256,256,RGB
D:\AI_Materials_Microscopy\data\raw\Dataset\D_Bainite_9\281_D_Bainite_09.png,D_Bainite_9\281_D_Bainite_09.png,281_D_Bainite_09.png,281_D_Bainite_09,.png,256,256,RGB
D:\AI_Materials_Microscopy\data\raw\Dataset\D_Bainite_9\282_D_Bainite_09.png,D_Bainite_9\282_D_Bainite_09.png,282_D_Bainite_09.png,282_D_Bainite_09,.png,256,256,RGB
D:\AI_Materials_Microscopy\data\raw\Dataset\D_Bainite_9\283_D_Bainite_09.png,D_Bainite_9\283_D_Bainite_09.png,283_D_Bainite_09.png,283_D_Bainite_09,.png,256,256,RGB
D:\AI_Materials_Microscopy\data\raw\Dataset\D_Bainite_9\284_D_Bainite_09.png,D_Bainite_9\284_D_Bainite_09.png,284_D_Bainite_09.png,284_D_Bainite_09,.png,256,256,RGB
D:\AI_Materials_Microscopy\data\raw\Dataset\E_Martensite_1\323_E_Martensite_01.png,E_Martensite_1\323_E_Martensite_01.png,323_E_Martensite_01.png,323_E_Martensite_01,.png,96,96,RGB
D:\AI_Materials_Microscopy\data\raw\Dataset\E_Martensite_1\324_E_Martensite_01.png,E_Martensite_1\324_E_Martensite_01.png,324_E_Martensite_01.png,324_E_Martensite_01,.png,96,96,RGB
D:\AI_Materials_Microscopy\data\raw\Dataset\E_Martensite_1\325_E_Martensite_01.png,E_Martensite_1\325_E_Martensite_01.png,325_E_Martensite_01.png,325_E_Martensite_01,.png,96,96,RGB
D:\AI_Materials_Microscopy\data\raw\Dataset\E_Martensite_1\326_E_Martensite_01.png,E_Martensite_1\326_E_Martensite_01.png,326_E_Martensite_01.png,326_E_Martensite_01,.png,96,96,RGB
D:\AI_Materials_Microscopy\data\raw\Dataset\E_Martensite_1\327_E_Martensite_01.png,E_Martensite_1\327_E_Martensite_01.png,327_E_Martensite_01.png,327_E_Martensite_01,.png,96,96,RGB
D:\AI_Materials_Microscopy\data\raw\Dataset\E_Martensite_1\328_E_Martensite_01.png,E_Martensite_1\328_E_Martensite_01.png,328_E_Martensite_01.png,328_E_Martensite_01,.png,96,96,RGB
D:\AI_Materials_Microscopy\data\raw\Dataset\E_Martensite_1\329_E_Martensite_01.png,E_Martensite_1\329_E_Martensite_01.png,329_E_Martensite_01.png,329_E_Martensite_01,.png,96,96,RGB
D:\AI_Materials_Microscopy\data\raw\Dataset\E_Martensite_1\330_E_Martensite_01.png,E_Martensite_1\330_E_Martensite_01.png,330_E_Martensite_01.png,330_E_Martensite_01,.png,96,96,RGB
D:\AI_Materials_Microscopy\data\raw\Dataset\E_Martensite_1\331_E_Martensite_01.png,E_Martensite_1\331_E_Martensite_01.png,331_E_Martensite_01.png,331_E_Martensite_01,.png,96,96,RGB
D:\AI_Materials_Microscopy\data\raw\Dataset\E_Martensite_1\332_E_Martensite_01.png,E_Martensite_1\332_E_Martensite_01.png,332_E_Martensite_01.png,332_E_Martensite_01,.png,256,256,RGB
D:\AI_Materials_Microscopy\data\raw\Dataset\E_Martensite_1\333_E_Martensite_01.png,E_Martensite_1\333_E_Martensite_01.png,333_E_Martensite_01.png,333_E_Martensite_01,.png,256,256,RGB
D:\AI_Materials_Microscopy\data\raw\Dataset\E_Martensite_1\334_E_Martensite_01.png,E_Martensite_1\334_E_Martensite_01.png,334_E_Martensite_01.png,334_E_Martensite_01,.png,256,256,RGB
D:\AI_Materials_Microscopy\data\raw\Dataset\E_Martensite_1\335_E_Martensite_01.png,E_Martensite_1\335_E_Martensite_01.png,335_E_Martensite_01.png,335_E_Martensite_01,.png,256,256,RGB
D:\AI_Materials_Microscopy\data\raw\Dataset\E_Martensite_1\336_E_Martensite_01.png,E_Martensite_1\336_E_Martensite_01.png,336_E_Martensite_01.png,336_E_Martensite_01,.png,256,256,RGB
D:\AI_Materials_Microscopy\data\raw\Dataset\E_Martensite_1\337_E_Martensite_01.png,E_Martensite_1\337_E_Martensite_01.png,337_E_Martensite_01.png,337_E_Martensite_01,.png,256,256,RGB
D:\AI_Materials_Microscopy\data\raw\Dataset\E_Martensite_1\338_E_Martensite_01.png,E_Martensite_1\338_E_Martensite_01.png,338_E_Martensite_01.png,338_E_Martensite_01,.png,256,256,RGB
D:\AI_Materials_Microscopy\data\raw\Dataset\E_Martensite_1\339_E_Martensite_01.png,E_Martensite_1\339_E_Martensite_01.png,339_E_Martensite_01.png,339_E_Martensite_01,.png,256,256,RGB
D:\AI_Materials_Microscopy\data\raw\Dataset\E_Martensite_1\340_E_Martensite_01.png,E_Martensite_1\340_E_Martensite_01.png,340_E_Martensite_01.png,340_E_Martensite_01,.png,256,256,RGB
D:\AI_Materials_Microscopy\data\raw\Dataset\E_Martensite_1\341_E_Martensite_01.png,E_Martensite_1\341_E_Martensite_01.png,341_E_Martensite_01.png,341_E_Martensite_01,.png,256,256,RGB
D:\AI_Materials_Microscopy\data\raw\Dataset\E_Martensite_10\323_E_Martensite_10.png,E_Martensite_10\323_E_Martensite_10.png,323_E_Martensite_10.png,323_E_Martensite_10,.png,96,96,RGB
D:\AI_Materials_Microscopy\data\raw\Dataset\E_Martensite_10\324_E_Martensite_10.png,E_Martensite_10\324_E_Martensite_10.png,324_E_Martensite_10.png,324_E_Martensite_10,.png,96,96,RGB
D:\AI_Materials_Microscopy\data\raw\Dataset\E_Martensite_10\325_E_Martensite_10.png,E_Martensite_10\325_E_Martensite_10.png,325_E_Martensite_10.png,325_E_Martensite_10,.png,96,96,RGB
D:\AI_Materials_Microscopy\data\raw\Dataset\E_Martensite_10\326_E_Martensite_10.png,E_Martensite_10\326_E_Martensite_10.png,326_E_Martensite_10.png,326_E_Martensite_10,.png,96,96,RGB
D:\AI_Materials_Microscopy\data\raw\Dataset\E_Martensite_10\327_E_Martensite_10.png,E_Martensite_10\327_E_Martensite_10.png,327_E_Martensite_10.png,327_E_Martensite_10,.png,96,96,RGB
D:\AI_Materials_Microscopy\data\raw\Dataset\E_Martensite_10\328_E_Martensite_10.png,E_Martensite_10\328_E_Martensite_10.png,328_E_Martensite_10.png,328_E_Martensite_10,.png,96,96,RGB
D:\AI_Materials_Microscopy\data\raw\Dataset\E_Martensite_10\329_E_Martensite_10.png,E_Martensite_10\329_E_Martensite_10.png,329_E_Martensite_10.png,329_E_Martensite_10,.png,96,96,RGB
D:\AI_Materials_Microscopy\data\raw\Dataset\E_Martensite_10\330_E_Martensite_10.png,E_Martensite_10\330_E_Martensite_10.png,330_E_Martensite_10.png,330_E_Martensite_10,.png,96,96,RGB
D:\AI_Materials_Microscopy\data\raw\Dataset\E_Martensite_10\331_E_Martensite_10.png,E_Martensite_10\331_E_Martensite_10.png,331_E_Martensite_10.png,331_E_Martensite_10,.png,96,96,RGB
D:\AI_Materials_Microscopy\data\raw\Dataset\E_Martensite_10\332_E_Martensite_10.png,E_Martensite_10\332_E_Martensite_10.png,332_E_Martensite_10.png,332_E_Martensite_10,.png,256,256,RGB
D:\AI_Materials_Microscopy\data\raw\Dataset\E_Martensite_10\333_E_Martensite_10.png,E_Martensite_10\333_E_Martensite_10.png,333_E_Martensite_10.png,333_E_Martensite_10,.png,256,256,RGB
D:\AI_Materials_Microscopy\data\raw\Dataset\E_Martensite_10\334_E_Martensite_10.png,E_Martensite_10\334_E_Martensite_10.png,334_E_Martensite_10.png,334_E_Martensite_10,.png,256,256,RGB
D:\AI_Materials_Microscopy\data\raw\Dataset\E_Martensite_10\335_E_Martensite_10.png,E_Martensite_10\335_E_Martensite_10.png,335_E_Martensite_10.png,335_E_Martensite_10,.png,256,256,RGB
D:\AI_Materials_Microscopy\data\raw\Dataset\E_Martensite_10\336_E_Martensite_10.png,E_Martensite_10\336_E_Martensite_10.png,336_E_Martensite_10.png,336_E_Martensite_10,.png,256,256,RGB
D:\AI_Materials_Microscopy\data\raw\Dataset\E_Martensite_10\337_E_Martensite_10.png,E_Martensite_10\337_E_Martensite_10.png,337_E_Martensite_10.png,337_E_Martensite_10,.png,256,256,RGB
D:\AI_Materials_Microscopy\data\raw\Dataset\E_Martensite_10\338_E_Martensite_10.png,E_Martensite_10\338_E_Martensite_10.png,338_E_Martensite_10.png,338_E_Martensite_10,.png,256,256,RGB
D:\AI_Materials_Microscopy\data\raw\Dataset\E_Martensite_10\339_E_Martensite_10.png,E_Martensite_10\339_E_Martensite_10.png,339_E_Martensite_10.png,339_E_Martensite_10,.png,256,256,RGB
D:\AI_Materials_Microscopy\data\raw\Dataset\E_Martensite_10\340_E_Martensite_10.png,E_Martensite_10\340_E_Martensite_10.png,340_E_Martensite_10.png,340_E_Martensite_10,.png,256,256,RGB
D:\AI_Materials_Microscopy\data\raw\Dataset\E_Martensite_10\341_E_Martensite_10.png,E_Martensite_10\341_E_Martensite_10.png,341_E_Martensite_10.png,341_E_Martensite_10,.png,256,256,RGB
D:\AI_Materials_Microscopy\data\raw\Dataset\E_Martensite_11\323_E_Martensite_11.png,E_Martensite_11\323_E_Martensite_11.png,323_E_Martensite_11.png,323_E_Martensite_11,.png,96,96,RGB
D:\AI_Materials_Microscopy\data\raw\Dataset\E_Martensite_11\324_E_Martensite_11.png,E_Martensite_11\324_E_Martensite_11.png,324_E_Martensite_11.png,324_E_Martensite_11,.png,96,96,RGB
D:\AI_Materials_Microscopy\data\raw\Dataset\E_Martensite_11\325_E_Martensite_11.png,E_Martensite_11\325_E_Martensite_11.png,325_E_Martensite_11.png,325_E_Martensite_11,.png,96,96,RGB
D:\AI_Materials_Microscopy\data\raw\Dataset\E_Martensite_11\326_E_Martensite_11.png,E_Martensite_11\326_E_Martensite_11.png,326_E_Martensite_11.png,326_E_Martensite_11,.png,96,96,RGB
D:\AI_Materials_Microscopy\data\raw\Dataset\E_Martensite_11\327_E_Martensite_11.png,E_Martensite_11\327_E_Martensite_11.png,327_E_Martensite_11.png,327_E_Martensite_11,.png,96,96,RGB
D:\AI_Materials_Microscopy\data\raw\Dataset\E_Martensite_11\328_E_Martensite_11.png,E_Martensite_11\328_E_Martensite_11.png,328_E_Martensite_11.png,328_E_Martensite_11,.png,96,96,RGB
D:\AI_Materials_Microscopy\data\raw\Dataset\E_Martensite_11\329_E_Martensite_11.png,E_Martensite_11\329_E_Martensite_11.png,329_E_Martensite_11.png,329_E_Martensite_11,.png,96,96,RGB
D:\AI_Materials_Microscopy\data\raw\Dataset\E_Martensite_11\330_E_Martensite_11.png,E_Martensite_11\330_E_Martensite_11.png,330_E_Martensite_11.png,330_E_Martensite_11,.png,96,96,RGB
D:\AI_Materials_Microscopy\data\raw\Dataset\E_Martensite_11\331_E_Martensite_11.png,E_Martensite_11\331_E_Martensite_11.png,331_E_Martensite_11.png,331_E_Martensite_11,.png,96,96,RGB
D:\AI_Materials_Microscopy\data\raw\Dataset\E_Martensite_11\332_E_Martensite_11.png,E_Martensite_11\332_E_Martensite_11.png,332_E_Martensite_11.png,332_E_Martensite_11,.png,256,256,RGB
D:\AI_Materials_Microscopy\data\raw\Dataset\E_Martensite_11\333_E_Martensite_11.png,E_Martensite_11\333_E_Martensite_11.png,333_E_Martensite_11.png,333_E_Martensite_11,.png,256,256,RGB
D:\AI_Materials_Microscopy\data\raw\Dataset\E_Martensite_11\334_E_Martensite_11.png,E_Martensite_11\334_E_Martensite_11.png,334_E_Martensite_11.png,334_E_Martensite_11,.png,256,256,RGB
D:\AI_Materials_Microscopy\data\raw\Dataset\E_Martensite_11\335_E_Martensite_11.png,E_Martensite_11\335_E_Martensite_11.png,335_E_Martensite_11.png,335_E_Martensite_11,.png,256,256,RGB
D:\AI_Materials_Microscopy\data\raw\Dataset\E_Martensite_11\336_E_Martensite_11.png,E_Martensite_11\336_E_Martensite_11.png,336_E_Martensite_11.png,336_E_Martensite_11,.png,256,256,RGB
D:\AI_Materials_Microscopy\data\raw\Dataset\E_Martensite_11\337_E_Martensite_11.png,E_Martensite_11\337_E_Martensite_11.png,337_E_Martensite_11.png,337_E_Martensite_11,.png,256,256,RGB
D:\AI_Materials_Microscopy\data\raw\Dataset\E_Martensite_11\338_E_Martensite_11.png,E_Martensite_11\338_E_Martensite_11.png,338_E_Martensite_11.png,338_E_Martensite_11,.png,256,256,RGB
D:\AI_Materials_Microscopy\data\raw\Dataset\E_Martensite_11\339_E_Martensite_11.png,E_Martensite_11\339_E_Martensite_11.png,339_E_Martensite_11.png,339_E_Martensite_11,.png,256,256,RGB
D:\AI_Materials_Microscopy\data\raw\Dataset\E_Martensite_11\340_E_Martensite_11.png,E_Martensite_11\340_E_Martensite_11.png,340_E_Martensite_11.png,340_E_Martensite_11,.png,256,256,RGB
D:\AI_Materials_Microscopy\data\raw\Dataset\E_Martensite_11\341_E_Martensite_11.png,E_Martensite_11\341_E_Martensite_11.png,341_E_Martensite_11.png,341_E_Martensite_11,.png,256,256,RGB
D:\AI_Materials_Microscopy\data\raw\Dataset\E_Martensite_12\323_E_Martensite_12.png,E_Martensite_12\323_E_Martensite_12.png,323_E_Martensite_12.png,323_E_Martensite_12,.png,96,96,RGB
D:\AI_Materials_Microscopy\data\raw\Dataset\E_Martensite_12\324_E_Martensite_12.png,E_Martensite_12\324_E_Martensite_12.png,324_E_Martensite_12.png,324_E_Martensite_12,.png,96,96,RGB
D:\AI_Materials_Microscopy\data\raw\Dataset\E_Martensite_12\325_E_Martensite_12.png,E_Martensite_12\325_E_Martensite_12.png,325_E_Martensite_12.png,325_E_Martensite_12,.png,96,96,RGB
D:\AI_Materials_Microscopy\data\raw\Dataset\E_Martensite_12\326_E_Martensite_12.png,E_Martensite_12\326_E_Martensite_12.png,326_E_Martensite_12.png,326_E_Martensite_12,.png,96,96,RGB
D:\AI_Materials_Microscopy\data\raw\Dataset\E_Martensite_12\327_E_Martensite_12.png,E_Martensite_12\327_E_Martensite_12.png,327_E_Martensite_12.png,327_E_Martensite_12,.png,96,96,RGB
D:\AI_Materials_Microscopy\data\raw\Dataset\E_Martensite_12\328_E_Martensite_12.png,E_Martensite_12\328_E_Martensite_12.png,328_E_Martensite_12.png,328_E_Martensite_12,.png,96,96,RGB
D:\AI_Materials_Microscopy\data\raw\Dataset\E_Martensite_12\329_E_Martensite_12.png,E_Martensite_12\329_E_Martensite_12.png,329_E_Martensite_12.png,329_E_Martensite_12,.png,96,96,RGB
D:\AI_Materials_Microscopy\data\raw\Dataset\E_Martensite_12\330_E_Martensite_12.png,E_Martensite_12\330_E_Martensite_12.png,330_E_Martensite_12.png,330_E_Martensite_12,.png,96,96,RGB
D:\AI_Materials_Microscopy\data\raw\Dataset\E_Martensite_12\331_E_Martensite_12.png,E_Martensite_12\331_E_Martensite_12.png,331_E_Martensite_12.png,331_E_Martensite_12,.png,96,96,RGB
D:\AI_Materials_Microscopy\data\raw\Dataset\E_Martensite_12\332_E_Martensite_12.png,E_Martensite_12\332_E_Martensite_12.png,332_E_Martensite_12.png,332_E_Martensite_12,.png,256,256,RGB
D:\AI_Materials_Microscopy\data\raw\Dataset\E_Martensite_12\333_E_Martensite_12.png,E_Martensite_12\333_E_Martensite_12.png,333_E_Martensite_12.png,333_E_Martensite_12,.png,256,256,RGB
D:\AI_Materials_Microscopy\data\raw\Dataset\E_Martensite_12\334_E_Martensite_12.png,E_Martensite_12\334_E_Martensite_12.png,334_E_Martensite_12.png,334_E_Martensite_12,.png,256,256,RGB
D:\AI_Materials_Microscopy\data\raw\Dataset\E_Martensite_12\335_E_Martensite_12.png,E_Martensite_12\335_E_Martensite_12.png,335_E_Martensite_12.png,335_E_Martensite_12,.png,256,256,RGB
D:\AI_Materials_Microscopy\data\raw\Dataset\E_Martensite_12\336_E_Martensite_12.png,E_Martensite_12\336_E_Martensite_12.png,336_E_Martensite_12.png,336_E_Martensite_12,.png,256,256,RGB
D:\AI_Materials_Microscopy\data\raw\Dataset\E_Martensite_12\337_E_Martensite_12.png,E_Martensite_12\337_E_Martensite_12.png,337_E_Martensite_12.png,337_E_Martensite_12,.png,256,256,RGB
D:\AI_Materials_Microscopy\data\raw\Dataset\E_Martensite_12\338_E_Martensite_12.png,E_Martensite_12\338_E_Martensite_12.png,338_E_Martensite_12.png,338_E_Martensite_12,.png,256,256,RGB
D:\AI_Materials_Microscopy\data\raw\Dataset\E_Martensite_12\339_E_Martensite_12.png,E_Martensite_12\339_E_Martensite_12.png,339_E_Martensite_12.png,339_E_Martensite_12,.png,256,256,RGB
D:\AI_Materials_Microscopy\data\raw\Dataset\E_Martensite_12\340_E_Martensite_12.png,E_Martensite_12\340_E_Martensite_12.png,340_E_Martensite_12.png,340_E_Martensite_12,.png,256,256,RGB
D:\AI_Materials_Microscopy\data\raw\Dataset\E_Martensite_12\341_E_Martensite_12.png,E_Martensite_12\341_E_Martensite_12.png,341_E_Martensite_12.png,341_E_Martensite_12,.png,256,256,RGB
D:\AI_Materials_Microscopy\data\raw\Dataset\E_Martensite_2\323_E_Martensite_02.png,E_Martensite_2\323_E_Martensite_02.png,323_E_Martensite_02.png,323_E_Martensite_02,.png,96,96,RGB
D:\AI_Materials_Microscopy\data\raw\Dataset\E_Martensite_2\324_E_Martensite_02.png,E_Martensite_2\324_E_Martensite_02.png,324_E_Martensite_02.png,324_E_Martensite_02,.png,96,96,RGB
D:\AI_Materials_Microscopy\data\raw\Dataset\E_Martensite_2\325_E_Martensite_02.png,E_Martensite_2\325_E_Martensite_02.png,325_E_Martensite_02.png,325_E_Martensite_02,.png,96,96,RGB
D:\AI_Materials_Microscopy\data\raw\Dataset\E_Martensite_2\326_E_Martensite_02.png,E_Martensite_2\326_E_Martensite_02.png,326_E_Martensite_02.png,326_E_Martensite_02,.png,96,96,RGB
D:\AI_Materials_Microscopy\data\raw\Dataset\E_Martensite_2\327_E_Martensite_02.png,E_Martensite_2\327_E_Martensite_02.png,327_E_Martensite_02.png,327_E_Martensite_02,.png,96,96,RGB
D:\AI_Materials_Microscopy\data\raw\Dataset\E_Martensite_2\328_E_Martensite_02.png,E_Martensite_2\328_E_Martensite_02.png,328_E_Martensite_02.png,328_E_Martensite_02,.png,96,96,RGB
D:\AI_Materials_Microscopy\data\raw\Dataset\E_Martensite_2\329_E_Martensite_02.png,E_Martensite_2\329_E_Martensite_02.png,329_E_Martensite_02.png,329_E_Martensite_02,.png,96,96,RGB
D:\AI_Materials_Microscopy\data\raw\Dataset\E_Martensite_2\330_E_Martensite_02.png,E_Martensite_2\330_E_Martensite_02.png,330_E_Martensite_02.png,330_E_Martensite_02,.png,96,96,RGB
D:\AI_Materials_Microscopy\data\raw\Dataset\E_Martensite_2\331_E_Martensite_02.png,E_Martensite_2\331_E_Martensite_02.png,331_E_Martensite_02.png,331_E_Martensite_02,.png,96,96,RGB
D:\AI_Materials_Microscopy\data\raw\Dataset\E_Martensite_2\332_E_Martensite_02.png,E_Martensite_2\332_E_Martensite_02.png,332_E_Martensite_02.png,332_E_Martensite_02,.png,256,256,RGB
D:\AI_Materials_Microscopy\data\raw\Dataset\E_Martensite_2\333_E_Martensite_02.png,E_Martensite_2\333_E_Martensite_02.png,333_E_Martensite_02.png,333_E_Martensite_02,.png,256,256,RGB
D:\AI_Materials_Microscopy\data\raw\Dataset\E_Martensite_2\334_E_Martensite_02.png,E_Martensite_2\334_E_Martensite_02.png,334_E_Martensite_02.png,334_E_Martensite_02,.png,256,256,RGB
D:\AI_Materials_Microscopy\data\raw\Dataset\E_Martensite_2\335_E_Martensite_02.png,E_Martensite_2\335_E_Martensite_02.png,335_E_Martensite_02.png,335_E_Martensite_02,.png,256,256,RGB
D:\AI_Materials_Microscopy\data\raw\Dataset\E_Martensite_2\336_E_Martensite_02.png,E_Martensite_2\336_E_Martensite_02.png,336_E_Martensite_02.png,336_E_Martensite_02,.png,256,256,RGB
D:\AI_Materials_Microscopy\data\raw\Dataset\E_Martensite_2\337_E_Martensite_02.png,E_Martensite_2\337_E_Martensite_02.png,337_E_Martensite_02.png,337_E_Martensite_02,.png,256,256,RGB
D:\AI_Materials_Microscopy\data\raw\Dataset\E_Martensite_2\338_E_Martensite_02.png,E_Martensite_2\338_E_Martensite_02.png,338_E_Martensite_02.png,338_E_Martensite_02,.png,256,256,RGB
D:\AI_Materials_Microscopy\data\raw\Dataset\E_Martensite_2\339_E_Martensite_02.png,E_Martensite_2\339_E_Martensite_02.png,339_E_Martensite_02.png,339_E_Martensite_02,.png,256,256,RGB
D:\AI_Materials_Microscopy\data\raw\Dataset\E_Martensite_2\340_E_Martensite_02.png,E_Martensite_2\340_E_Martensite_02.png,340_E_Martensite_02.png,340_E_Martensite_02,.png,256,256,RGB
D:\AI_Materials_Microscopy\data\raw\Dataset\E_Martensite_2\341_E_Martensite_02.png,E_Martensite_2\341_E_Martensite_02.png,341_E_Martensite_02.png,341_E_Martensite_02,.png,256,256,RGB
D:\AI_Materials_Microscopy\data\raw\Dataset\E_Martensite_3\323_E_Martensite_03.png,E_Martensite_3\323_E_Martensite_03.png,323_E_Martensite_03.png,323_E_Martensite_03,.png,96,96,RGB
D:\AI_Materials_Microscopy\data\raw\Dataset\E_Martensite_3\324_E_Martensite_03.png,E_Martensite_3\324_E_Martensite_03.png,324_E_Martensite_03.png,324_E_Martensite_03,.png,96,96,RGB
D:\AI_Materials_Microscopy\data\raw\Dataset\E_Martensite_3\325_E_Martensite_03.png,E_Martensite_3\325_E_Martensite_03.png,325_E_Martensite_03.png,325_E_Martensite_03,.png,96,96,RGB
D:\AI_Materials_Microscopy\data\raw\Dataset\E_Martensite_3\326_E_Martensite_03.png,E_Martensite_3\326_E_Martensite_03.png,326_E_Martensite_03.png,326_E_Martensite_03,.png,96,96,RGB
D:\AI_Materials_Microscopy\data\raw\Dataset\E_Martensite_3\327_E_Martensite_03.png,E_Martensite_3\327_E_Martensite_03.png,327_E_Martensite_03.png,327_E_Martensite_03,.png,96,96,RGB
D:\AI_Materials_Microscopy\data\raw\Dataset\E_Martensite_3\328_E_Martensite_03.png,E_Martensite_3\328_E_Martensite_03.png,328_E_Martensite_03.png,328_E_Martensite_03,.png,96,96,RGB
D:\AI_Materials_Microscopy\data\raw\Dataset\E_Martensite_3\329_E_Martensite_03.png,E_Martensite_3\329_E_Martensite_03.png,329_E_Martensite_03.png,329_E_Martensite_03,.png,96,96,RGB
D:\AI_Materials_Microscopy\data\raw\Dataset\E_Martensite_3\330_E_Martensite_03.png,E_Martensite_3\330_E_Martensite_03.png,330_E_Martensite_03.png,330_E_Martensite_03,.png,96,96,RGB
D:\AI_Materials_Microscopy\data\raw\Dataset\E_Martensite_3\331_E_Martensite_03.png,E_Martensite_3\331_E_Martensite_03.png,331_E_Martensite_03.png,331_E_Martensite_03,.png,96,96,RGB
D:\AI_Materials_Microscopy\data\raw\Dataset\E_Martensite_3\332_E_Martensite_03.png,E_Martensite_3\332_E_Martensite_03.png,332_E_Martensite_03.png,332_E_Martensite_03,.png,256,256,RGB
D:\AI_Materials_Microscopy\data\raw\Dataset\E_Martensite_3\333_E_Martensite_03.png,E_Martensite_3\333_E_Martensite_03.png,333_E_Martensite_03.png,333_E_Martensite_03,.png,256,256,RGB
D:\AI_Materials_Microscopy\data\raw\Dataset\E_Martensite_3\334_E_Martensite_03.png,E_Martensite_3\334_E_Martensite_03.png,334_E_Martensite_03.png,334_E_Martensite_03,.png,256,256,RGB
D:\AI_Materials_Microscopy\data\raw\Dataset\E_Martensite_3\335_E_Martensite_03.png,E_Martensite_3\335_E_Martensite_03.png,335_E_Martensite_03.png,335_E_Martensite_03,.png,256,256,RGB
D:\AI_Materials_Microscopy\data\raw\Dataset\E_Martensite_3\336_E_Martensite_03.png,E_Martensite_3\336_E_Martensite_03.png,336_E_Martensite_03.png,336_E_Martensite_03,.png,256,256,RGB
D:\AI_Materials_Microscopy\data\raw\Dataset\E_Martensite_3\337_E_Martensite_03.png,E_Martensite_3\337_E_Martensite_03.png,337_E_Martensite_03.png,337_E_Martensite_03,.png,256,256,RGB
D:\AI_Materials_Microscopy\data\raw\Dataset\E_Martensite_3\338_E_Martensite_03.png,E_Martensite_3\338_E_Martensite_03.png,338_E_Martensite_03.png,338_E_Martensite_03,.png,256,256,RGB
D:\AI_Materials_Microscopy\data\raw\Dataset\E_Martensite_3\339_E_Martensite_03.png,E_Martensite_3\339_E_Martensite_03.png,339_E_Martensite_03.png,339_E_Martensite_03,.png,256,256,RGB
D:\AI_Materials_Microscopy\data\raw\Dataset\E_Martensite_3\340_E_Martensite_03.png,E_Martensite_3\340_E_Martensite_03.png,340_E_Martensite_03.png,340_E_Martensite_03,.png,256,256,RGB
D:\AI_Materials_Microscopy\data\raw\Dataset\E_Martensite_3\341_E_Martensite_03.png,E_Martensite_3\341_E_Martensite_03.png,341_E_Martensite_03.png,341_E_Martensite_03,.png,256,256,RGB
D:\AI_Materials_Microscopy\data\raw\Dataset\E_Martensite_4\323_E_Martensite_04.png,E_Martensite_4\323_E_Martensite_04.png,323_E_Martensite_04.png,323_E_Martensite_04,.png,96,96,RGB
D:\AI_Materials_Microscopy\data\raw\Dataset\E_Martensite_4\324_E_Martensite_04.png,E_Martensite_4\324_E_Martensite_04.png,324_E_Martensite_04.png,324_E_Martensite_04,.png,96,96,RGB
D:\AI_Materials_Microscopy\data\raw\Dataset\E_Martensite_4\325_E_Martensite_04.png,E_Martensite_4\325_E_Martensite_04.png,325_E_Martensite_04.png,325_E_Martensite_04,.png,96,96,RGB
D:\AI_Materials_Microscopy\data\raw\Dataset\E_Martensite_4\326_E_Martensite_04.png,E_Martensite_4\326_E_Martensite_04.png,326_E_Martensite_04.png,326_E_Martensite_04,.png,96,96,RGB
D:\AI_Materials_Microscopy\data\raw\Dataset\E_Martensite_4\327_E_Martensite_04.png,E_Martensite_4\327_E_Martensite_04.png,327_E_Martensite_04.png,327_E_Martensite_04,.png,96,96,RGB
D:\AI_Materials_Microscopy\data\raw\Dataset\E_Martensite_4\328_E_Martensite_04.png,E_Martensite_4\328_E_Martensite_04.png,328_E_Martensite_04.png,328_E_Martensite_04,.png,96,96,RGB
D:\AI_Materials_Microscopy\data\raw\Dataset\E_Martensite_4\329_E_Martensite_04.png,E_Martensite_4\329_E_Martensite_04.png,329_E_Martensite_04.png,329_E_Martensite_04,.png,96,96,RGB
D:\AI_Materials_Microscopy\data\raw\Dataset\E_Martensite_4\330_E_Martensite_04.png,E_Martensite_4\330_E_Martensite_04.png,330_E_Martensite_04.png,330_E_Martensite_04,.png,96,96,RGB
D:\AI_Materials_Microscopy\data\raw\Dataset\E_Martensite_4\331_E_Martensite_04.png,E_Martensite_4\331_E_Martensite_04.png,331_E_Martensite_04.png,331_E_Martensite_04,.png,96,96,RGB
D:\AI_Materials_Microscopy\data\raw\Dataset\E_Martensite_4\332_E_Martensite_04.png,E_Martensite_4\332_E_Martensite_04.png,332_E_Martensite_04.png,332_E_Martensite_04,.png,256,256,RGB
D:\AI_Materials_Microscopy\data\raw\Dataset\E_Martensite_4\333_E_Martensite_04.png,E_Martensite_4\333_E_Martensite_04.png,333_E_Martensite_04.png,333_E_Martensite_04,.png,256,256,RGB
D:\AI_Materials_Microscopy\data\raw\Dataset\E_Martensite_4\334_E_Martensite_04.png,E_Martensite_4\334_E_Martensite_04.png,334_E_Martensite_04.png,334_E_Martensite_04,.png,256,256,RGB
D:\AI_Materials_Microscopy\data\raw\Dataset\E_Martensite_4\335_E_Martensite_04.png,E_Martensite_4\335_E_Martensite_04.png,335_E_Martensite_04.png,335_E_Martensite_04,.png,256,256,RGB
D:\AI_Materials_Microscopy\data\raw\Dataset\E_Martensite_4\336_E_Martensite_04.png,E_Martensite_4\336_E_Martensite_04.png,336_E_Martensite_04.png,336_E_Martensite_04,.png,256,256,RGB
D:\AI_Materials_Microscopy\data\raw\Dataset\E_Martensite_4\337_E_Martensite_04.png,E_Martensite_4\337_E_Martensite_04.png,337_E_Martensite_04.png,337_E_Martensite_04,.png,256,256,RGB
D:\AI_Materials_Microscopy\data\raw\Dataset\E_Martensite_4\338_E_Martensite_04.png,E_Martensite_4\338_E_Martensite_04.png,338_E_Martensite_04.png,338_E_Martensite_04,.png,256,256,RGB
D:\AI_Materials_Microscopy\data\raw\Dataset\E_Martensite_4\339_E_Martensite_04.png,E_Martensite_4\339_E_Martensite_04.png,339_E_Martensite_04.png,339_E_Martensite_04,.png,256,256,RGB
D:\AI_Materials_Microscopy\data\raw\Dataset\E_Martensite_4\340_E_Martensite_04.png,E_Martensite_4\340_E_Martensite_04.png,340_E_Martensite_04.png,340_E_Martensite_04,.png,256,256,RGB
D:\AI_Materials_Microscopy\data\raw\Dataset\E_Martensite_4\341_E_Martensite_04.png,E_Martensite_4\341_E_Martensite_04.png,341_E_Martensite_04.png,341_E_Martensite_04,.png,256,256,RGB
D:\AI_Materials_Microscopy\data\raw\Dataset\E_Martensite_5\323_E_Martensite_05.png,E_Martensite_5\323_E_Martensite_05.png,323_E_Martensite_05.png,323_E_Martensite_05,.png,96,96,RGB
D:\AI_Materials_Microscopy\data\raw\Dataset\E_Martensite_5\324_E_Martensite_05.png,E_Martensite_5\324_E_Martensite_05.png,324_E_Martensite_05.png,324_E_Martensite_05,.png,96,96,RGB
D:\AI_Materials_Microscopy\data\raw\Dataset\E_Martensite_5\325_E_Martensite_05.png,E_Martensite_5\325_E_Martensite_05.png,325_E_Martensite_05.png,325_E_Martensite_05,.png,96,96,RGB
D:\AI_Materials_Microscopy\data\raw\Dataset\E_Martensite_5\326_E_Martensite_05.png,E_Martensite_5\326_E_Martensite_05.png,326_E_Martensite_05.png,326_E_Martensite_05,.png,96,96,RGB
D:\AI_Materials_Microscopy\data\raw\Dataset\E_Martensite_5\327_E_Martensite_05.png,E_Martensite_5\327_E_Martensite_05.png,327_E_Martensite_05.png,327_E_Martensite_05,.png,96,96,RGB
D:\AI_Materials_Microscopy\data\raw\Dataset\E_Martensite_5\328_E_Martensite_05.png,E_Martensite_5\328_E_Martensite_05.png,328_E_Martensite_05.png,328_E_Martensite_05,.png,96,96,RGB
D:\AI_Materials_Microscopy\data\raw\Dataset\E_Martensite_5\329_E_Martensite_05.png,E_Martensite_5\329_E_Martensite_05.png,329_E_Martensite_05.png,329_E_Martensite_05,.png,96,96,RGB
D:\AI_Materials_Microscopy\data\raw\Dataset\E_Martensite_5\330_E_Martensite_05.png,E_Martensite_5\330_E_Martensite_05.png,330_E_Martensite_05.png,330_E_Martensite_05,.png,96,96,RGB
D:\AI_Materials_Microscopy\data\raw\Dataset\E_Martensite_5\331_E_Martensite_05.png,E_Martensite_5\331_E_Martensite_05.png,331_E_Martensite_05.png,331_E_Martensite_05,.png,96,96,RGB
D:\AI_Materials_Microscopy\data\raw\Dataset\E_Martensite_5\332_E_Martensite_05.png,E_Martensite_5\332_E_Martensite_05.png,332_E_Martensite_05.png,332_E_Martensite_05,.png,256,256,RGB
D:\AI_Materials_Microscopy\data\raw\Dataset\E_Martensite_5\333_E_Martensite_05.png,E_Martensite_5\333_E_Martensite_05.png,333_E_Martensite_05.png,333_E_Martensite_05,.png,256,256,RGB
D:\AI_Materials_Microscopy\data\raw\Dataset\E_Martensite_5\334_E_Martensite_05.png,E_Martensite_5\334_E_Martensite_05.png,334_E_Martensite_05.png,334_E_Martensite_05,.png,256,256,RGB
D:\AI_Materials_Microscopy\data\raw\Dataset\E_Martensite_5\335_E_Martensite_05.png,E_Martensite_5\335_E_Martensite_05.png,335_E_Martensite_05.png,335_E_Martensite_05,.png,256,256,RGB
D:\AI_Materials_Microscopy\data\raw\Dataset\E_Martensite_5\336_E_Martensite_05.png,E_Martensite_5\336_E_Martensite_05.png,336_E_Martensite_05.png,336_E_Martensite_05,.png,256,256,RGB
D:\AI_Materials_Microscopy\data\raw\Dataset\E_Martensite_5\337_E_Martensite_05.png,E_Martensite_5\337_E_Martensite_05.png,337_E_Martensite_05.png,337_E_Martensite_05,.png,256,256,RGB
D:\AI_Materials_Microscopy\data\raw\Dataset\E_Martensite_5\338_E_Martensite_05.png,E_Martensite_5\338_E_Martensite_05.png,338_E_Martensite_05.png,338_E_Martensite_05,.png,256,256,RGB
D:\AI_Materials_Microscopy\data\raw\Dataset\E_Martensite_5\339_E_Martensite_05.png,E_Martensite_5\339_E_Martensite_05.png,339_E_Martensite_05.png,339_E_Martensite_05,.png,256,256,RGB
D:\AI_Materials_Microscopy\data\raw\Dataset\E_Martensite_5\340_E_Martensite_05.png,E_Martensite_5\340_E_Martensite_05.png,340_E_Martensite_05.png,340_E_Martensite_05,.png,256,256,RGB
D:\AI_Materials_Microscopy\data\raw\Dataset\E_Martensite_5\341_E_Martensite_05.png,E_Martensite_5\341_E_Martensite_05.png,341_E_Martensite_05.png,341_E_Martensite_05,.png,256,256,RGB
D:\AI_Materials_Microscopy\data\raw\Dataset\E_Martensite_6\323_E_Martensite_06.png,E_Martensite_6\323_E_Martensite_06.png,323_E_Martensite_06.png,323_E_Martensite_06,.png,96,96,RGB
D:\AI_Materials_Microscopy\data\raw\Dataset\E_Martensite_6\324_E_Martensite_06.png,E_Martensite_6\324_E_Martensite_06.png,324_E_Martensite_06.png,324_E_Martensite_06,.png,96,96,RGB
D:\AI_Materials_Microscopy\data\raw\Dataset\E_Martensite_6\325_E_Martensite_06.png,E_Martensite_6\325_E_Martensite_06.png,325_E_Martensite_06.png,325_E_Martensite_06,.png,96,96,RGB
D:\AI_Materials_Microscopy\data\raw\Dataset\E_Martensite_6\326_E_Martensite_06.png,E_Martensite_6\326_E_Martensite_06.png,326_E_Martensite_06.png,326_E_Martensite_06,.png,96,96,RGB
D:\AI_Materials_Microscopy\data\raw\Dataset\E_Martensite_6\327_E_Martensite_06.png,E_Martensite_6\327_E_Martensite_06.png,327_E_Martensite_06.png,327_E_Martensite_06,.png,96,96,RGB
D:\AI_Materials_Microscopy\data\raw\Dataset\E_Martensite_6\328_E_Martensite_06.png,E_Martensite_6\328_E_Martensite_06.png,328_E_Martensite_06.png,328_E_Martensite_06,.png,96,96,RGB
D:\AI_Materials_Microscopy\data\raw\Dataset\E_Martensite_6\329_E_Martensite_06.png,E_Martensite_6\329_E_Martensite_06.png,329_E_Martensite_06.png,329_E_Martensite_06,.png,96,96,RGB
D:\AI_Materials_Microscopy\data\raw\Dataset\E_Martensite_6\330_E_Martensite_06.png,E_Martensite_6\330_E_Martensite_06.png,330_E_Martensite_06.png,330_E_Martensite_06,.png,96,96,RGB
D:\AI_Materials_Microscopy\data\raw\Dataset\E_Martensite_6\331_E_Martensite_06.png,E_Martensite_6\331_E_Martensite_06.png,331_E_Martensite_06.png,331_E_Martensite_06,.png,96,96,RGB
D:\AI_Materials_Microscopy\data\raw\Dataset\E_Martensite_6\332_E_Martensite_06.png,E_Martensite_6\332_E_Martensite_06.png,332_E_Martensite_06.png,332_E_Martensite_06,.png,256,256,RGB
D:\AI_Materials_Microscopy\data\raw\Dataset\E_Martensite_6\333_E_Martensite_06.png,E_Martensite_6\333_E_Martensite_06.png,333_E_Martensite_06.png,333_E_Martensite_06,.png,256,256,RGB
D:\AI_Materials_Microscopy\data\raw\Dataset\E_Martensite_6\334_E_Martensite_06.png,E_Martensite_6\334_E_Martensite_06.png,334_E_Martensite_06.png,334_E_Martensite_06,.png,256,256,RGB
D:\AI_Materials_Microscopy\data\raw\Dataset\E_Martensite_6\335_E_Martensite_06.png,E_Martensite_6\335_E_Martensite_06.png,335_E_Martensite_06.png,335_E_Martensite_06,.png,256,256,RGB
D:\AI_Materials_Microscopy\data\raw\Dataset\E_Martensite_6\336_E_Martensite_06.png,E_Martensite_6\336_E_Martensite_06.png,336_E_Martensite_06.png,336_E_Martensite_06,.png,256,256,RGB
D:\AI_Materials_Microscopy\data\raw\Dataset\E_Martensite_6\337_E_Martensite_06.png,E_Martensite_6\337_E_Martensite_06.png,337_E_Martensite_06.png,337_E_Martensite_06,.png,256,256,RGB
D:\AI_Materials_Microscopy\data\raw\Dataset\E_Martensite_6\338_E_Martensite_06.png,E_Martensite_6\338_E_Martensite_06.png,338_E_Martensite_06.png,338_E_Martensite_06,.png,256,256,RGB
D:\AI_Materials_Microscopy\data\raw\Dataset\E_Martensite_6\339_E_Martensite_06.png,E_Martensite_6\339_E_Martensite_06.png,339_E_Martensite_06.png,339_E_Martensite_06,.png,256,256,RGB
D:\AI_Materials_Microscopy\data\raw\Dataset\E_Martensite_6\340_E_Martensite_06.png,E_Martensite_6\340_E_Martensite_06.png,340_E_Martensite_06.png,340_E_Martensite_06,.png,256,256,RGB
D:\AI_Materials_Microscopy\data\raw\Dataset\E_Martensite_6\341_E_Martensite_06.png,E_Martensite_6\341_E_Martensite_06.png,341_E_Martensite_06.png,341_E_Martensite_06,.png,256,256,RGB
D:\AI_Materials_Microscopy\data\raw\Dataset\E_Martensite_7\323_E_Martensite_07.png,E_Martensite_7\323_E_Martensite_07.png,323_E_Martensite_07.png,323_E_Martensite_07,.png,96,96,RGB
D:\AI_Materials_Microscopy\data\raw\Dataset\E_Martensite_7\324_E_Martensite_07.png,E_Martensite_7\324_E_Martensite_07.png,324_E_Martensite_07.png,324_E_Martensite_07,.png,96,96,RGB
D:\AI_Materials_Microscopy\data\raw\Dataset\E_Martensite_7\325_E_Martensite_07.png,E_Martensite_7\325_E_Martensite_07.png,325_E_Martensite_07.png,325_E_Martensite_07,.png,96,96,RGB
D:\AI_Materials_Microscopy\data\raw\Dataset\E_Martensite_7\326_E_Martensite_07.png,E_Martensite_7\326_E_Martensite_07.png,326_E_Martensite_07.png,326_E_Martensite_07,.png,96,96,RGB
D:\AI_Materials_Microscopy\data\raw\Dataset\E_Martensite_7\327_E_Martensite_07.png,E_Martensite_7\327_E_Martensite_07.png,327_E_Martensite_07.png,327_E_Martensite_07,.png,96,96,RGB
D:\AI_Materials_Microscopy\data\raw\Dataset\E_Martensite_7\328_E_Martensite_07.png,E_Martensite_7\328_E_Martensite_07.png,328_E_Martensite_07.png,328_E_Martensite_07,.png,96,96,RGB
D:\AI_Materials_Microscopy\data\raw\Dataset\E_Martensite_7\329_E_Martensite_07.png,E_Martensite_7\329_E_Martensite_07.png,329_E_Martensite_07.png,329_E_Martensite_07,.png,96,96,RGB
D:\AI_Materials_Microscopy\data\raw\Dataset\E_Martensite_7\330_E_Martensite_07.png,E_Martensite_7\330_E_Martensite_07.png,330_E_Martensite_07.png,330_E_Martensite_07,.png,96,96,RGB
D:\AI_Materials_Microscopy\data\raw\Dataset\E_Martensite_7\331_E_Martensite_07.png,E_Martensite_7\331_E_Martensite_07.png,331_E_Martensite_07.png,331_E_Martensite_07,.png,96,96,RGB
D:\AI_Materials_Microscopy\data\raw\Dataset\E_Martensite_7\332_E_Martensite_07.png,E_Martensite_7\332_E_Martensite_07.png,332_E_Martensite_07.png,332_E_Martensite_07,.png,256,256,RGB
D:\AI_Materials_Microscopy\data\raw\Dataset\E_Martensite_7\333_E_Martensite_07.png,E_Martensite_7\333_E_Martensite_07.png,333_E_Martensite_07.png,333_E_Martensite_07,.png,256,256,RGB
D:\AI_Materials_Microscopy\data\raw\Dataset\E_Martensite_7\334_E_Martensite_07.png,E_Martensite_7\334_E_Martensite_07.png,334_E_Martensite_07.png,334_E_Martensite_07,.png,256,256,RGB
D:\AI_Materials_Microscopy\data\raw\Dataset\E_Martensite_7\335_E_Martensite_07.png,E_Martensite_7\335_E_Martensite_07.png,335_E_Martensite_07.png,335_E_Martensite_07,.png,256,256,RGB
D:\AI_Materials_Microscopy\data\raw\Dataset\E_Martensite_7\336_E_Martensite_07.png,E_Martensite_7\336_E_Martensite_07.png,336_E_Martensite_07.png,336_E_Martensite_07,.png,256,256,RGB
D:\AI_Materials_Microscopy\data\raw\Dataset\E_Martensite_7\337_E_Martensite_07.png,E_Martensite_7\337_E_Martensite_07.png,337_E_Martensite_07.png,337_E_Martensite_07,.png,256,256,RGB
D:\AI_Materials_Microscopy\data\raw\Dataset\E_Martensite_7\338_E_Martensite_07.png,E_Martensite_7\338_E_Martensite_07.png,338_E_Martensite_07.png,338_E_Martensite_07,.png,256,256,RGB
D:\AI_Materials_Microscopy\data\raw\Dataset\E_Martensite_7\339_E_Martensite_07.png,E_Martensite_7\339_E_Martensite_07.png,339_E_Martensite_07.png,339_E_Martensite_07,.png,256,256,RGB
D:\AI_Materials_Microscopy\data\raw\Dataset\E_Martensite_7\340_E_Martensite_07.png,E_Martensite_7\340_E_Martensite_07.png,340_E_Martensite_07.png,340_E_Martensite_07,.png,256,256,RGB
D:\AI_Materials_Microscopy\data\raw\Dataset\E_Martensite_7\341_E_Martensite_07.png,E_Martensite_7\341_E_Martensite_07.png,341_E_Martensite_07.png,341_E_Martensite_07,.png,256,256,RGB
D:\AI_Materials_Microscopy\data\raw\Dataset\E_Martensite_8\323_E_Martensite_08.png,E_Martensite_8\323_E_Martensite_08.png,323_E_Martensite_08.png,323_E_Martensite_08,.png,96,96,RGB
D:\AI_Materials_Microscopy\data\raw\Dataset\E_Martensite_8\324_E_Martensite_08.png,E_Martensite_8\324_E_Martensite_08.png,324_E_Martensite_08.png,324_E_Martensite_08,.png,96,96,RGB
D:\AI_Materials_Microscopy\data\raw\Dataset\E_Martensite_8\325_E_Martensite_08.png,E_Martensite_8\325_E_Martensite_08.png,325_E_Martensite_08.png,325_E_Martensite_08,.png,96,96,RGB
D:\AI_Materials_Microscopy\data\raw\Dataset\E_Martensite_8\326_E_Martensite_08.png,E_Martensite_8\326_E_Martensite_08.png,326_E_Martensite_08.png,326_E_Martensite_08,.png,96,96,RGB
D:\AI_Materials_Microscopy\data\raw\Dataset\E_Martensite_8\327_E_Martensite_08.png,E_Martensite_8\327_E_Martensite_08.png,327_E_Martensite_08.png,327_E_Martensite_08,.png,96,96,RGB
D:\AI_Materials_Microscopy\data\raw\Dataset\E_Martensite_8\328_E_Martensite_08.png,E_Martensite_8\328_E_Martensite_08.png,328_E_Martensite_08.png,328_E_Martensite_08,.png,96,96,RGB
D:\AI_Materials_Microscopy\data\raw\Dataset\E_Martensite_8\329_E_Martensite_08.png,E_Martensite_8\329_E_Martensite_08.png,329_E_Martensite_08.png,329_E_Martensite_08,.png,96,96,RGB
D:\AI_Materials_Microscopy\data\raw\Dataset\E_Martensite_8\330_E_Martensite_08.png,E_Martensite_8\330_E_Martensite_08.png,330_E_Martensite_08.png,330_E_Martensite_08,.png,96,96,RGB
D:\AI_Materials_Microscopy\data\raw\Dataset\E_Martensite_8\331_E_Martensite_08.png,E_Martensite_8\331_E_Martensite_08.png,331_E_Martensite_08.png,331_E_Martensite_08,.png,96,96,RGB
D:\AI_Materials_Microscopy\data\raw\Dataset\E_Martensite_8\332_E_Martensite_08.png,E_Martensite_8\332_E_Martensite_08.png,332_E_Martensite_08.png,332_E_Martensite_08,.png,256,256,RGB
D:\AI_Materials_Microscopy\data\raw\Dataset\E_Martensite_8\333_E_Martensite_08.png,E_Martensite_8\333_E_Martensite_08.png,333_E_Martensite_08.png,333_E_Martensite_08,.png,256,256,RGB
D:\AI_Materials_Microscopy\data\raw\Dataset\E_Martensite_8\334_E_Martensite_08.png,E_Martensite_8\334_E_Martensite_08.png,334_E_Martensite_08.png,334_E_Martensite_08,.png,256,256,RGB
D:\AI_Materials_Microscopy\data\raw\Dataset\E_Martensite_8\335_E_Martensite_08.png,E_Martensite_8\335_E_Martensite_08.png,335_E_Martensite_08.png,335_E_Martensite_08,.png,256,256,RGB
D:\AI_Materials_Microscopy\data\raw\Dataset\E_Martensite_8\336_E_Martensite_08.png,E_Martensite_8\336_E_Martensite_08.png,336_E_Martensite_08.png,336_E_Martensite_08,.png,256,256,RGB
D:\AI_Materials_Microscopy\data\raw\Dataset\E_Martensite_8\337_E_Martensite_08.png,E_Martensite_8\337_E_Martensite_08.png,337_E_Martensite_08.png,337_E_Martensite_08,.png,256,256,RGB
D:\AI_Materials_Microscopy\data\raw\Dataset\E_Martensite_8\338_E_Martensite_08.png,E_Martensite_8\338_E_Martensite_08.png,338_E_Martensite_08.png,338_E_Martensite_08,.png,256,256,RGB
D:\AI_Materials_Microscopy\data\raw\Dataset\E_Martensite_8\339_E_Martensite_08.png,E_Martensite_8\339_E_Martensite_08.png,339_E_Martensite_08.png,339_E_Martensite_08,.png,256,256,RGB
D:\AI_Materials_Microscopy\data\raw\Dataset\E_Martensite_8\340_E_Martensite_08.png,E_Martensite_8\340_E_Martensite_08.png,340_E_Martensite_08.png,340_E_Martensite_08,.png,256,256,RGB
D:\AI_Materials_Microscopy\data\raw\Dataset\E_Martensite_8\341_E_Martensite_08.png,E_Martensite_8\341_E_Martensite_08.png,341_E_Martensite_08.png,341_E_Martensite_08,.png,256,256,RGB
D:\AI_Materials_Microscopy\data\raw\Dataset\E_Martensite_9\323_E_Martensite_09.png,E_Martensite_9\323_E_Martensite_09.png,323_E_Martensite_09.png,323_E_Martensite_09,.png,96,96,RGB
D:\AI_Materials_Microscopy\data\raw\Dataset\E_Martensite_9\324_E_Martensite_09.png,E_Martensite_9\324_E_Martensite_09.png,324_E_Martensite_09.png,324_E_Martensite_09,.png,96,96,RGB
D:\AI_Materials_Microscopy\data\raw\Dataset\E_Martensite_9\325_E_Martensite_09.png,E_Martensite_9\325_E_Martensite_09.png,325_E_Martensite_09.png,325_E_Martensite_09,.png,96,96,RGB
D:\AI_Materials_Microscopy\data\raw\Dataset\E_Martensite_9\326_E_Martensite_09.png,E_Martensite_9\326_E_Martensite_09.png,326_E_Martensite_09.png,326_E_Martensite_09,.png,96,96,RGB
D:\AI_Materials_Microscopy\data\raw\Dataset\E_Martensite_9\327_E_Martensite_09.png,E_Martensite_9\327_E_Martensite_09.png,327_E_Martensite_09.png,327_E_Martensite_09,.png,96,96,RGB
D:\AI_Materials_Microscopy\data\raw\Dataset\E_Martensite_9\328_E_Martensite_09.png,E_Martensite_9\328_E_Martensite_09.png,328_E_Martensite_09.png,328_E_Martensite_09,.png,96,96,RGB
D:\AI_Materials_Microscopy\data\raw\Dataset\E_Martensite_9\329_E_Martensite_09.png,E_Martensite_9\329_E_Martensite_09.png,329_E_Martensite_09.png,329_E_Martensite_09,.png,96,96,RGB
D:\AI_Materials_Microscopy\data\raw\Dataset\E_Martensite_9\330_E_Martensite_09.png,E_Martensite_9\330_E_Martensite_09.png,330_E_Martensite_09.png,330_E_Martensite_09,.png,96,96,RGB
D:\AI_Materials_Microscopy\data\raw\Dataset\E_Martensite_9\331_E_Martensite_09.png,E_Martensite_9\331_E_Martensite_09.png,331_E_Martensite_09.png,331_E_Martensite_09,.png,96,96,RGB
D:\AI_Materials_Microscopy\data\raw\Dataset\E_Martensite_9\332_E_Martensite_09.png,E_Martensite_9\332_E_Martensite_09.png,332_E_Martensite_09.png,332_E_Martensite_09,.png,256,256,RGB
D:\AI_Materials_Microscopy\data\raw\Dataset\E_Martensite_9\333_E_Martensite_09.png,E_Martensite_9\333_E_Martensite_09.png,333_E_Martensite_09.png,333_E_Martensite_09,.png,256,256,RGB
D:\AI_Materials_Microscopy\data\raw\Dataset\E_Martensite_9\334_E_Martensite_09.png,E_Martensite_9\334_E_Martensite_09.png,334_E_Martensite_09.png,334_E_Martensite_09,.png,256,256,RGB
D:\AI_Materials_Microscopy\data\raw\Dataset\E_Martensite_9\335_E_Martensite_09.png,E_Martensite_9\335_E_Martensite_09.png,335_E_Martensite_09.png,335_E_Martensite_09,.png,256,256,RGB
D:\AI_Materials_Microscopy\data\raw\Dataset\E_Martensite_9\336_E_Martensite_09.png,E_Martensite_9\336_E_Martensite_09.png,336_E_Martensite_09.png,336_E_Martensite_09,.png,256,256,RGB
D:\AI_Materials_Microscopy\data\raw\Dataset\E_Martensite_9\337_E_Martensite_09.png,E_Martensite_9\337_E_Martensite_09.png,337_E_Martensite_09.png,337_E_Martensite_09,.png,256,256,RGB
D:\AI_Materials_Microscopy\data\raw\Dataset\E_Martensite_9\338_E_Martensite_09.png,E_Martensite_9\338_E_Martensite_09.png,338_E_Martensite_09.png,338_E_Martensite_09,.png,256,256,RGB
D:\AI_Materials_Microscopy\data\raw\Dataset\E_Martensite_9\339_E_Martensite_09.png,E_Martensite_9\339_E_Martensite_09.png,339_E_Martensite_09.png,339_E_Martensite_09,.png,256,256,RGB
D:\AI_Materials_Microscopy\data\raw\Dataset\E_Martensite_9\340_E_Martensite_09.png,E_Martensite_9\340_E_Martensite_09.png,340_E_Martensite_09.png,340_E_Martensite_09,.png,256,256,RGB
D:\AI_Materials_Microscopy\data\raw\Dataset\E_Martensite_9\341_E_Martensite_09.png,E_Martensite_9\341_E_Martensite_09.png,341_E_Martensite_09.png,341_E_Martensite_09,.png,256,256,RGB
D:\AI_Materials_Microscopy\data\raw\Dataset\F_Martensite_1\380_F_Martensite_01.png,F_Martensite_1\380_F_Martensite_01.png,380_F_Martensite_01.png,380_F_Martensite_01,.png,96,96,RGB
D:\AI_Materials_Microscopy\data\raw\Dataset\F_Martensite_1\381_F_Martensite_01.png,F_Martensite_1\381_F_Martensite_01.png,381_F_Martensite_01.png,381_F_Martensite_01,.png,96,96,RGB
D:\AI_Materials_Microscopy\data\raw\Dataset\F_Martensite_1\382_F_Martensite_01.png,F_Martensite_1\382_F_Martensite_01.png,382_F_Martensite_01.png,382_F_Martensite_01,.png,96,96,RGB
D:\AI_Materials_Microscopy\data\raw\Dataset\F_Martensite_1\383_F_Martensite_01.png,F_Martensite_1\383_F_Martensite_01.png,383_F_Martensite_01.png,383_F_Martensite_01,.png,96,96,RGB
D:\AI_Materials_Microscopy\data\raw\Dataset\F_Martensite_1\384_F_Martensite_01.png,F_Martensite_1\384_F_Martensite_01.png,384_F_Martensite_01.png,384_F_Martensite_01,.png,96,96,RGB
D:\AI_Materials_Microscopy\data\raw\Dataset\F_Martensite_1\385_F_Martensite_01.png,F_Martensite_1\385_F_Martensite_01.png,385_F_Martensite_01.png,385_F_Martensite_01,.png,96,96,RGB
D:\AI_Materials_Microscopy\data\raw\Dataset\F_Martensite_1\386_F_Martensite_01.png,F_Martensite_1\386_F_Martensite_01.png,386_F_Martensite_01.png,386_F_Martensite_01,.png,96,96,RGB
D:\AI_Materials_Microscopy\data\raw\Dataset\F_Martensite_1\387_F_Martensite_01.png,F_Martensite_1\387_F_Martensite_01.png,387_F_Martensite_01.png,387_F_Martensite_01,.png,96,96,RGB
D:\AI_Materials_Microscopy\data\raw\Dataset\F_Martensite_1\388_F_Martensite_01.png,F_Martensite_1\388_F_Martensite_01.png,388_F_Martensite_01.png,388_F_Martensite_01,.png,96,96,RGB
D:\AI_Materials_Microscopy\data\raw\Dataset\F_Martensite_1\389_F_Martensite_01.png,F_Martensite_1\389_F_Martensite_01.png,389_F_Martensite_01.png,389_F_Martensite_01,.png,256,256,RGB
D:\AI_Materials_Microscopy\data\raw\Dataset\F_Martensite_1\390_F_Martensite_01.png,F_Martensite_1\390_F_Martensite_01.png,390_F_Martensite_01.png,390_F_Martensite_01,.png,256,256,RGB
D:\AI_Materials_Microscopy\data\raw\Dataset\F_Martensite_1\391_F_Martensite_01.png,F_Martensite_1\391_F_Martensite_01.png,391_F_Martensite_01.png,391_F_Martensite_01,.png,256,256,RGB
D:\AI_Materials_Microscopy\data\raw\Dataset\F_Martensite_1\392_F_Martensite_01.png,F_Martensite_1\392_F_Martensite_01.png,392_F_Martensite_01.png,392_F_Martensite_01,.png,256,256,RGB
D:\AI_Materials_Microscopy\data\raw\Dataset\F_Martensite_1\393_F_Martensite_01.png,F_Martensite_1\393_F_Martensite_01.png,393_F_Martensite_01.png,393_F_Martensite_01,.png,256,256,RGB
D:\AI_Materials_Microscopy\data\raw\Dataset\F_Martensite_1\394_F_Martensite_01.png,F_Martensite_1\394_F_Martensite_01.png,394_F_Martensite_01.png,394_F_Martensite_01,.png,256,256,RGB
D:\AI_Materials_Microscopy\data\raw\Dataset\F_Martensite_1\395_F_Martensite_01.png,F_Martensite_1\395_F_Martensite_01.png,395_F_Martensite_01.png,395_F_Martensite_01,.png,256,256,RGB
D:\AI_Materials_Microscopy\data\raw\Dataset\F_Martensite_1\396_F_Martensite_01.png,F_Martensite_1\396_F_Martensite_01.png,396_F_Martensite_01.png,396_F_Martensite_01,.png,256,256,RGB
D:\AI_Materials_Microscopy\data\raw\Dataset\F_Martensite_1\397_F_Martensite_01.png,F_Martensite_1\397_F_Martensite_01.png,397_F_Martensite_01.png,397_F_Martensite_01,.png,256,256,RGB
D:\AI_Materials_Microscopy\data\raw\Dataset\F_Martensite_1\398_F_Martensite_01.png,F_Martensite_1\398_F_Martensite_01.png,398_F_Martensite_01.png,398_F_Martensite_01,.png,256,256,RGB
D:\AI_Materials_Microscopy\data\raw\Dataset\F_Martensite_10\380_F_Martensite_10.png,F_Martensite_10\380_F_Martensite_10.png,380_F_Martensite_10.png,380_F_Martensite_10,.png,96,96,RGB
D:\AI_Materials_Microscopy\data\raw\Dataset\F_Martensite_10\381_F_Martensite_10.png,F_Martensite_10\381_F_Martensite_10.png,381_F_Martensite_10.png,381_F_Martensite_10,.png,96,96,RGB
D:\AI_Materials_Microscopy\data\raw\Dataset\F_Martensite_10\382_F_Martensite_10.png,F_Martensite_10\382_F_Martensite_10.png,382_F_Martensite_10.png,382_F_Martensite_10,.png,96,96,RGB
D:\AI_Materials_Microscopy\data\raw\Dataset\F_Martensite_10\383_F_Martensite_10.png,F_Martensite_10\383_F_Martensite_10.png,383_F_Martensite_10.png,383_F_Martensite_10,.png,96,96,RGB
D:\AI_Materials_Microscopy\data\raw\Dataset\F_Martensite_10\384_F_Martensite_10.png,F_Martensite_10\384_F_Martensite_10.png,384_F_Martensite_10.png,384_F_Martensite_10,.png,96,96,RGB
D:\AI_Materials_Microscopy\data\raw\Dataset\F_Martensite_10\385_F_Martensite_10.png,F_Martensite_10\385_F_Martensite_10.png,385_F_Martensite_10.png,385_F_Martensite_10,.png,96,96,RGB
D:\AI_Materials_Microscopy\data\raw\Dataset\F_Martensite_10\386_F_Martensite_10.png,F_Martensite_10\386_F_Martensite_10.png,386_F_Martensite_10.png,386_F_Martensite_10,.png,96,96,RGB
D:\AI_Materials_Microscopy\data\raw\Dataset\F_Martensite_10\387_F_Martensite_10.png,F_Martensite_10\387_F_Martensite_10.png,387_F_Martensite_10.png,387_F_Martensite_10,.png,96,96,RGB
D:\AI_Materials_Microscopy\data\raw\Dataset\F_Martensite_10\388_F_Martensite_10.png,F_Martensite_10\388_F_Martensite_10.png,388_F_Martensite_10.png,388_F_Martensite_10,.png,96,96,RGB
D:\AI_Materials_Microscopy\data\raw\Dataset\F_Martensite_10\389_F_Martensite_10.png,F_Martensite_10\389_F_Martensite_10.png,389_F_Martensite_10.png,389_F_Martensite_10,.png,256,256,RGB
D:\AI_Materials_Microscopy\data\raw\Dataset\F_Martensite_10\390_F_Martensite_10.png,F_Martensite_10\390_F_Martensite_10.png,390_F_Martensite_10.png,390_F_Martensite_10,.png,256,256,RGB
D:\AI_Materials_Microscopy\data\raw\Dataset\F_Martensite_10\391_F_Martensite_10.png,F_Martensite_10\391_F_Martensite_10.png,391_F_Martensite_10.png,391_F_Martensite_10,.png,256,256,RGB
D:\AI_Materials_Microscopy\data\raw\Dataset\F_Martensite_10\392_F_Martensite_10.png,F_Martensite_10\392_F_Martensite_10.png,392_F_Martensite_10.png,392_F_Martensite_10,.png,256,256,RGB
D:\AI_Materials_Microscopy\data\raw\Dataset\F_Martensite_10\393_F_Martensite_10.png,F_Martensite_10\393_F_Martensite_10.png,393_F_Martensite_10.png,393_F_Martensite_10,.png,256,256,RGB
D:\AI_Materials_Microscopy\data\raw\Dataset\F_Martensite_10\394_F_Martensite_10.png,F_Martensite_10\394_F_Martensite_10.png,394_F_Martensite_10.png,394_F_Martensite_10,.png,256,256,RGB
D:\AI_Materials_Microscopy\data\raw\Dataset\F_Martensite_10\395_F_Martensite_10.png,F_Martensite_10\395_F_Martensite_10.png,395_F_Martensite_10.png,395_F_Martensite_10,.png,256,256,RGB
D:\AI_Materials_Microscopy\data\raw\Dataset\F_Martensite_10\396_F_Martensite_10.png,F_Martensite_10\396_F_Martensite_10.png,396_F_Martensite_10.png,396_F_Martensite_10,.png,256,256,RGB
D:\AI_Materials_Microscopy\data\raw\Dataset\F_Martensite_10\397_F_Martensite_10.png,F_Martensite_10\397_F_Martensite_10.png,397_F_Martensite_10.png,397_F_Martensite_10,.png,256,256,RGB
D:\AI_Materials_Microscopy\data\raw\Dataset\F_Martensite_10\398_F_Martensite_10.png,F_Martensite_10\398_F_Martensite_10.png,398_F_Martensite_10.png,398_F_Martensite_10,.png,256,256,RGB
D:\AI_Materials_Microscopy\data\raw\Dataset\F_Martensite_11\380_F_Martensite_11.png,F_Martensite_11\380_F_Martensite_11.png,380_F_Martensite_11.png,380_F_Martensite_11,.png,96,96,RGB
D:\AI_Materials_Microscopy\data\raw\Dataset\F_Martensite_11\381_F_Martensite_11.png,F_Martensite_11\381_F_Martensite_11.png,381_F_Martensite_11.png,381_F_Martensite_11,.png,96,96,RGB
D:\AI_Materials_Microscopy\data\raw\Dataset\F_Martensite_11\382_F_Martensite_11.png,F_Martensite_11\382_F_Martensite_11.png,382_F_Martensite_11.png,382_F_Martensite_11,.png,96,96,RGB
D:\AI_Materials_Microscopy\data\raw\Dataset\F_Martensite_11\383_F_Martensite_11.png,F_Martensite_11\383_F_Martensite_11.png,383_F_Martensite_11.png,383_F_Martensite_11,.png,96,96,RGB
D:\AI_Materials_Microscopy\data\raw\Dataset\F_Martensite_11\384_F_Martensite_11.png,F_Martensite_11\384_F_Martensite_11.png,384_F_Martensite_11.png,384_F_Martensite_11,.png,96,96,RGB
D:\AI_Materials_Microscopy\data\raw\Dataset\F_Martensite_11\385_F_Martensite_11.png,F_Martensite_11\385_F_Martensite_11.png,385_F_Martensite_11.png,385_F_Martensite_11,.png,96,96,RGB
D:\AI_Materials_Microscopy\data\raw\Dataset\F_Martensite_11\386_F_Martensite_11.png,F_Martensite_11\386_F_Martensite_11.png,386_F_Martensite_11.png,386_F_Martensite_11,.png,96,96,RGB
D:\AI_Materials_Microscopy\data\raw\Dataset\F_Martensite_11\387_F_Martensite_11.png,F_Martensite_11\387_F_Martensite_11.png,387_F_Martensite_11.png,387_F_Martensite_11,.png,96,96,RGB
D:\AI_Materials_Microscopy\data\raw\Dataset\F_Martensite_11\388_F_Martensite_11.png,F_Martensite_11\388_F_Martensite_11.png,388_F_Martensite_11.png,388_F_Martensite_11,.png,96,96,RGB
D:\AI_Materials_Microscopy\data\raw\Dataset\F_Martensite_11\389_F_Martensite_11.png,F_Martensite_11\389_F_Martensite_11.png,389_F_Martensite_11.png,389_F_Martensite_11,.png,256,256,RGB
D:\AI_Materials_Microscopy\data\raw\Dataset\F_Martensite_11\390_F_Martensite_11.png,F_Martensite_11\390_F_Martensite_11.png,390_F_Martensite_11.png,390_F_Martensite_11,.png,256,256,RGB
D:\AI_Materials_Microscopy\data\raw\Dataset\F_Martensite_11\391_F_Martensite_11.png,F_Martensite_11\391_F_Martensite_11.png,391_F_Martensite_11.png,391_F_Martensite_11,.png,256,256,RGB
D:\AI_Materials_Microscopy\data\raw\Dataset\F_Martensite_11\392_F_Martensite_11.png,F_Martensite_11\392_F_Martensite_11.png,392_F_Martensite_11.png,392_F_Martensite_11,.png,256,256,RGB
D:\AI_Materials_Microscopy\data\raw\Dataset\F_Martensite_11\393_F_Martensite_11.png,F_Martensite_11\393_F_Martensite_11.png,393_F_Martensite_11.png,393_F_Martensite_11,.png,256,256,RGB
D:\AI_Materials_Microscopy\data\raw\Dataset\F_Martensite_11\394_F_Martensite_11.png,F_Martensite_11\394_F_Martensite_11.png,394_F_Martensite_11.png,394_F_Martensite_11,.png,256,256,RGB
D:\AI_Materials_Microscopy\data\raw\Dataset\F_Martensite_11\395_F_Martensite_11.png,F_Martensite_11\395_F_Martensite_11.png,395_F_Martensite_11.png,395_F_Martensite_11,.png,256,256,RGB
D:\AI_Materials_Microscopy\data\raw\Dataset\F_Martensite_11\396_F_Martensite_11.png,F_Martensite_11\396_F_Martensite_11.png,396_F_Martensite_11.png,396_F_Martensite_11,.png,256,256,RGB
D:\AI_Materials_Microscopy\data\raw\Dataset\F_Martensite_11\397_F_Martensite_11.png,F_Martensite_11\397_F_Martensite_11.png,397_F_Martensite_11.png,397_F_Martensite_11,.png,256,256,RGB
D:\AI_Materials_Microscopy\data\raw\Dataset\F_Martensite_11\398_F_Martensite_11.png,F_Martensite_11\398_F_Martensite_11.png,398_F_Martensite_11.png,398_F_Martensite_11,.png,256,256,RGB
D:\AI_Materials_Microscopy\data\raw\Dataset\F_Martensite_12\380_F_Martensite_12.png,F_Martensite_12\380_F_Martensite_12.png,380_F_Martensite_12.png,380_F_Martensite_12,.png,96,96,RGB
D:\AI_Materials_Microscopy\data\raw\Dataset\F_Martensite_12\381_F_Martensite_12.png,F_Martensite_12\381_F_Martensite_12.png,381_F_Martensite_12.png,381_F_Martensite_12,.png,96,96,RGB
D:\AI_Materials_Microscopy\data\raw\Dataset\F_Martensite_12\382_F_Martensite_12.png,F_Martensite_12\382_F_Martensite_12.png,382_F_Martensite_12.png,382_F_Martensite_12,.png,96,96,RGB
D:\AI_Materials_Microscopy\data\raw\Dataset\F_Martensite_12\383_F_Martensite_12.png,F_Martensite_12\383_F_Martensite_12.png,383_F_Martensite_12.png,383_F_Martensite_12,.png,96,96,RGB
D:\AI_Materials_Microscopy\data\raw\Dataset\F_Martensite_12\384_F_Martensite_12.png,F_Martensite_12\384_F_Martensite_12.png,384_F_Martensite_12.png,384_F_Martensite_12,.png,96,96,RGB
D:\AI_Materials_Microscopy\data\raw\Dataset\F_Martensite_12\385_F_Martensite_12.png,F_Martensite_12\385_F_Martensite_12.png,385_F_Martensite_12.png,385_F_Martensite_12,.png,96,96,RGB
D:\AI_Materials_Microscopy\data\raw\Dataset\F_Martensite_12\386_F_Martensite_12.png,F_Martensite_12\386_F_Martensite_12.png,386_F_Martensite_12.png,386_F_Martensite_12,.png,96,96,RGB
D:\AI_Materials_Microscopy\data\raw\Dataset\F_Martensite_12\387_F_Martensite_12.png,F_Martensite_12\387_F_Martensite_12.png,387_F_Martensite_12.png,387_F_Martensite_12,.png,96,96,RGB
D:\AI_Materials_Microscopy\data\raw\Dataset\F_Martensite_12\388_F_Martensite_12.png,F_Martensite_12\388_F_Martensite_12.png,388_F_Martensite_12.png,388_F_Martensite_12,.png,96,96,RGB
D:\AI_Materials_Microscopy\data\raw\Dataset\F_Martensite_12\389_F_Martensite_12.png,F_Martensite_12\389_F_Martensite_12.png,389_F_Martensite_12.png,389_F_Martensite_12,.png,256,256,RGB
D:\AI_Materials_Microscopy\data\raw\Dataset\F_Martensite_12\390_F_Martensite_12.png,F_Martensite_12\390_F_Martensite_12.png,390_F_Martensite_12.png,390_F_Martensite_12,.png,256,256,RGB
D:\AI_Materials_Microscopy\data\raw\Dataset\F_Martensite_12\391_F_Martensite_12.png,F_Martensite_12\391_F_Martensite_12.png,391_F_Martensite_12.png,391_F_Martensite_12,.png,256,256,RGB
D:\AI_Materials_Microscopy\data\raw\Dataset\F_Martensite_12\392_F_Martensite_12.png,F_Martensite_12\392_F_Martensite_12.png,392_F_Martensite_12.png,392_F_Martensite_12,.png,256,256,RGB
D:\AI_Materials_Microscopy\data\raw\Dataset\F_Martensite_12\393_F_Martensite_12.png,F_Martensite_12\393_F_Martensite_12.png,393_F_Martensite_12.png,393_F_Martensite_12,.png,256,256,RGB
D:\AI_Materials_Microscopy\data\raw\Dataset\F_Martensite_12\394_F_Martensite_12.png,F_Martensite_12\394_F_Martensite_12.png,394_F_Martensite_12.png,394_F_Martensite_12,.png,256,256,RGB
D:\AI_Materials_Microscopy\data\raw\Dataset\F_Martensite_12\395_F_Martensite_12.png,F_Martensite_12\395_F_Martensite_12.png,395_F_Martensite_12.png,395_F_Martensite_12,.png,256,256,RGB
D:\AI_Materials_Microscopy\data\raw\Dataset\F_Martensite_12\396_F_Martensite_12.png,F_Martensite_12\396_F_Martensite_12.png,396_F_Martensite_12.png,396_F_Martensite_12,.png,256,256,RGB
D:\AI_Materials_Microscopy\data\raw\Dataset\F_Martensite_12\397_F_Martensite_12.png,F_Martensite_12\397_F_Martensite_12.png,397_F_Martensite_12.png,397_F_Martensite_12,.png,256,256,RGB
D:\AI_Materials_Microscopy\data\raw\Dataset\F_Martensite_12\398_F_Martensite_12.png,F_Martensite_12\398_F_Martensite_12.png,398_F_Martensite_12.png,398_F_Martensite_12,.png,256,256,RGB
D:\AI_Materials_Microscopy\data\raw\Dataset\F_Martensite_2\380_F_Martensite_02.png,F_Martensite_2\380_F_Martensite_02.png,380_F_Martensite_02.png,380_F_Martensite_02,.png,96,96,RGB
D:\AI_Materials_Microscopy\data\raw\Dataset\F_Martensite_2\381_F_Martensite_02.png,F_Martensite_2\381_F_Martensite_02.png,381_F_Martensite_02.png,381_F_Martensite_02,.png,96,96,RGB
D:\AI_Materials_Microscopy\data\raw\Dataset\F_Martensite_2\382_F_Martensite_02.png,F_Martensite_2\382_F_Martensite_02.png,382_F_Martensite_02.png,382_F_Martensite_02,.png,96,96,RGB
D:\AI_Materials_Microscopy\data\raw\Dataset\F_Martensite_2\383_F_Martensite_02.png,F_Martensite_2\383_F_Martensite_02.png,383_F_Martensite_02.png,383_F_Martensite_02,.png,96,96,RGB
D:\AI_Materials_Microscopy\data\raw\Dataset\F_Martensite_2\384_F_Martensite_02.png,F_Martensite_2\384_F_Martensite_02.png,384_F_Martensite_02.png,384_F_Martensite_02,.png,96,96,RGB
D:\AI_Materials_Microscopy\data\raw\Dataset\F_Martensite_2\385_F_Martensite_02.png,F_Martensite_2\385_F_Martensite_02.png,385_F_Martensite_02.png,385_F_Martensite_02,.png,96,96,RGB
D:\AI_Materials_Microscopy\data\raw\Dataset\F_Martensite_2\386_F_Martensite_02.png,F_Martensite_2\386_F_Martensite_02.png,386_F_Martensite_02.png,386_F_Martensite_02,.png,96,96,RGB
D:\AI_Materials_Microscopy\data\raw\Dataset\F_Martensite_2\387_F_Martensite_02.png,F_Martensite_2\387_F_Martensite_02.png,387_F_Martensite_02.png,387_F_Martensite_02,.png,96,96,RGB
D:\AI_Materials_Microscopy\data\raw\Dataset\F_Martensite_2\388_F_Martensite_02.png,F_Martensite_2\388_F_Martensite_02.png,388_F_Martensite_02.png,388_F_Martensite_02,.png,96,96,RGB
D:\AI_Materials_Microscopy\data\raw\Dataset\F_Martensite_2\389_F_Martensite_02.png,F_Martensite_2\389_F_Martensite_02.png,389_F_Martensite_02.png,389_F_Martensite_02,.png,256,256,RGB
D:\AI_Materials_Microscopy\data\raw\Dataset\F_Martensite_2\390_F_Martensite_02.png,F_Martensite_2\390_F_Martensite_02.png,390_F_Martensite_02.png,390_F_Martensite_02,.png,256,256,RGB
D:\AI_Materials_Microscopy\data\raw\Dataset\F_Martensite_2\391_F_Martensite_02.png,F_Martensite_2\391_F_Martensite_02.png,391_F_Martensite_02.png,391_F_Martensite_02,.png,256,256,RGB
D:\AI_Materials_Microscopy\data\raw\Dataset\F_Martensite_2\392_F_Martensite_02.png,F_Martensite_2\392_F_Martensite_02.png,392_F_Martensite_02.png,392_F_Martensite_02,.png,256,256,RGB
D:\AI_Materials_Microscopy\data\raw\Dataset\F_Martensite_2\393_F_Martensite_02.png,F_Martensite_2\393_F_Martensite_02.png,393_F_Martensite_02.png,393_F_Martensite_02,.png,256,256,RGB
D:\AI_Materials_Microscopy\data\raw\Dataset\F_Martensite_2\394_F_Martensite_02.png,F_Martensite_2\394_F_Martensite_02.png,394_F_Martensite_02.png,394_F_Martensite_02,.png,256,256,RGB
D:\AI_Materials_Microscopy\data\raw\Dataset\F_Martensite_2\395_F_Martensite_02.png,F_Martensite_2\395_F_Martensite_02.png,395_F_Martensite_02.png,395_F_Martensite_02,.png,256,256,RGB
D:\AI_Materials_Microscopy\data\raw\Dataset\F_Martensite_2\396_F_Martensite_02.png,F_Martensite_2\396_F_Martensite_02.png,396_F_Martensite_02.png,396_F_Martensite_02,.png,256,256,RGB
D:\AI_Materials_Microscopy\data\raw\Dataset\F_Martensite_2\397_F_Martensite_02.png,F_Martensite_2\397_F_Martensite_02.png,397_F_Martensite_02.png,397_F_Martensite_02,.png,256,256,RGB
D:\AI_Materials_Microscopy\data\raw\Dataset\F_Martensite_2\398_F_Martensite_02.png,F_Martensite_2\398_F_Martensite_02.png,398_F_Martensite_02.png,398_F_Martensite_02,.png,256,256,RGB
D:\AI_Materials_Microscopy\data\raw\Dataset\F_Martensite_3\380_F_Martensite_03.png,F_Martensite_3\380_F_Martensite_03.png,380_F_Martensite_03.png,380_F_Martensite_03,.png,96,96,RGB
D:\AI_Materials_Microscopy\data\raw\Dataset\F_Martensite_3\381_F_Martensite_03.png,F_Martensite_3\381_F_Martensite_03.png,381_F_Martensite_03.png,381_F_Martensite_03,.png,96,96,RGB
D:\AI_Materials_Microscopy\data\raw\Dataset\F_Martensite_3\382_F_Martensite_03.png,F_Martensite_3\382_F_Martensite_03.png,382_F_Martensite_03.png,382_F_Martensite_03,.png,96,96,RGB
D:\AI_Materials_Microscopy\data\raw\Dataset\F_Martensite_3\383_F_Martensite_03.png,F_Martensite_3\383_F_Martensite_03.png,383_F_Martensite_03.png,383_F_Martensite_03,.png,96,96,RGB
D:\AI_Materials_Microscopy\data\raw\Dataset\F_Martensite_3\384_F_Martensite_03.png,F_Martensite_3\384_F_Martensite_03.png,384_F_Martensite_03.png,384_F_Martensite_03,.png,96,96,RGB
D:\AI_Materials_Microscopy\data\raw\Dataset\F_Martensite_3\385_F_Martensite_03.png,F_Martensite_3\385_F_Martensite_03.png,385_F_Martensite_03.png,385_F_Martensite_03,.png,96,96,RGB
D:\AI_Materials_Microscopy\data\raw\Dataset\F_Martensite_3\386_F_Martensite_03.png,F_Martensite_3\386_F_Martensite_03.png,386_F_Martensite_03.png,386_F_Martensite_03,.png,96,96,RGB
D:\AI_Materials_Microscopy\data\raw\Dataset\F_Martensite_3\387_F_Martensite_03.png,F_Martensite_3\387_F_Martensite_03.png,387_F_Martensite_03.png,387_F_Martensite_03,.png,96,96,RGB
D:\AI_Materials_Microscopy\data\raw\Dataset\F_Martensite_3\388_F_Martensite_03.png,F_Martensite_3\388_F_Martensite_03.png,388_F_Martensite_03.png,388_F_Martensite_03,.png,96,96,RGB
D:\AI_Materials_Microscopy\data\raw\Dataset\F_Martensite_3\389_F_Martensite_03.png,F_Martensite_3\389_F_Martensite_03.png,389_F_Martensite_03.png,389_F_Martensite_03,.png,256,256,RGB
D:\AI_Materials_Microscopy\data\raw\Dataset\F_Martensite_3\390_F_Martensite_03.png,F_Martensite_3\390_F_Martensite_03.png,390_F_Martensite_03.png,390_F_Martensite_03,.png,256,256,RGB
D:\AI_Materials_Microscopy\data\raw\Dataset\F_Martensite_3\391_F_Martensite_03.png,F_Martensite_3\391_F_Martensite_03.png,391_F_Martensite_03.png,391_F_Martensite_03,.png,256,256,RGB
D:\AI_Materials_Microscopy\data\raw\Dataset\F_Martensite_3\392_F_Martensite_03.png,F_Martensite_3\392_F_Martensite_03.png,392_F_Martensite_03.png,392_F_Martensite_03,.png,256,256,RGB
D:\AI_Materials_Microscopy\data\raw\Dataset\F_Martensite_3\393_F_Martensite_03.png,F_Martensite_3\393_F_Martensite_03.png,393_F_Martensite_03.png,393_F_Martensite_03,.png,256,256,RGB
D:\AI_Materials_Microscopy\data\raw\Dataset\F_Martensite_3\394_F_Martensite_03.png,F_Martensite_3\394_F_Martensite_03.png,394_F_Martensite_03.png,394_F_Martensite_03,.png,256,256,RGB
D:\AI_Materials_Microscopy\data\raw\Dataset\F_Martensite_3\395_F_Martensite_03.png,F_Martensite_3\395_F_Martensite_03.png,395_F_Martensite_03.png,395_F_Martensite_03,.png,256,256,RGB
D:\AI_Materials_Microscopy\data\raw\Dataset\F_Martensite_3\396_F_Martensite_03.png,F_Martensite_3\396_F_Martensite_03.png,396_F_Martensite_03.png,396_F_Martensite_03,.png,256,256,RGB
D:\AI_Materials_Microscopy\data\raw\Dataset\F_Martensite_3\397_F_Martensite_03.png,F_Martensite_3\397_F_Martensite_03.png,397_F_Martensite_03.png,397_F_Martensite_03,.png,256,256,RGB
D:\AI_Materials_Microscopy\data\raw\Dataset\F_Martensite_3\398_F_Martensite_03.png,F_Martensite_3\398_F_Martensite_03.png,398_F_Martensite_03.png,398_F_Martensite_03,.png,256,256,RGB
D:\AI_Materials_Microscopy\data\raw\Dataset\F_Martensite_4\380_F_Martensite_04.png,F_Martensite_4\380_F_Martensite_04.png,380_F_Martensite_04.png,380_F_Martensite_04,.png,96,96,RGB
D:\AI_Materials_Microscopy\data\raw\Dataset\F_Martensite_4\381_F_Martensite_04.png,F_Martensite_4\381_F_Martensite_04.png,381_F_Martensite_04.png,381_F_Martensite_04,.png,96,96,RGB
D:\AI_Materials_Microscopy\data\raw\Dataset\F_Martensite_4\382_F_Martensite_04.png,F_Martensite_4\382_F_Martensite_04.png,382_F_Martensite_04.png,382_F_Martensite_04,.png,96,96,RGB
D:\AI_Materials_Microscopy\data\raw\Dataset\F_Martensite_4\383_F_Martensite_04.png,F_Martensite_4\383_F_Martensite_04.png,383_F_Martensite_04.png,383_F_Martensite_04,.png,96,96,RGB
D:\AI_Materials_Microscopy\data\raw\Dataset\F_Martensite_4\384_F_Martensite_04.png,F_Martensite_4\384_F_Martensite_04.png,384_F_Martensite_04.png,384_F_Martensite_04,.png,96,96,RGB
D:\AI_Materials_Microscopy\data\raw\Dataset\F_Martensite_4\385_F_Martensite_04.png,F_Martensite_4\385_F_Martensite_04.png,385_F_Martensite_04.png,385_F_Martensite_04,.png,96,96,RGB
D:\AI_Materials_Microscopy\data\raw\Dataset\F_Martensite_4\386_F_Martensite_04.png,F_Martensite_4\386_F_Martensite_04.png,386_F_Martensite_04.png,386_F_Martensite_04,.png,96,96,RGB
D:\AI_Materials_Microscopy\data\raw\Dataset\F_Martensite_4\387_F_Martensite_04.png,F_Martensite_4\387_F_Martensite_04.png,387_F_Martensite_04.png,387_F_Martensite_04,.png,96,96,RGB
D:\AI_Materials_Microscopy\data\raw\Dataset\F_Martensite_4\388_F_Martensite_04.png,F_Martensite_4\388_F_Martensite_04.png,388_F_Martensite_04.png,388_F_Martensite_04,.png,96,96,RGB
D:\AI_Materials_Microscopy\data\raw\Dataset\F_Martensite_4\389_F_Martensite_04.png,F_Martensite_4\389_F_Martensite_04.png,389_F_Martensite_04.png,389_F_Martensite_04,.png,256,256,RGB
D:\AI_Materials_Microscopy\data\raw\Dataset\F_Martensite_4\390_F_Martensite_04.png,F_Martensite_4\390_F_Martensite_04.png,390_F_Martensite_04.png,390_F_Martensite_04,.png,256,256,RGB
D:\AI_Materials_Microscopy\data\raw\Dataset\F_Martensite_4\391_F_Martensite_04.png,F_Martensite_4\391_F_Martensite_04.png,391_F_Martensite_04.png,391_F_Martensite_04,.png,256,256,RGB
D:\AI_Materials_Microscopy\data\raw\Dataset\F_Martensite_4\392_F_Martensite_04.png,F_Martensite_4\392_F_Martensite_04.png,392_F_Martensite_04.png,392_F_Martensite_04,.png,256,256,RGB
D:\AI_Materials_Microscopy\data\raw\Dataset\F_Martensite_4\393_F_Martensite_04.png,F_Martensite_4\393_F_Martensite_04.png,393_F_Martensite_04.png,393_F_Martensite_04,.png,256,256,RGB
D:\AI_Materials_Microscopy\data\raw\Dataset\F_Martensite_4\394_F_Martensite_04.png,F_Martensite_4\394_F_Martensite_04.png,394_F_Martensite_04.png,394_F_Martensite_04,.png,256,256,RGB
D:\AI_Materials_Microscopy\data\raw\Dataset\F_Martensite_4\395_F_Martensite_04.png,F_Martensite_4\395_F_Martensite_04.png,395_F_Martensite_04.png,395_F_Martensite_04,.png,256,256,RGB
D:\AI_Materials_Microscopy\data\raw\Dataset\F_Martensite_4\396_F_Martensite_04.png,F_Martensite_4\396_F_Martensite_04.png,396_F_Martensite_04.png,396_F_Martensite_04,.png,256,256,RGB
D:\AI_Materials_Microscopy\data\raw\Dataset\F_Martensite_4\397_F_Martensite_04.png,F_Martensite_4\397_F_Martensite_04.png,397_F_Martensite_04.png,397_F_Martensite_04,.png,256,256,RGB
D:\AI_Materials_Microscopy\data\raw\Dataset\F_Martensite_4\398_F_Martensite_04.png,F_Martensite_4\398_F_Martensite_04.png,398_F_Martensite_04.png,398_F_Martensite_04,.png,256,256,RGB
D:\AI_Materials_Microscopy\data\raw\Dataset\F_Martensite_5\380_F_Martensite_05.png,F_Martensite_5\380_F_Martensite_05.png,380_F_Martensite_05.png,380_F_Martensite_05,.png,96,96,RGB
D:\AI_Materials_Microscopy\data\raw\Dataset\F_Martensite_5\381_F_Martensite_05.png,F_Martensite_5\381_F_Martensite_05.png,381_F_Martensite_05.png,381_F_Martensite_05,.png,96,96,RGB
D:\AI_Materials_Microscopy\data\raw\Dataset\F_Martensite_5\382_F_Martensite_05.png,F_Martensite_5\382_F_Martensite_05.png,382_F_Martensite_05.png,382_F_Martensite_05,.png,96,96,RGB
D:\AI_Materials_Microscopy\data\raw\Dataset\F_Martensite_5\383_F_Martensite_05.png,F_Martensite_5\383_F_Martensite_05.png,383_F_Martensite_05.png,383_F_Martensite_05,.png,96,96,RGB
D:\AI_Materials_Microscopy\data\raw\Dataset\F_Martensite_5\384_F_Martensite_05.png,F_Martensite_5\384_F_Martensite_05.png,384_F_Martensite_05.png,384_F_Martensite_05,.png,96,96,RGB
D:\AI_Materials_Microscopy\data\raw\Dataset\F_Martensite_5\385_F_Martensite_05.png,F_Martensite_5\385_F_Martensite_05.png,385_F_Martensite_05.png,385_F_Martensite_05,.png,96,96,RGB
D:\AI_Materials_Microscopy\data\raw\Dataset\F_Martensite_5\386_F_Martensite_05.png,F_Martensite_5\386_F_Martensite_05.png,386_F_Martensite_05.png,386_F_Martensite_05,.png,96,96,RGB
D:\AI_Materials_Microscopy\data\raw\Dataset\F_Martensite_5\387_F_Martensite_05.png,F_Martensite_5\387_F_Martensite_05.png,387_F_Martensite_05.png,387_F_Martensite_05,.png,96,96,RGB
D:\AI_Materials_Microscopy\data\raw\Dataset\F_Martensite_5\388_F_Martensite_05.png,F_Martensite_5\388_F_Martensite_05.png,388_F_Martensite_05.png,388_F_Martensite_05,.png,96,96,RGB
D:\AI_Materials_Microscopy\data\raw\Dataset\F_Martensite_5\389_F_Martensite_05.png,F_Martensite_5\389_F_Martensite_05.png,389_F_Martensite_05.png,389_F_Martensite_05,.png,256,256,RGB
D:\AI_Materials_Microscopy\data\raw\Dataset\F_Martensite_5\390_F_Martensite_05.png,F_Martensite_5\390_F_Martensite_05.png,390_F_Martensite_05.png,390_F_Martensite_05,.png,256,256,RGB
D:\AI_Materials_Microscopy\data\raw\Dataset\F_Martensite_5\391_F_Martensite_05.png,F_Martensite_5\391_F_Martensite_05.png,391_F_Martensite_05.png,391_F_Martensite_05,.png,256,256,RGB
D:\AI_Materials_Microscopy\data\raw\Dataset\F_Martensite_5\392_F_Martensite_05.png,F_Martensite_5\392_F_Martensite_05.png,392_F_Martensite_05.png,392_F_Martensite_05,.png,256,256,RGB
D:\AI_Materials_Microscopy\data\raw\Dataset\F_Martensite_5\393_F_Martensite_05.png,F_Martensite_5\393_F_Martensite_05.png,393_F_Martensite_05.png,393_F_Martensite_05,.png,256,256,RGB
D:\AI_Materials_Microscopy\data\raw\Dataset\F_Martensite_5\394_F_Martensite_05.png,F_Martensite_5\394_F_Martensite_05.png,394_F_Martensite_05.png,394_F_Martensite_05,.png,256,256,RGB
D:\AI_Materials_Microscopy\data\raw\Dataset\F_Martensite_5\395_F_Martensite_05.png,F_Martensite_5\395_F_Martensite_05.png,395_F_Martensite_05.png,395_F_Martensite_05,.png,256,256,RGB
D:\AI_Materials_Microscopy\data\raw\Dataset\F_Martensite_5\396_F_Martensite_05.png,F_Martensite_5\396_F_Martensite_05.png,396_F_Martensite_05.png,396_F_Martensite_05,.png,256,256,RGB
D:\AI_Materials_Microscopy\data\raw\Dataset\F_Martensite_5\397_F_Martensite_05.png,F_Martensite_5\397_F_Martensite_05.png,397_F_Martensite_05.png,397_F_Martensite_05,.png,256,256,RGB
D:\AI_Materials_Microscopy\data\raw\Dataset\F_Martensite_5\398_F_Martensite_05.png,F_Martensite_5\398_F_Martensite_05.png,398_F_Martensite_05.png,398_F_Martensite_05,.png,256,256,RGB
D:\AI_Materials_Microscopy\data\raw\Dataset\F_Martensite_6\380_F_Martensite_06.png,F_Martensite_6\380_F_Martensite_06.png,380_F_Martensite_06.png,380_F_Martensite_06,.png,96,96,RGB
D:\AI_Materials_Microscopy\data\raw\Dataset\F_Martensite_6\381_F_Martensite_06.png,F_Martensite_6\381_F_Martensite_06.png,381_F_Martensite_06.png,381_F_Martensite_06,.png,96,96,RGB
D:\AI_Materials_Microscopy\data\raw\Dataset\F_Martensite_6\382_F_Martensite_06.png,F_Martensite_6\382_F_Martensite_06.png,382_F_Martensite_06.png,382_F_Martensite_06,.png,96,96,RGB
D:\AI_Materials_Microscopy\data\raw\Dataset\F_Martensite_6\383_F_Martensite_06.png,F_Martensite_6\383_F_Martensite_06.png,383_F_Martensite_06.png,383_F_Martensite_06,.png,96,96,RGB
D:\AI_Materials_Microscopy\data\raw\Dataset\F_Martensite_6\384_F_Martensite_06.png,F_Martensite_6\384_F_Martensite_06.png,384_F_Martensite_06.png,384_F_Martensite_06,.png,96,96,RGB
D:\AI_Materials_Microscopy\data\raw\Dataset\F_Martensite_6\385_F_Martensite_06.png,F_Martensite_6\385_F_Martensite_06.png,385_F_Martensite_06.png,385_F_Martensite_06,.png,96,96,RGB
D:\AI_Materials_Microscopy\data\raw\Dataset\F_Martensite_6\386_F_Martensite_06.png,F_Martensite_6\386_F_Martensite_06.png,386_F_Martensite_06.png,386_F_Martensite_06,.png,96,96,RGB
D:\AI_Materials_Microscopy\data\raw\Dataset\F_Martensite_6\387_F_Martensite_06.png,F_Martensite_6\387_F_Martensite_06.png,387_F_Martensite_06.png,387_F_Martensite_06,.png,96,96,RGB
D:\AI_Materials_Microscopy\data\raw\Dataset\F_Martensite_6\388_F_Martensite_06.png,F_Martensite_6\388_F_Martensite_06.png,388_F_Martensite_06.png,388_F_Martensite_06,.png,96,96,RGB
D:\AI_Materials_Microscopy\data\raw\Dataset\F_Martensite_6\389_F_Martensite_06.png,F_Martensite_6\389_F_Martensite_06.png,389_F_Martensite_06.png,389_F_Martensite_06,.png,256,256,RGB
D:\AI_Materials_Microscopy\data\raw\Dataset\F_Martensite_6\390_F_Martensite_06.png,F_Martensite_6\390_F_Martensite_06.png,390_F_Martensite_06.png,390_F_Martensite_06,.png,256,256,RGB
D:\AI_Materials_Microscopy\data\raw\Dataset\F_Martensite_6\391_F_Martensite_06.png,F_Martensite_6\391_F_Martensite_06.png,391_F_Martensite_06.png,391_F_Martensite_06,.png,256,256,RGB
D:\AI_Materials_Microscopy\data\raw\Dataset\F_Martensite_6\392_F_Martensite_06.png,F_Martensite_6\392_F_Martensite_06.png,392_F_Martensite_06.png,392_F_Martensite_06,.png,256,256,RGB
D:\AI_Materials_Microscopy\data\raw\Dataset\F_Martensite_6\393_F_Martensite_06.png,F_Martensite_6\393_F_Martensite_06.png,393_F_Martensite_06.png,393_F_Martensite_06,.png,256,256,RGB
D:\AI_Materials_Microscopy\data\raw\Dataset\F_Martensite_6\394_F_Martensite_06.png,F_Martensite_6\394_F_Martensite_06.png,394_F_Martensite_06.png,394_F_Martensite_06,.png,256,256,RGB
D:\AI_Materials_Microscopy\data\raw\Dataset\F_Martensite_6\395_F_Martensite_06.png,F_Martensite_6\395_F_Martensite_06.png,395_F_Martensite_06.png,395_F_Martensite_06,.png,256,256,RGB
D:\AI_Materials_Microscopy\data\raw\Dataset\F_Martensite_6\396_F_Martensite_06.png,F_Martensite_6\396_F_Martensite_06.png,396_F_Martensite_06.png,396_F_Martensite_06,.png,256,256,RGB
D:\AI_Materials_Microscopy\data\raw\Dataset\F_Martensite_6\397_F_Martensite_06.png,F_Martensite_6\397_F_Martensite_06.png,397_F_Martensite_06.png,397_F_Martensite_06,.png,256,256,RGB
D:\AI_Materials_Microscopy\data\raw\Dataset\F_Martensite_6\398_F_Martensite_06.png,F_Martensite_6\398_F_Martensite_06.png,398_F_Martensite_06.png,398_F_Martensite_06,.png,256,256,RGB
D:\AI_Materials_Microscopy\data\raw\Dataset\F_Martensite_7\380_F_Martensite_07.png,F_Martensite_7\380_F_Martensite_07.png,380_F_Martensite_07.png,380_F_Martensite_07,.png,96,96,RGB
D:\AI_Materials_Microscopy\data\raw\Dataset\F_Martensite_7\381_F_Martensite_07.png,F_Martensite_7\381_F_Martensite_07.png,381_F_Martensite_07.png,381_F_Martensite_07,.png,96,96,RGB
D:\AI_Materials_Microscopy\data\raw\Dataset\F_Martensite_7\382_F_Martensite_07.png,F_Martensite_7\382_F_Martensite_07.png,382_F_Martensite_07.png,382_F_Martensite_07,.png,96,96,RGB
D:\AI_Materials_Microscopy\data\raw\Dataset\F_Martensite_7\383_F_Martensite_07.png,F_Martensite_7\383_F_Martensite_07.png,383_F_Martensite_07.png,383_F_Martensite_07,.png,96,96,RGB
D:\AI_Materials_Microscopy\data\raw\Dataset\F_Martensite_7\384_F_Martensite_07.png,F_Martensite_7\384_F_Martensite_07.png,384_F_Martensite_07.png,384_F_Martensite_07,.png,96,96,RGB
D:\AI_Materials_Microscopy\data\raw\Dataset\F_Martensite_7\385_F_Martensite_07.png,F_Martensite_7\385_F_Martensite_07.png,385_F_Martensite_07.png,385_F_Martensite_07,.png,96,96,RGB
D:\AI_Materials_Microscopy\data\raw\Dataset\F_Martensite_7\386_F_Martensite_07.png,F_Martensite_7\386_F_Martensite_07.png,386_F_Martensite_07.png,386_F_Martensite_07,.png,96,96,RGB
D:\AI_Materials_Microscopy\data\raw\Dataset\F_Martensite_7\387_F_Martensite_07.png,F_Martensite_7\387_F_Martensite_07.png,387_F_Martensite_07.png,387_F_Martensite_07,.png,96,96,RGB
D:\AI_Materials_Microscopy\data\raw\Dataset\F_Martensite_7\388_F_Martensite_07.png,F_Martensite_7\388_F_Martensite_07.png,388_F_Martensite_07.png,388_F_Martensite_07,.png,96,96,RGB
D:\AI_Materials_Microscopy\data\raw\Dataset\F_Martensite_7\389_F_Martensite_07.png,F_Martensite_7\389_F_Martensite_07.png,389_F_Martensite_07.png,389_F_Martensite_07,.png,256,256,RGB
D:\AI_Materials_Microscopy\data\raw\Dataset\F_Martensite_7\390_F_Martensite_07.png,F_Martensite_7\390_F_Martensite_07.png,390_F_Martensite_07.png,390_F_Martensite_07,.png,256,256,RGB
D:\AI_Materials_Microscopy\data\raw\Dataset\F_Martensite_7\391_F_Martensite_07.png,F_Martensite_7\391_F_Martensite_07.png,391_F_Martensite_07.png,391_F_Martensite_07,.png,256,256,RGB
D:\AI_Materials_Microscopy\data\raw\Dataset\F_Martensite_7\392_F_Martensite_07.png,F_Martensite_7\392_F_Martensite_07.png,392_F_Martensite_07.png,392_F_Martensite_07,.png,256,256,RGB
D:\AI_Materials_Microscopy\data\raw\Dataset\F_Martensite_7\393_F_Martensite_07.png,F_Martensite_7\393_F_Martensite_07.png,393_F_Martensite_07.png,393_F_Martensite_07,.png,256,256,RGB
D:\AI_Materials_Microscopy\data\raw\Dataset\F_Martensite_7\394_F_Martensite_07.png,F_Martensite_7\394_F_Martensite_07.png,394_F_Martensite_07.png,394_F_Martensite_07,.png,256,256,RGB
D:\AI_Materials_Microscopy\data\raw\Dataset\F_Martensite_7\395_F_Martensite_07.png,F_Martensite_7\395_F_Martensite_07.png,395_F_Martensite_07.png,395_F_Martensite_07,.png,256,256,RGB
D:\AI_Materials_Microscopy\data\raw\Dataset\F_Martensite_7\396_F_Martensite_07.png,F_Martensite_7\396_F_Martensite_07.png,396_F_Martensite_07.png,396_F_Martensite_07,.png,256,256,RGB
D:\AI_Materials_Microscopy\data\raw\Dataset\F_Martensite_7\397_F_Martensite_07.png,F_Martensite_7\397_F_Martensite_07.png,397_F_Martensite_07.png,397_F_Martensite_07,.png,256,256,RGB
D:\AI_Materials_Microscopy\data\raw\Dataset\F_Martensite_7\398_F_Martensite_07.png,F_Martensite_7\398_F_Martensite_07.png,398_F_Martensite_07.png,398_F_Martensite_07,.png,256,256,RGB
D:\AI_Materials_Microscopy\data\raw\Dataset\F_Martensite_8\380_F_Martensite_08.png,F_Martensite_8\380_F_Martensite_08.png,380_F_Martensite_08.png,380_F_Martensite_08,.png,96,96,RGB
D:\AI_Materials_Microscopy\data\raw\Dataset\F_Martensite_8\381_F_Martensite_08.png,F_Martensite_8\381_F_Martensite_08.png,381_F_Martensite_08.png,381_F_Martensite_08,.png,96,96,RGB
D:\AI_Materials_Microscopy\data\raw\Dataset\F_Martensite_8\382_F_Martensite_08.png,F_Martensite_8\382_F_Martensite_08.png,382_F_Martensite_08.png,382_F_Martensite_08,.png,96,96,RGB
D:\AI_Materials_Microscopy\data\raw\Dataset\F_Martensite_8\383_F_Martensite_08.png,F_Martensite_8\383_F_Martensite_08.png,383_F_Martensite_08.png,383_F_Martensite_08,.png,96,96,RGB
D:\AI_Materials_Microscopy\data\raw\Dataset\F_Martensite_8\384_F_Martensite_08.png,F_Martensite_8\384_F_Martensite_08.png,384_F_Martensite_08.png,384_F_Martensite_08,.png,96,96,RGB
D:\AI_Materials_Microscopy\data\raw\Dataset\F_Martensite_8\385_F_Martensite_08.png,F_Martensite_8\385_F_Martensite_08.png,385_F_Martensite_08.png,385_F_Martensite_08,.png,96,96,RGB
D:\AI_Materials_Microscopy\data\raw\Dataset\F_Martensite_8\386_F_Martensite_08.png,F_Martensite_8\386_F_Martensite_08.png,386_F_Martensite_08.png,386_F_Martensite_08,.png,96,96,RGB
D:\AI_Materials_Microscopy\data\raw\Dataset\F_Martensite_8\387_F_Martensite_08.png,F_Martensite_8\387_F_Martensite_08.png,387_F_Martensite_08.png,387_F_Martensite_08,.png,96,96,RGB
D:\AI_Materials_Microscopy\data\raw\Dataset\F_Martensite_8\388_F_Martensite_08.png,F_Martensite_8\388_F_Martensite_08.png,388_F_Martensite_08.png,388_F_Martensite_08,.png,96,96,RGB
D:\AI_Materials_Microscopy\data\raw\Dataset\F_Martensite_8\389_F_Martensite_08.png,F_Martensite_8\389_F_Martensite_08.png,389_F_Martensite_08.png,389_F_Martensite_08,.png,256,256,RGB
D:\AI_Materials_Microscopy\data\raw\Dataset\F_Martensite_8\390_F_Martensite_08.png,F_Martensite_8\390_F_Martensite_08.png,390_F_Martensite_08.png,390_F_Martensite_08,.png,256,256,RGB
D:\AI_Materials_Microscopy\data\raw\Dataset\F_Martensite_8\391_F_Martensite_08.png,F_Martensite_8\391_F_Martensite_08.png,391_F_Martensite_08.png,391_F_Martensite_08,.png,256,256,RGB
D:\AI_Materials_Microscopy\data\raw\Dataset\F_Martensite_8\392_F_Martensite_08.png,F_Martensite_8\392_F_Martensite_08.png,392_F_Martensite_08.png,392_F_Martensite_08,.png,256,256,RGB
D:\AI_Materials_Microscopy\data\raw\Dataset\F_Martensite_8\393_F_Martensite_08.png,F_Martensite_8\393_F_Martensite_08.png,393_F_Martensite_08.png,393_F_Martensite_08,.png,256,256,RGB
D:\AI_Materials_Microscopy\data\raw\Dataset\F_Martensite_8\394_F_Martensite_08.png,F_Martensite_8\394_F_Martensite_08.png,394_F_Martensite_08.png,394_F_Martensite_08,.png,256,256,RGB
D:\AI_Materials_Microscopy\data\raw\Dataset\F_Martensite_8\395_F_Martensite_08.png,F_Martensite_8\395_F_Martensite_08.png,395_F_Martensite_08.png,395_F_Martensite_08,.png,256,256,RGB
D:\AI_Materials_Microscopy\data\raw\Dataset\F_Martensite_8\396_F_Martensite_08.png,F_Martensite_8\396_F_Martensite_08.png,396_F_Martensite_08.png,396_F_Martensite_08,.png,256,256,RGB
D:\AI_Materials_Microscopy\data\raw\Dataset\F_Martensite_8\397_F_Martensite_08.png,F_Martensite_8\397_F_Martensite_08.png,397_F_Martensite_08.png,397_F_Martensite_08,.png,256,256,RGB
D:\AI_Materials_Microscopy\data\raw\Dataset\F_Martensite_8\398_F_Martensite_08.png,F_Martensite_8\398_F_Martensite_08.png,398_F_Martensite_08.png,398_F_Martensite_08,.png,256,256,RGB
D:\AI_Materials_Microscopy\data\raw\Dataset\F_Martensite_9\380_F_Martensite_09.png,F_Martensite_9\380_F_Martensite_09.png,380_F_Martensite_09.png,380_F_Martensite_09,.png,96,96,RGB
D:\AI_Materials_Microscopy\data\raw\Dataset\F_Martensite_9\381_F_Martensite_09.png,F_Martensite_9\381_F_Martensite_09.png,381_F_Martensite_09.png,381_F_Martensite_09,.png,96,96,RGB
D:\AI_Materials_Microscopy\data\raw\Dataset\F_Martensite_9\382_F_Martensite_09.png,F_Martensite_9\382_F_Martensite_09.png,382_F_Martensite_09.png,382_F_Martensite_09,.png,96,96,RGB
D:\AI_Materials_Microscopy\data\raw\Dataset\F_Martensite_9\383_F_Martensite_09.png,F_Martensite_9\383_F_Martensite_09.png,383_F_Martensite_09.png,383_F_Martensite_09,.png,96,96,RGB
D:\AI_Materials_Microscopy\data\raw\Dataset\F_Martensite_9\384_F_Martensite_09.png,F_Martensite_9\384_F_Martensite_09.png,384_F_Martensite_09.png,384_F_Martensite_09,.png,96,96,RGB
D:\AI_Materials_Microscopy\data\raw\Dataset\F_Martensite_9\385_F_Martensite_09.png,F_Martensite_9\385_F_Martensite_09.png,385_F_Martensite_09.png,385_F_Martensite_09,.png,96,96,RGB
D:\AI_Materials_Microscopy\data\raw\Dataset\F_Martensite_9\386_F_Martensite_09.png,F_Martensite_9\386_F_Martensite_09.png,386_F_Martensite_09.png,386_F_Martensite_09,.png,96,96,RGB
D:\AI_Materials_Microscopy\data\raw\Dataset\F_Martensite_9\387_F_Martensite_09.png,F_Martensite_9\387_F_Martensite_09.png,387_F_Martensite_09.png,387_F_Martensite_09,.png,96,96,RGB
D:\AI_Materials_Microscopy\data\raw\Dataset\F_Martensite_9\388_F_Martensite_09.png,F_Martensite_9\388_F_Martensite_09.png,388_F_Martensite_09.png,388_F_Martensite_09,.png,96,96,RGB
D:\AI_Materials_Microscopy\data\raw\Dataset\F_Martensite_9\389_F_Martensite_09.png,F_Martensite_9\389_F_Martensite_09.png,389_F_Martensite_09.png,389_F_Martensite_09,.png,256,256,RGB
D:\AI_Materials_Microscopy\data\raw\Dataset\F_Martensite_9\390_F_Martensite_09.png,F_Martensite_9\390_F_Martensite_09.png,390_F_Martensite_09.png,390_F_Martensite_09,.png,256,256,RGB
D:\AI_Materials_Microscopy\data\raw\Dataset\F_Martensite_9\391_F_Martensite_09.png,F_Martensite_9\391_F_Martensite_09.png,391_F_Martensite_09.png,391_F_Martensite_09,.png,256,256,RGB
D:\AI_Materials_Microscopy\data\raw\Dataset\F_Martensite_9\392_F_Martensite_09.png,F_Martensite_9\392_F_Martensite_09.png,392_F_Martensite_09.png,392_F_Martensite_09,.png,256,256,RGB
D:\AI_Materials_Microscopy\data\raw\Dataset\F_Martensite_9\393_F_Martensite_09.png,F_Martensite_9\393_F_Martensite_09.png,393_F_Martensite_09.png,393_F_Martensite_09,.png,256,256,RGB
D:\AI_Materials_Microscopy\data\raw\Dataset\F_Martensite_9\394_F_Martensite_09.png,F_Martensite_9\394_F_Martensite_09.png,394_F_Martensite_09.png,394_F_Martensite_09,.png,256,256,RGB
D:\AI_Materials_Microscopy\data\raw\Dataset\F_Martensite_9\395_F_Martensite_09.png,F_Martensite_9\395_F_Martensite_09.png,395_F_Martensite_09.png,395_F_Martensite_09,.png,256,256,RGB
D:\AI_Materials_Microscopy\data\raw\Dataset\F_Martensite_9\396_F_Martensite_09.png,F_Martensite_9\396_F_Martensite_09.png,396_F_Martensite_09.png,396_F_Martensite_09,.png,256,256,RGB
D:\AI_Materials_Microscopy\data\raw\Dataset\F_Martensite_9\397_F_Martensite_09.png,F_Martensite_9\397_F_Martensite_09.png,397_F_Martensite_09.png,397_F_Martensite_09,.png,256,256,RGB
D:\AI_Materials_Microscopy\data\raw\Dataset\F_Martensite_9\398_F_Martensite_09.png,F_Martensite_9\398_F_Martensite_09.png,398_F_Martensite_09.png,398_F_Martensite_09,.png,256,256,RGB
D:\AI_Materials_Microscopy\data\raw\Dataset\G_Martensite_1\399_G_Martensite_01.png,G_Martensite_1\399_G_Martensite_01.png,399_G_Martensite_01.png,399_G_Martensite_01,.png,96,96,RGB
D:\AI_Materials_Microscopy\data\raw\Dataset\G_Martensite_1\400_G_Martensite_01.png,G_Martensite_1\400_G_Martensite_01.png,400_G_Martensite_01.png,400_G_Martensite_01,.png,96,96,RGB
D:\AI_Materials_Microscopy\data\raw\Dataset\G_Martensite_1\401_G_Martensite_01.png,G_Martensite_1\401_G_Martensite_01.png,401_G_Martensite_01.png,401_G_Martensite_01,.png,96,96,RGB
D:\AI_Materials_Microscopy\data\raw\Dataset\G_Martensite_1\402_G_Martensite_01.png,G_Martensite_1\402_G_Martensite_01.png,402_G_Martensite_01.png,402_G_Martensite_01,.png,96,96,RGB
D:\AI_Materials_Microscopy\data\raw\Dataset\G_Martensite_1\403_G_Martensite_01.png,G_Martensite_1\403_G_Martensite_01.png,403_G_Martensite_01.png,403_G_Martensite_01,.png,96,96,RGB
D:\AI_Materials_Microscopy\data\raw\Dataset\G_Martensite_1\404_G_Martensite_01.png,G_Martensite_1\404_G_Martensite_01.png,404_G_Martensite_01.png,404_G_Martensite_01,.png,96,96,RGB
D:\AI_Materials_Microscopy\data\raw\Dataset\G_Martensite_1\405_G_Martensite_01.png,G_Martensite_1\405_G_Martensite_01.png,405_G_Martensite_01.png,405_G_Martensite_01,.png,96,96,RGB
D:\AI_Materials_Microscopy\data\raw\Dataset\G_Martensite_1\406_G_Martensite_01.png,G_Martensite_1\406_G_Martensite_01.png,406_G_Martensite_01.png,406_G_Martensite_01,.png,96,96,RGB
D:\AI_Materials_Microscopy\data\raw\Dataset\G_Martensite_1\407_G_Martensite_01.png,G_Martensite_1\407_G_Martensite_01.png,407_G_Martensite_01.png,407_G_Martensite_01,.png,96,96,RGB
D:\AI_Materials_Microscopy\data\raw\Dataset\G_Martensite_1\408_G_Martensite_01.png,G_Martensite_1\408_G_Martensite_01.png,408_G_Martensite_01.png,408_G_Martensite_01,.png,256,256,RGB
D:\AI_Materials_Microscopy\data\raw\Dataset\G_Martensite_1\409_G_Martensite_01.png,G_Martensite_1\409_G_Martensite_01.png,409_G_Martensite_01.png,409_G_Martensite_01,.png,256,256,RGB
D:\AI_Materials_Microscopy\data\raw\Dataset\G_Martensite_1\410_G_Martensite_01.png,G_Martensite_1\410_G_Martensite_01.png,410_G_Martensite_01.png,410_G_Martensite_01,.png,256,256,RGB
D:\AI_Materials_Microscopy\data\raw\Dataset\G_Martensite_1\411_G_Martensite_01.png,G_Martensite_1\411_G_Martensite_01.png,411_G_Martensite_01.png,411_G_Martensite_01,.png,256,256,RGB
D:\AI_Materials_Microscopy\data\raw\Dataset\G_Martensite_1\412_G_Martensite_01.png,G_Martensite_1\412_G_Martensite_01.png,412_G_Martensite_01.png,412_G_Martensite_01,.png,256,256,RGB
D:\AI_Materials_Microscopy\data\raw\Dataset\G_Martensite_1\413_G_Martensite_01.png,G_Martensite_1\413_G_Martensite_01.png,413_G_Martensite_01.png,413_G_Martensite_01,.png,256,256,RGB
D:\AI_Materials_Microscopy\data\raw\Dataset\G_Martensite_1\414_G_Martensite_01.png,G_Martensite_1\414_G_Martensite_01.png,414_G_Martensite_01.png,414_G_Martensite_01,.png,256,256,RGB
D:\AI_Materials_Microscopy\data\raw\Dataset\G_Martensite_1\415_G_Martensite_01.png,G_Martensite_1\415_G_Martensite_01.png,415_G_Martensite_01.png,415_G_Martensite_01,.png,256,256,RGB
D:\AI_Materials_Microscopy\data\raw\Dataset\G_Martensite_1\416_G_Martensite_01.png,G_Martensite_1\416_G_Martensite_01.png,416_G_Martensite_01.png,416_G_Martensite_01,.png,256,256,RGB
D:\AI_Materials_Microscopy\data\raw\Dataset\G_Martensite_1\417_G_Martensite_01.png,G_Martensite_1\417_G_Martensite_01.png,417_G_Martensite_01.png,417_G_Martensite_01,.png,256,256,RGB
D:\AI_Materials_Microscopy\data\raw\Dataset\G_Martensite_10\399_G_Martensite_10.png,G_Martensite_10\399_G_Martensite_10.png,399_G_Martensite_10.png,399_G_Martensite_10,.png,96,96,RGB
D:\AI_Materials_Microscopy\data\raw\Dataset\G_Martensite_10\400_G_Martensite_10.png,G_Martensite_10\400_G_Martensite_10.png,400_G_Martensite_10.png,400_G_Martensite_10,.png,96,96,RGB
D:\AI_Materials_Microscopy\data\raw\Dataset\G_Martensite_10\401_G_Martensite_10.png,G_Martensite_10\401_G_Martensite_10.png,401_G_Martensite_10.png,401_G_Martensite_10,.png,96,96,RGB
D:\AI_Materials_Microscopy\data\raw\Dataset\G_Martensite_10\402_G_Martensite_10.png,G_Martensite_10\402_G_Martensite_10.png,402_G_Martensite_10.png,402_G_Martensite_10,.png,96,96,RGB
D:\AI_Materials_Microscopy\data\raw\Dataset\G_Martensite_10\403_G_Martensite_10.png,G_Martensite_10\403_G_Martensite_10.png,403_G_Martensite_10.png,403_G_Martensite_10,.png,96,96,RGB
D:\AI_Materials_Microscopy\data\raw\Dataset\G_Martensite_10\404_G_Martensite_10.png,G_Martensite_10\404_G_Martensite_10.png,404_G_Martensite_10.png,404_G_Martensite_10,.png,96,96,RGB
D:\AI_Materials_Microscopy\data\raw\Dataset\G_Martensite_10\405_G_Martensite_10.png,G_Martensite_10\405_G_Martensite_10.png,405_G_Martensite_10.png,405_G_Martensite_10,.png,96,96,RGB
D:\AI_Materials_Microscopy\data\raw\Dataset\G_Martensite_10\406_G_Martensite_10.png,G_Martensite_10\406_G_Martensite_10.png,406_G_Martensite_10.png,406_G_Martensite_10,.png,96,96,RGB
D:\AI_Materials_Microscopy\data\raw\Dataset\G_Martensite_10\407_G_Martensite_10.png,G_Martensite_10\407_G_Martensite_10.png,407_G_Martensite_10.png,407_G_Martensite_10,.png,96,96,RGB
D:\AI_Materials_Microscopy\data\raw\Dataset\G_Martensite_10\408_G_Martensite_10.png,G_Martensite_10\408_G_Martensite_10.png,408_G_Martensite_10.png,408_G_Martensite_10,.png,256,256,RGB
D:\AI_Materials_Microscopy\data\raw\Dataset\G_Martensite_10\409_G_Martensite_10.png,G_Martensite_10\409_G_Martensite_10.png,409_G_Martensite_10.png,409_G_Martensite_10,.png,256,256,RGB
D:\AI_Materials_Microscopy\data\raw\Dataset\G_Martensite_10\410_G_Martensite_10.png,G_Martensite_10\410_G_Martensite_10.png,410_G_Martensite_10.png,410_G_Martensite_10,.png,256,256,RGB
D:\AI_Materials_Microscopy\data\raw\Dataset\G_Martensite_10\411_G_Martensite_10.png,G_Martensite_10\411_G_Martensite_10.png,411_G_Martensite_10.png,411_G_Martensite_10,.png,256,256,RGB
D:\AI_Materials_Microscopy\data\raw\Dataset\G_Martensite_10\412_G_Martensite_10.png,G_Martensite_10\412_G_Martensite_10.png,412_G_Martensite_10.png,412_G_Martensite_10,.png,256,256,RGB
D:\AI_Materials_Microscopy\data\raw\Dataset\G_Martensite_10\413_G_Martensite_10.png,G_Martensite_10\413_G_Martensite_10.png,413_G_Martensite_10.png,413_G_Martensite_10,.png,256,256,RGB
D:\AI_Materials_Microscopy\data\raw\Dataset\G_Martensite_10\414_G_Martensite_10.png,G_Martensite_10\414_G_Martensite_10.png,414_G_Martensite_10.png,414_G_Martensite_10,.png,256,256,RGB
D:\AI_Materials_Microscopy\data\raw\Dataset\G_Martensite_10\415_G_Martensite_10.png,G_Martensite_10\415_G_Martensite_10.png,415_G_Martensite_10.png,415_G_Martensite_10,.png,256,256,RGB
D:\AI_Materials_Microscopy\data\raw\Dataset\G_Martensite_10\416_G_Martensite_10.png,G_Martensite_10\416_G_Martensite_10.png,416_G_Martensite_10.png,416_G_Martensite_10,.png,256,256,RGB
D:\AI_Materials_Microscopy\data\raw\Dataset\G_Martensite_10\417_G_Martensite_10.png,G_Martensite_10\417_G_Martensite_10.png,417_G_Martensite_10.png,417_G_Martensite_10,.png,256,256,RGB
D:\AI_Materials_Microscopy\data\raw\Dataset\G_Martensite_11\399_G_Martensite_11.png,G_Martensite_11\399_G_Martensite_11.png,399_G_Martensite_11.png,399_G_Martensite_11,.png,96,96,RGB
D:\AI_Materials_Microscopy\data\raw\Dataset\G_Martensite_11\400_G_Martensite_11.png,G_Martensite_11\400_G_Martensite_11.png,400_G_Martensite_11.png,400_G_Martensite_11,.png,96,96,RGB
D:\AI_Materials_Microscopy\data\raw\Dataset\G_Martensite_11\401_G_Martensite_11.png,G_Martensite_11\401_G_Martensite_11.png,401_G_Martensite_11.png,401_G_Martensite_11,.png,96,96,RGB
D:\AI_Materials_Microscopy\data\raw\Dataset\G_Martensite_11\402_G_Martensite_11.png,G_Martensite_11\402_G_Martensite_11.png,402_G_Martensite_11.png,402_G_Martensite_11,.png,96,96,RGB
D:\AI_Materials_Microscopy\data\raw\Dataset\G_Martensite_11\403_G_Martensite_11.png,G_Martensite_11\403_G_Martensite_11.png,403_G_Martensite_11.png,403_G_Martensite_11,.png,96,96,RGB
D:\AI_Materials_Microscopy\data\raw\Dataset\G_Martensite_11\404_G_Martensite_11.png,G_Martensite_11\404_G_Martensite_11.png,404_G_Martensite_11.png,404_G_Martensite_11,.png,96,96,RGB
D:\AI_Materials_Microscopy\data\raw\Dataset\G_Martensite_11\405_G_Martensite_11.png,G_Martensite_11\405_G_Martensite_11.png,405_G_Martensite_11.png,405_G_Martensite_11,.png,96,96,RGB
D:\AI_Materials_Microscopy\data\raw\Dataset\G_Martensite_11\406_G_Martensite_11.png,G_Martensite_11\406_G_Martensite_11.png,406_G_Martensite_11.png,406_G_Martensite_11,.png,96,96,RGB
D:\AI_Materials_Microscopy\data\raw\Dataset\G_Martensite_11\407_G_Martensite_11.png,G_Martensite_11\407_G_Martensite_11.png,407_G_Martensite_11.png,407_G_Martensite_11,.png,96,96,RGB
D:\AI_Materials_Microscopy\data\raw\Dataset\G_Martensite_11\408_G_Martensite_11.png,G_Martensite_11\408_G_Martensite_11.png,408_G_Martensite_11.png,408_G_Martensite_11,.png,256,256,RGB
D:\AI_Materials_Microscopy\data\raw\Dataset\G_Martensite_11\409_G_Martensite_11.png,G_Martensite_11\409_G_Martensite_11.png,409_G_Martensite_11.png,409_G_Martensite_11,.png,256,256,RGB
D:\AI_Materials_Microscopy\data\raw\Dataset\G_Martensite_11\410_G_Martensite_11.png,G_Martensite_11\410_G_Martensite_11.png,410_G_Martensite_11.png,410_G_Martensite_11,.png,256,256,RGB
D:\AI_Materials_Microscopy\data\raw\Dataset\G_Martensite_11\411_G_Martensite_11.png,G_Martensite_11\411_G_Martensite_11.png,411_G_Martensite_11.png,411_G_Martensite_11,.png,256,256,RGB
D:\AI_Materials_Microscopy\data\raw\Dataset\G_Martensite_11\412_G_Martensite_11.png,G_Martensite_11\412_G_Martensite_11.png,412_G_Martensite_11.png,412_G_Martensite_11,.png,256,256,RGB
D:\AI_Materials_Microscopy\data\raw\Dataset\G_Martensite_11\413_G_Martensite_11.png,G_Martensite_11\413_G_Martensite_11.png,413_G_Martensite_11.png,413_G_Martensite_11,.png,256,256,RGB
D:\AI_Materials_Microscopy\data\raw\Dataset\G_Martensite_11\414_G_Martensite_11.png,G_Martensite_11\414_G_Martensite_11.png,414_G_Martensite_11.png,414_G_Martensite_11,.png,256,256,RGB
D:\AI_Materials_Microscopy\data\raw\Dataset\G_Martensite_11\415_G_Martensite_11.png,G_Martensite_11\415_G_Martensite_11.png,415_G_Martensite_11.png,415_G_Martensite_11,.png,256,256,RGB
D:\AI_Materials_Microscopy\data\raw\Dataset\G_Martensite_11\416_G_Martensite_11.png,G_Martensite_11\416_G_Martensite_11.png,416_G_Martensite_11.png,416_G_Martensite_11,.png,256,256,RGB
D:\AI_Materials_Microscopy\data\raw\Dataset\G_Martensite_11\417_G_Martensite_11.png,G_Martensite_11\417_G_Martensite_11.png,417_G_Martensite_11.png,417_G_Martensite_11,.png,256,256,RGB
D:\AI_Materials_Microscopy\data\raw\Dataset\G_Martensite_12\399_G_Martensite_12.png,G_Martensite_12\399_G_Martensite_12.png,399_G_Martensite_12.png,399_G_Martensite_12,.png,96,96,RGB
D:\AI_Materials_Microscopy\data\raw\Dataset\G_Martensite_12\400_G_Martensite_12.png,G_Martensite_12\400_G_Martensite_12.png,400_G_Martensite_12.png,400_G_Martensite_12,.png,96,96,RGB
D:\AI_Materials_Microscopy\data\raw\Dataset\G_Martensite_12\401_G_Martensite_12.png,G_Martensite_12\401_G_Martensite_12.png,401_G_Martensite_12.png,401_G_Martensite_12,.png,96,96,RGB
D:\AI_Materials_Microscopy\data\raw\Dataset\G_Martensite_12\402_G_Martensite_12.png,G_Martensite_12\402_G_Martensite_12.png,402_G_Martensite_12.png,402_G_Martensite_12,.png,96,96,RGB
D:\AI_Materials_Microscopy\data\raw\Dataset\G_Martensite_12\403_G_Martensite_12.png,G_Martensite_12\403_G_Martensite_12.png,403_G_Martensite_12.png,403_G_Martensite_12,.png,96,96,RGB
D:\AI_Materials_Microscopy\data\raw\Dataset\G_Martensite_12\404_G_Martensite_12.png,G_Martensite_12\404_G_Martensite_12.png,404_G_Martensite_12.png,404_G_Martensite_12,.png,96,96,RGB
D:\AI_Materials_Microscopy\data\raw\Dataset\G_Martensite_12\405_G_Martensite_12.png,G_Martensite_12\405_G_Martensite_12.png,405_G_Martensite_12.png,405_G_Martensite_12,.png,96,96,RGB
D:\AI_Materials_Microscopy\data\raw\Dataset\G_Martensite_12\406_G_Martensite_12.png,G_Martensite_12\406_G_Martensite_12.png,406_G_Martensite_12.png,406_G_Martensite_12,.png,96,96,RGB
D:\AI_Materials_Microscopy\data\raw\Dataset\G_Martensite_12\407_G_Martensite_12.png,G_Martensite_12\407_G_Martensite_12.png,407_G_Martensite_12.png,407_G_Martensite_12,.png,96,96,RGB
D:\AI_Materials_Microscopy\data\raw\Dataset\G_Martensite_12\408_G_Martensite_12.png,G_Martensite_12\408_G_Martensite_12.png,408_G_Martensite_12.png,408_G_Martensite_12,.png,256,256,RGB
D:\AI_Materials_Microscopy\data\raw\Dataset\G_Martensite_12\409_G_Martensite_12.png,G_Martensite_12\409_G_Martensite_12.png,409_G_Martensite_12.png,409_G_Martensite_12,.png,256,256,RGB
D:\AI_Materials_Microscopy\data\raw\Dataset\G_Martensite_12\410_G_Martensite_12.png,G_Martensite_12\410_G_Martensite_12.png,410_G_Martensite_12.png,410_G_Martensite_12,.png,256,256,RGB
D:\AI_Materials_Microscopy\data\raw\Dataset\G_Martensite_12\411_G_Martensite_12.png,G_Martensite_12\411_G_Martensite_12.png,411_G_Martensite_12.png,411_G_Martensite_12,.png,256,256,RGB
D:\AI_Materials_Microscopy\data\raw\Dataset\G_Martensite_12\412_G_Martensite_12.png,G_Martensite_12\412_G_Martensite_12.png,412_G_Martensite_12.png,412_G_Martensite_12,.png,256,256,RGB
D:\AI_Materials_Microscopy\data\raw\Dataset\G_Martensite_12\413_G_Martensite_12.png,G_Martensite_12\413_G_Martensite_12.png,413_G_Martensite_12.png,413_G_Martensite_12,.png,256,256,RGB
D:\AI_Materials_Microscopy\data\raw\Dataset\G_Martensite_12\414_G_Martensite_12.png,G_Martensite_12\414_G_Martensite_12.png,414_G_Martensite_12.png,414_G_Martensite_12,.png,256,256,RGB
D:\AI_Materials_Microscopy\data\raw\Dataset\G_Martensite_12\415_G_Martensite_12.png,G_Martensite_12\415_G_Martensite_12.png,415_G_Martensite_12.png,415_G_Martensite_12,.png,256,256,RGB
D:\AI_Materials_Microscopy\data\raw\Dataset\G_Martensite_12\416_G_Martensite_12.png,G_Martensite_12\416_G_Martensite_12.png,416_G_Martensite_12.png,416_G_Martensite_12,.png,256,256,RGB
D:\AI_Materials_Microscopy\data\raw\Dataset\G_Martensite_12\417_G_Martensite_12.png,G_Martensite_12\417_G_Martensite_12.png,417_G_Martensite_12.png,417_G_Martensite_12,.png,256,256,RGB
D:\AI_Materials_Microscopy\data\raw\Dataset\G_Martensite_2\399_G_Martensite_02.png,G_Martensite_2\399_G_Martensite_02.png,399_G_Martensite_02.png,399_G_Martensite_02,.png,96,96,RGB
D:\AI_Materials_Microscopy\data\raw\Dataset\G_Martensite_2\400_G_Martensite_02.png,G_Martensite_2\400_G_Martensite_02.png,400_G_Martensite_02.png,400_G_Martensite_02,.png,96,96,RGB
D:\AI_Materials_Microscopy\data\raw\Dataset\G_Martensite_2\401_G_Martensite_02.png,G_Martensite_2\401_G_Martensite_02.png,401_G_Martensite_02.png,401_G_Martensite_02,.png,96,96,RGB
D:\AI_Materials_Microscopy\data\raw\Dataset\G_Martensite_2\402_G_Martensite_02.png,G_Martensite_2\402_G_Martensite_02.png,402_G_Martensite_02.png,402_G_Martensite_02,.png,96,96,RGB
D:\AI_Materials_Microscopy\data\raw\Dataset\G_Martensite_2\403_G_Martensite_02.png,G_Martensite_2\403_G_Martensite_02.png,403_G_Martensite_02.png,403_G_Martensite_02,.png,96,96,RGB
D:\AI_Materials_Microscopy\data\raw\Dataset\G_Martensite_2\404_G_Martensite_02.png,G_Martensite_2\404_G_Martensite_02.png,404_G_Martensite_02.png,404_G_Martensite_02,.png,96,96,RGB
D:\AI_Materials_Microscopy\data\raw\Dataset\G_Martensite_2\405_G_Martensite_02.png,G_Martensite_2\405_G_Martensite_02.png,405_G_Martensite_02.png,405_G_Martensite_02,.png,96,96,RGB
D:\AI_Materials_Microscopy\data\raw\Dataset\G_Martensite_2\406_G_Martensite_02.png,G_Martensite_2\406_G_Martensite_02.png,406_G_Martensite_02.png,406_G_Martensite_02,.png,96,96,RGB
D:\AI_Materials_Microscopy\data\raw\Dataset\G_Martensite_2\407_G_Martensite_02.png,G_Martensite_2\407_G_Martensite_02.png,407_G_Martensite_02.png,407_G_Martensite_02,.png,96,96,RGB
D:\AI_Materials_Microscopy\data\raw\Dataset\G_Martensite_2\408_G_Martensite_02.png,G_Martensite_2\408_G_Martensite_02.png,408_G_Martensite_02.png,408_G_Martensite_02,.png,256,256,RGB
D:\AI_Materials_Microscopy\data\raw\Dataset\G_Martensite_2\409_G_Martensite_02.png,G_Martensite_2\409_G_Martensite_02.png,409_G_Martensite_02.png,409_G_Martensite_02,.png,256,256,RGB
D:\AI_Materials_Microscopy\data\raw\Dataset\G_Martensite_2\410_G_Martensite_02.png,G_Martensite_2\410_G_Martensite_02.png,410_G_Martensite_02.png,410_G_Martensite_02,.png,256,256,RGB
D:\AI_Materials_Microscopy\data\raw\Dataset\G_Martensite_2\411_G_Martensite_02.png,G_Martensite_2\411_G_Martensite_02.png,411_G_Martensite_02.png,411_G_Martensite_02,.png,256,256,RGB
D:\AI_Materials_Microscopy\data\raw\Dataset\G_Martensite_2\412_G_Martensite_02.png,G_Martensite_2\412_G_Martensite_02.png,412_G_Martensite_02.png,412_G_Martensite_02,.png,256,256,RGB
D:\AI_Materials_Microscopy\data\raw\Dataset\G_Martensite_2\413_G_Martensite_02.png,G_Martensite_2\413_G_Martensite_02.png,413_G_Martensite_02.png,413_G_Martensite_02,.png,256,256,RGB
D:\AI_Materials_Microscopy\data\raw\Dataset\G_Martensite_2\414_G_Martensite_02.png,G_Martensite_2\414_G_Martensite_02.png,414_G_Martensite_02.png,414_G_Martensite_02,.png,256,256,RGB
D:\AI_Materials_Microscopy\data\raw\Dataset\G_Martensite_2\415_G_Martensite_02.png,G_Martensite_2\415_G_Martensite_02.png,415_G_Martensite_02.png,415_G_Martensite_02,.png,256,256,RGB
D:\AI_Materials_Microscopy\data\raw\Dataset\G_Martensite_2\416_G_Martensite_02.png,G_Martensite_2\416_G_Martensite_02.png,416_G_Martensite_02.png,416_G_Martensite_02,.png,256,256,RGB
D:\AI_Materials_Microscopy\data\raw\Dataset\G_Martensite_2\417_G_Martensite_02.png,G_Martensite_2\417_G_Martensite_02.png,417_G_Martensite_02.png,417_G_Martensite_02,.png,256,256,RGB
D:\AI_Materials_Microscopy\data\raw\Dataset\G_Martensite_3\399_G_Martensite_03.png,G_Martensite_3\399_G_Martensite_03.png,399_G_Martensite_03.png,399_G_Martensite_03,.png,96,96,RGB
D:\AI_Materials_Microscopy\data\raw\Dataset\G_Martensite_3\400_G_Martensite_03.png,G_Martensite_3\400_G_Martensite_03.png,400_G_Martensite_03.png,400_G_Martensite_03,.png,96,96,RGB
D:\AI_Materials_Microscopy\data\raw\Dataset\G_Martensite_3\401_G_Martensite_03.png,G_Martensite_3\401_G_Martensite_03.png,401_G_Martensite_03.png,401_G_Martensite_03,.png,96,96,RGB
D:\AI_Materials_Microscopy\data\raw\Dataset\G_Martensite_3\402_G_Martensite_03.png,G_Martensite_3\402_G_Martensite_03.png,402_G_Martensite_03.png,402_G_Martensite_03,.png,96,96,RGB
D:\AI_Materials_Microscopy\data\raw\Dataset\G_Martensite_3\403_G_Martensite_03.png,G_Martensite_3\403_G_Martensite_03.png,403_G_Martensite_03.png,403_G_Martensite_03,.png,96,96,RGB
D:\AI_Materials_Microscopy\data\raw\Dataset\G_Martensite_3\404_G_Martensite_03.png,G_Martensite_3\404_G_Martensite_03.png,404_G_Martensite_03.png,404_G_Martensite_03,.png,96,96,RGB
D:\AI_Materials_Microscopy\data\raw\Dataset\G_Martensite_3\405_G_Martensite_03.png,G_Martensite_3\405_G_Martensite_03.png,405_G_Martensite_03.png,405_G_Martensite_03,.png,96,96,RGB
D:\AI_Materials_Microscopy\data\raw\Dataset\G_Martensite_3\406_G_Martensite_03.png,G_Martensite_3\406_G_Martensite_03.png,406_G_Martensite_03.png,406_G_Martensite_03,.png,96,96,RGB
D:\AI_Materials_Microscopy\data\raw\Dataset\G_Martensite_3\407_G_Martensite_03.png,G_Martensite_3\407_G_Martensite_03.png,407_G_Martensite_03.png,407_G_Martensite_03,.png,96,96,RGB
D:\AI_Materials_Microscopy\data\raw\Dataset\G_Martensite_3\408_G_Martensite_03.png,G_Martensite_3\408_G_Martensite_03.png,408_G_Martensite_03.png,408_G_Martensite_03,.png,256,256,RGB
D:\AI_Materials_Microscopy\data\raw\Dataset\G_Martensite_3\409_G_Martensite_03.png,G_Martensite_3\409_G_Martensite_03.png,409_G_Martensite_03.png,409_G_Martensite_03,.png,256,256,RGB
D:\AI_Materials_Microscopy\data\raw\Dataset\G_Martensite_3\410_G_Martensite_03.png,G_Martensite_3\410_G_Martensite_03.png,410_G_Martensite_03.png,410_G_Martensite_03,.png,256,256,RGB
D:\AI_Materials_Microscopy\data\raw\Dataset\G_Martensite_3\411_G_Martensite_03.png,G_Martensite_3\411_G_Martensite_03.png,411_G_Martensite_03.png,411_G_Martensite_03,.png,256,256,RGB
D:\AI_Materials_Microscopy\data\raw\Dataset\G_Martensite_3\412_G_Martensite_03.png,G_Martensite_3\412_G_Martensite_03.png,412_G_Martensite_03.png,412_G_Martensite_03,.png,256,256,RGB
D:\AI_Materials_Microscopy\data\raw\Dataset\G_Martensite_3\413_G_Martensite_03.png,G_Martensite_3\413_G_Martensite_03.png,413_G_Martensite_03.png,413_G_Martensite_03,.png,256,256,RGB
D:\AI_Materials_Microscopy\data\raw\Dataset\G_Martensite_3\414_G_Martensite_03.png,G_Martensite_3\414_G_Martensite_03.png,414_G_Martensite_03.png,414_G_Martensite_03,.png,256,256,RGB
D:\AI_Materials_Microscopy\data\raw\Dataset\G_Martensite_3\415_G_Martensite_03.png,G_Martensite_3\415_G_Martensite_03.png,415_G_Martensite_03.png,415_G_Martensite_03,.png,256,256,RGB
D:\AI_Materials_Microscopy\data\raw\Dataset\G_Martensite_3\416_G_Martensite_03.png,G_Martensite_3\416_G_Martensite_03.png,416_G_Martensite_03.png,416_G_Martensite_03,.png,256,256,RGB
D:\AI_Materials_Microscopy\data\raw\Dataset\G_Martensite_3\417_G_Martensite_03.png,G_Martensite_3\417_G_Martensite_03.png,417_G_Martensite_03.png,417_G_Martensite_03,.png,256,256,RGB
D:\AI_Materials_Microscopy\data\raw\Dataset\G_Martensite_4\399_G_Martensite_04.png,G_Martensite_4\399_G_Martensite_04.png,399_G_Martensite_04.png,399_G_Martensite_04,.png,96,96,RGB
D:\AI_Materials_Microscopy\data\raw\Dataset\G_Martensite_4\400_G_Martensite_04.png,G_Martensite_4\400_G_Martensite_04.png,400_G_Martensite_04.png,400_G_Martensite_04,.png,96,96,RGB
D:\AI_Materials_Microscopy\data\raw\Dataset\G_Martensite_4\401_G_Martensite_04.png,G_Martensite_4\401_G_Martensite_04.png,401_G_Martensite_04.png,401_G_Martensite_04,.png,96,96,RGB
D:\AI_Materials_Microscopy\data\raw\Dataset\G_Martensite_4\402_G_Martensite_04.png,G_Martensite_4\402_G_Martensite_04.png,402_G_Martensite_04.png,402_G_Martensite_04,.png,96,96,RGB
D:\AI_Materials_Microscopy\data\raw\Dataset\G_Martensite_4\403_G_Martensite_04.png,G_Martensite_4\403_G_Martensite_04.png,403_G_Martensite_04.png,403_G_Martensite_04,.png,96,96,RGB
D:\AI_Materials_Microscopy\data\raw\Dataset\G_Martensite_4\404_G_Martensite_04.png,G_Martensite_4\404_G_Martensite_04.png,404_G_Martensite_04.png,404_G_Martensite_04,.png,96,96,RGB
D:\AI_Materials_Microscopy\data\raw\Dataset\G_Martensite_4\405_G_Martensite_04.png,G_Martensite_4\405_G_Martensite_04.png,405_G_Martensite_04.png,405_G_Martensite_04,.png,96,96,RGB
D:\AI_Materials_Microscopy\data\raw\Dataset\G_Martensite_4\406_G_Martensite_04.png,G_Martensite_4\406_G_Martensite_04.png,406_G_Martensite_04.png,406_G_Martensite_04,.png,96,96,RGB
D:\AI_Materials_Microscopy\data\raw\Dataset\G_Martensite_4\407_G_Martensite_04.png,G_Martensite_4\407_G_Martensite_04.png,407_G_Martensite_04.png,407_G_Martensite_04,.png,96,96,RGB
D:\AI_Materials_Microscopy\data\raw\Dataset\G_Martensite_4\408_G_Martensite_04.png,G_Martensite_4\408_G_Martensite_04.png,408_G_Martensite_04.png,408_G_Martensite_04,.png,256,256,RGB
D:\AI_Materials_Microscopy\data\raw\Dataset\G_Martensite_4\409_G_Martensite_04.png,G_Martensite_4\409_G_Martensite_04.png,409_G_Martensite_04.png,409_G_Martensite_04,.png,256,256,RGB
D:\AI_Materials_Microscopy\data\raw\Dataset\G_Martensite_4\410_G_Martensite_04.png,G_Martensite_4\410_G_Martensite_04.png,410_G_Martensite_04.png,410_G_Martensite_04,.png,256,256,RGB
D:\AI_Materials_Microscopy\data\raw\Dataset\G_Martensite_4\411_G_Martensite_04.png,G_Martensite_4\411_G_Martensite_04.png,411_G_Martensite_04.png,411_G_Martensite_04,.png,256,256,RGB
D:\AI_Materials_Microscopy\data\raw\Dataset\G_Martensite_4\412_G_Martensite_04.png,G_Martensite_4\412_G_Martensite_04.png,412_G_Martensite_04.png,412_G_Martensite_04,.png,256,256,RGB
D:\AI_Materials_Microscopy\data\raw\Dataset\G_Martensite_4\413_G_Martensite_04.png,G_Martensite_4\413_G_Martensite_04.png,413_G_Martensite_04.png,413_G_Martensite_04,.png,256,256,RGB
D:\AI_Materials_Microscopy\data\raw\Dataset\G_Martensite_4\414_G_Martensite_04.png,G_Martensite_4\414_G_Martensite_04.png,414_G_Martensite_04.png,414_G_Martensite_04,.png,256,256,RGB
D:\AI_Materials_Microscopy\data\raw\Dataset\G_Martensite_4\415_G_Martensite_04.png,G_Martensite_4\415_G_Martensite_04.png,415_G_Martensite_04.png,415_G_Martensite_04,.png,256,256,RGB
D:\AI_Materials_Microscopy\data\raw\Dataset\G_Martensite_4\416_G_Martensite_04.png,G_Martensite_4\416_G_Martensite_04.png,416_G_Martensite_04.png,416_G_Martensite_04,.png,256,256,RGB
D:\AI_Materials_Microscopy\data\raw\Dataset\G_Martensite_4\417_G_Martensite_04.png,G_Martensite_4\417_G_Martensite_04.png,417_G_Martensite_04.png,417_G_Martensite_04,.png,256,256,RGB
D:\AI_Materials_Microscopy\data\raw\Dataset\G_Martensite_5\399_G_Martensite_05.png,G_Martensite_5\399_G_Martensite_05.png,399_G_Martensite_05.png,399_G_Martensite_05,.png,96,96,RGB
D:\AI_Materials_Microscopy\data\raw\Dataset\G_Martensite_5\400_G_Martensite_05.png,G_Martensite_5\400_G_Martensite_05.png,400_G_Martensite_05.png,400_G_Martensite_05,.png,96,96,RGB
D:\AI_Materials_Microscopy\data\raw\Dataset\G_Martensite_5\401_G_Martensite_05.png,G_Martensite_5\401_G_Martensite_05.png,401_G_Martensite_05.png,401_G_Martensite_05,.png,96,96,RGB
D:\AI_Materials_Microscopy\data\raw\Dataset\G_Martensite_5\402_G_Martensite_05.png,G_Martensite_5\402_G_Martensite_05.png,402_G_Martensite_05.png,402_G_Martensite_05,.png,96,96,RGB
D:\AI_Materials_Microscopy\data\raw\Dataset\G_Martensite_5\403_G_Martensite_05.png,G_Martensite_5\403_G_Martensite_05.png,403_G_Martensite_05.png,403_G_Martensite_05,.png,96,96,RGB
D:\AI_Materials_Microscopy\data\raw\Dataset\G_Martensite_5\404_G_Martensite_05.png,G_Martensite_5\404_G_Martensite_05.png,404_G_Martensite_05.png,404_G_Martensite_05,.png,96,96,RGB
D:\AI_Materials_Microscopy\data\raw\Dataset\G_Martensite_5\405_G_Martensite_05.png,G_Martensite_5\405_G_Martensite_05.png,405_G_Martensite_05.png,405_G_Martensite_05,.png,96,96,RGB
D:\AI_Materials_Microscopy\data\raw\Dataset\G_Martensite_5\406_G_Martensite_05.png,G_Martensite_5\406_G_Martensite_05.png,406_G_Martensite_05.png,406_G_Martensite_05,.png,96,96,RGB
D:\AI_Materials_Microscopy\data\raw\Dataset\G_Martensite_5\407_G_Martensite_05.png,G_Martensite_5\407_G_Martensite_05.png,407_G_Martensite_05.png,407_G_Martensite_05,.png,96,96,RGB
D:\AI_Materials_Microscopy\data\raw\Dataset\G_Martensite_5\408_G_Martensite_05.png,G_Martensite_5\408_G_Martensite_05.png,408_G_Martensite_05.png,408_G_Martensite_05,.png,256,256,RGB
D:\AI_Materials_Microscopy\data\raw\Dataset\G_Martensite_5\409_G_Martensite_05.png,G_Martensite_5\409_G_Martensite_05.png,409_G_Martensite_05.png,409_G_Martensite_05,.png,256,256,RGB
D:\AI_Materials_Microscopy\data\raw\Dataset\G_Martensite_5\410_G_Martensite_05.png,G_Martensite_5\410_G_Martensite_05.png,410_G_Martensite_05.png,410_G_Martensite_05,.png,256,256,RGB
D:\AI_Materials_Microscopy\data\raw\Dataset\G_Martensite_5\411_G_Martensite_05.png,G_Martensite_5\411_G_Martensite_05.png,411_G_Martensite_05.png,411_G_Martensite_05,.png,256,256,RGB
D:\AI_Materials_Microscopy\data\raw\Dataset\G_Martensite_5\412_G_Martensite_05.png,G_Martensite_5\412_G_Martensite_05.png,412_G_Martensite_05.png,412_G_Martensite_05,.png,256,256,RGB
D:\AI_Materials_Microscopy\data\raw\Dataset\G_Martensite_5\413_G_Martensite_05.png,G_Martensite_5\413_G_Martensite_05.png,413_G_Martensite_05.png,413_G_Martensite_05,.png,256,256,RGB
D:\AI_Materials_Microscopy\data\raw\Dataset\G_Martensite_5\414_G_Martensite_05.png,G_Martensite_5\414_G_Martensite_05.png,414_G_Martensite_05.png,414_G_Martensite_05,.png,256,256,RGB
D:\AI_Materials_Microscopy\data\raw\Dataset\G_Martensite_5\415_G_Martensite_05.png,G_Martensite_5\415_G_Martensite_05.png,415_G_Martensite_05.png,415_G_Martensite_05,.png,256,256,RGB
D:\AI_Materials_Microscopy\data\raw\Dataset\G_Martensite_5\416_G_Martensite_05.png,G_Martensite_5\416_G_Martensite_05.png,416_G_Martensite_05.png,416_G_Martensite_05,.png,256,256,RGB
D:\AI_Materials_Microscopy\data\raw\Dataset\G_Martensite_5\417_G_Martensite_05.png,G_Martensite_5\417_G_Martensite_05.png,417_G_Martensite_05.png,417_G_Martensite_05,.png,256,256,RGB
D:\AI_Materials_Microscopy\data\raw\Dataset\G_Martensite_6\399_G_Martensite_06.png,G_Martensite_6\399_G_Martensite_06.png,399_G_Martensite_06.png,399_G_Martensite_06,.png,96,96,RGB
D:\AI_Materials_Microscopy\data\raw\Dataset\G_Martensite_6\400_G_Martensite_06.png,G_Martensite_6\400_G_Martensite_06.png,400_G_Martensite_06.png,400_G_Martensite_06,.png,96,96,RGB
D:\AI_Materials_Microscopy\data\raw\Dataset\G_Martensite_6\401_G_Martensite_06.png,G_Martensite_6\401_G_Martensite_06.png,401_G_Martensite_06.png,401_G_Martensite_06,.png,96,96,RGB
D:\AI_Materials_Microscopy\data\raw\Dataset\G_Martensite_6\402_G_Martensite_06.png,G_Martensite_6\402_G_Martensite_06.png,402_G_Martensite_06.png,402_G_Martensite_06,.png,96,96,RGB
D:\AI_Materials_Microscopy\data\raw\Dataset\G_Martensite_6\403_G_Martensite_06.png,G_Martensite_6\403_G_Martensite_06.png,403_G_Martensite_06.png,403_G_Martensite_06,.png,96,96,RGB
D:\AI_Materials_Microscopy\data\raw\Dataset\G_Martensite_6\404_G_Martensite_06.png,G_Martensite_6\404_G_Martensite_06.png,404_G_Martensite_06.png,404_G_Martensite_06,.png,96,96,RGB
D:\AI_Materials_Microscopy\data\raw\Dataset\G_Martensite_6\405_G_Martensite_06.png,G_Martensite_6\405_G_Martensite_06.png,405_G_Martensite_06.png,405_G_Martensite_06,.png,96,96,RGB
D:\AI_Materials_Microscopy\data\raw\Dataset\G_Martensite_6\406_G_Martensite_06.png,G_Martensite_6\406_G_Martensite_06.png,406_G_Martensite_06.png,406_G_Martensite_06,.png,96,96,RGB
D:\AI_Materials_Microscopy\data\raw\Dataset\G_Martensite_6\407_G_Martensite_06.png,G_Martensite_6\407_G_Martensite_06.png,407_G_Martensite_06.png,407_G_Martensite_06,.png,96,96,RGB
D:\AI_Materials_Microscopy\data\raw\Dataset\G_Martensite_6\408_G_Martensite_06.png,G_Martensite_6\408_G_Martensite_06.png,408_G_Martensite_06.png,408_G_Martensite_06,.png,256,256,RGB
D:\AI_Materials_Microscopy\data\raw\Dataset\G_Martensite_6\409_G_Martensite_06.png,G_Martensite_6\409_G_Martensite_06.png,409_G_Martensite_06.png,409_G_Martensite_06,.png,256,256,RGB
D:\AI_Materials_Microscopy\data\raw\Dataset\G_Martensite_6\410_G_Martensite_06.png,G_Martensite_6\410_G_Martensite_06.png,410_G_Martensite_06.png,410_G_Martensite_06,.png,256,256,RGB
D:\AI_Materials_Microscopy\data\raw\Dataset\G_Martensite_6\411_G_Martensite_06.png,G_Martensite_6\411_G_Martensite_06.png,411_G_Martensite_06.png,411_G_Martensite_06,.png,256,256,RGB
D:\AI_Materials_Microscopy\data\raw\Dataset\G_Martensite_6\412_G_Martensite_06.png,G_Martensite_6\412_G_Martensite_06.png,412_G_Martensite_06.png,412_G_Martensite_06,.png,256,256,RGB
D:\AI_Materials_Microscopy\data\raw\Dataset\G_Martensite_6\413_G_Martensite_06.png,G_Martensite_6\413_G_Martensite_06.png,413_G_Martensite_06.png,413_G_Martensite_06,.png,256,256,RGB
D:\AI_Materials_Microscopy\data\raw\Dataset\G_Martensite_6\414_G_Martensite_06.png,G_Martensite_6\414_G_Martensite_06.png,414_G_Martensite_06.png,414_G_Martensite_06,.png,256,256,RGB
D:\AI_Materials_Microscopy\data\raw\Dataset\G_Martensite_6\415_G_Martensite_06.png,G_Martensite_6\415_G_Martensite_06.png,415_G_Martensite_06.png,415_G_Martensite_06,.png,256,256,RGB
D:\AI_Materials_Microscopy\data\raw\Dataset\G_Martensite_6\416_G_Martensite_06.png,G_Martensite_6\416_G_Martensite_06.png,416_G_Martensite_06.png,416_G_Martensite_06,.png,256,256,RGB
D:\AI_Materials_Microscopy\data\raw\Dataset\G_Martensite_6\417_G_Martensite_06.png,G_Martensite_6\417_G_Martensite_06.png,417_G_Martensite_06.png,417_G_Martensite_06,.png,256,256,RGB
D:\AI_Materials_Microscopy\data\raw\Dataset\G_Martensite_7\399_G_Martensite_07.png,G_Martensite_7\399_G_Martensite_07.png,399_G_Martensite_07.png,399_G_Martensite_07,.png,96,96,RGB
D:\AI_Materials_Microscopy\data\raw\Dataset\G_Martensite_7\400_G_Martensite_07.png,G_Martensite_7\400_G_Martensite_07.png,400_G_Martensite_07.png,400_G_Martensite_07,.png,96,96,RGB
D:\AI_Materials_Microscopy\data\raw\Dataset\G_Martensite_7\401_G_Martensite_07.png,G_Martensite_7\401_G_Martensite_07.png,401_G_Martensite_07.png,401_G_Martensite_07,.png,96,96,RGB
D:\AI_Materials_Microscopy\data\raw\Dataset\G_Martensite_7\402_G_Martensite_07.png,G_Martensite_7\402_G_Martensite_07.png,402_G_Martensite_07.png,402_G_Martensite_07,.png,96,96,RGB
D:\AI_Materials_Microscopy\data\raw\Dataset\G_Martensite_7\403_G_Martensite_07.png,G_Martensite_7\403_G_Martensite_07.png,403_G_Martensite_07.png,403_G_Martensite_07,.png,96,96,RGB
D:\AI_Materials_Microscopy\data\raw\Dataset\G_Martensite_7\404_G_Martensite_07.png,G_Martensite_7\404_G_Martensite_07.png,404_G_Martensite_07.png,404_G_Martensite_07,.png,96,96,RGB
D:\AI_Materials_Microscopy\data\raw\Dataset\G_Martensite_7\405_G_Martensite_07.png,G_Martensite_7\405_G_Martensite_07.png,405_G_Martensite_07.png,405_G_Martensite_07,.png,96,96,RGB
D:\AI_Materials_Microscopy\data\raw\Dataset\G_Martensite_7\406_G_Martensite_07.png,G_Martensite_7\406_G_Martensite_07.png,406_G_Martensite_07.png,406_G_Martensite_07,.png,96,96,RGB
D:\AI_Materials_Microscopy\data\raw\Dataset\G_Martensite_7\407_G_Martensite_07.png,G_Martensite_7\407_G_Martensite_07.png,407_G_Martensite_07.png,407_G_Martensite_07,.png,96,96,RGB
D:\AI_Materials_Microscopy\data\raw\Dataset\G_Martensite_7\408_G_Martensite_07.png,G_Martensite_7\408_G_Martensite_07.png,408_G_Martensite_07.png,408_G_Martensite_07,.png,256,256,RGB
D:\AI_Materials_Microscopy\data\raw\Dataset\G_Martensite_7\409_G_Martensite_07.png,G_Martensite_7\409_G_Martensite_07.png,409_G_Martensite_07.png,409_G_Martensite_07,.png,256,256,RGB
D:\AI_Materials_Microscopy\data\raw\Dataset\G_Martensite_7\410_G_Martensite_07.png,G_Martensite_7\410_G_Martensite_07.png,410_G_Martensite_07.png,410_G_Martensite_07,.png,256,256,RGB
D:\AI_Materials_Microscopy\data\raw\Dataset\G_Martensite_7\411_G_Martensite_07.png,G_Martensite_7\411_G_Martensite_07.png,411_G_Martensite_07.png,411_G_Martensite_07,.png,256,256,RGB
D:\AI_Materials_Microscopy\data\raw\Dataset\G_Martensite_7\412_G_Martensite_07.png,G_Martensite_7\412_G_Martensite_07.png,412_G_Martensite_07.png,412_G_Martensite_07,.png,256,256,RGB
D:\AI_Materials_Microscopy\data\raw\Dataset\G_Martensite_7\413_G_Martensite_07.png,G_Martensite_7\413_G_Martensite_07.png,413_G_Martensite_07.png,413_G_Martensite_07,.png,256,256,RGB
D:\AI_Materials_Microscopy\data\raw\Dataset\G_Martensite_7\414_G_Martensite_07.png,G_Martensite_7\414_G_Martensite_07.png,414_G_Martensite_07.png,414_G_Martensite_07,.png,256,256,RGB
D:\AI_Materials_Microscopy\data\raw\Dataset\G_Martensite_7\415_G_Martensite_07.png,G_Martensite_7\415_G_Martensite_07.png,415_G_Martensite_07.png,415_G_Martensite_07,.png,256,256,RGB
D:\AI_Materials_Microscopy\data\raw\Dataset\G_Martensite_7\416_G_Martensite_07.png,G_Martensite_7\416_G_Martensite_07.png,416_G_Martensite_07.png,416_G_Martensite_07,.png,256,256,RGB
D:\AI_Materials_Microscopy\data\raw\Dataset\G_Martensite_7\417_G_Martensite_07.png,G_Martensite_7\417_G_Martensite_07.png,417_G_Martensite_07.png,417_G_Martensite_07,.png,256,256,RGB
D:\AI_Materials_Microscopy\data\raw\Dataset\G_Martensite_8\399_G_Martensite_08.png,G_Martensite_8\399_G_Martensite_08.png,399_G_Martensite_08.png,399_G_Martensite_08,.png,96,96,RGB
D:\AI_Materials_Microscopy\data\raw\Dataset\G_Martensite_8\400_G_Martensite_08.png,G_Martensite_8\400_G_Martensite_08.png,400_G_Martensite_08.png,400_G_Martensite_08,.png,96,96,RGB
D:\AI_Materials_Microscopy\data\raw\Dataset\G_Martensite_8\401_G_Martensite_08.png,G_Martensite_8\401_G_Martensite_08.png,401_G_Martensite_08.png,401_G_Martensite_08,.png,96,96,RGB
D:\AI_Materials_Microscopy\data\raw\Dataset\G_Martensite_8\402_G_Martensite_08.png,G_Martensite_8\402_G_Martensite_08.png,402_G_Martensite_08.png,402_G_Martensite_08,.png,96,96,RGB
D:\AI_Materials_Microscopy\data\raw\Dataset\G_Martensite_8\403_G_Martensite_08.png,G_Martensite_8\403_G_Martensite_08.png,403_G_Martensite_08.png,403_G_Martensite_08,.png,96,96,RGB
D:\AI_Materials_Microscopy\data\raw\Dataset\G_Martensite_8\404_G_Martensite_08.png,G_Martensite_8\404_G_Martensite_08.png,404_G_Martensite_08.png,404_G_Martensite_08,.png,96,96,RGB
D:\AI_Materials_Microscopy\data\raw\Dataset\G_Martensite_8\405_G_Martensite_08.png,G_Martensite_8\405_G_Martensite_08.png,405_G_Martensite_08.png,405_G_Martensite_08,.png,96,96,RGB
D:\AI_Materials_Microscopy\data\raw\Dataset\G_Martensite_8\406_G_Martensite_08.png,G_Martensite_8\406_G_Martensite_08.png,406_G_Martensite_08.png,406_G_Martensite_08,.png,96,96,RGB
D:\AI_Materials_Microscopy\data\raw\Dataset\G_Martensite_8\407_G_Martensite_08.png,G_Martensite_8\407_G_Martensite_08.png,407_G_Martensite_08.png,407_G_Martensite_08,.png,96,96,RGB
D:\AI_Materials_Microscopy\data\raw\Dataset\G_Martensite_8\408_G_Martensite_08.png,G_Martensite_8\408_G_Martensite_08.png,408_G_Martensite_08.png,408_G_Martensite_08,.png,256,256,RGB
D:\AI_Materials_Microscopy\data\raw\Dataset\G_Martensite_8\409_G_Martensite_08.png,G_Martensite_8\409_G_Martensite_08.png,409_G_Martensite_08.png,409_G_Martensite_08,.png,256,256,RGB
D:\AI_Materials_Microscopy\data\raw\Dataset\G_Martensite_8\410_G_Martensite_08.png,G_Martensite_8\410_G_Martensite_08.png,410_G_Martensite_08.png,410_G_Martensite_08,.png,256,256,RGB
D:\AI_Materials_Microscopy\data\raw\Dataset\G_Martensite_8\411_G_Martensite_08.png,G_Martensite_8\411_G_Martensite_08.png,411_G_Martensite_08.png,411_G_Martensite_08,.png,256,256,RGB
D:\AI_Materials_Microscopy\data\raw\Dataset\G_Martensite_8\412_G_Martensite_08.png,G_Martensite_8\412_G_Martensite_08.png,412_G_Martensite_08.png,412_G_Martensite_08,.png,256,256,RGB
D:\AI_Materials_Microscopy\data\raw\Dataset\G_Martensite_8\413_G_Martensite_08.png,G_Martensite_8\413_G_Martensite_08.png,413_G_Martensite_08.png,413_G_Martensite_08,.png,256,256,RGB
D:\AI_Materials_Microscopy\data\raw\Dataset\G_Martensite_8\414_G_Martensite_08.png,G_Martensite_8\414_G_Martensite_08.png,414_G_Martensite_08.png,414_G_Martensite_08,.png,256,256,RGB
D:\AI_Materials_Microscopy\data\raw\Dataset\G_Martensite_8\415_G_Martensite_08.png,G_Martensite_8\415_G_Martensite_08.png,415_G_Martensite_08.png,415_G_Martensite_08,.png,256,256,RGB
D:\AI_Materials_Microscopy\data\raw\Dataset\G_Martensite_8\416_G_Martensite_08.png,G_Martensite_8\416_G_Martensite_08.png,416_G_Martensite_08.png,416_G_Martensite_08,.png,256,256,RGB
D:\AI_Materials_Microscopy\data\raw\Dataset\G_Martensite_8\417_G_Martensite_08.png,G_Martensite_8\417_G_Martensite_08.png,417_G_Martensite_08.png,417_G_Martensite_08,.png,256,256,RGB
D:\AI_Materials_Microscopy\data\raw\Dataset\G_Martensite_9\399_G_Martensite_09.png,G_Martensite_9\399_G_Martensite_09.png,399_G_Martensite_09.png,399_G_Martensite_09,.png,96,96,RGB
D:\AI_Materials_Microscopy\data\raw\Dataset\G_Martensite_9\400_G_Martensite_09.png,G_Martensite_9\400_G_Martensite_09.png,400_G_Martensite_09.png,400_G_Martensite_09,.png,96,96,RGB
D:\AI_Materials_Microscopy\data\raw\Dataset\G_Martensite_9\401_G_Martensite_09.png,G_Martensite_9\401_G_Martensite_09.png,401_G_Martensite_09.png,401_G_Martensite_09,.png,96,96,RGB
D:\AI_Materials_Microscopy\data\raw\Dataset\G_Martensite_9\402_G_Martensite_09.png,G_Martensite_9\402_G_Martensite_09.png,402_G_Martensite_09.png,402_G_Martensite_09,.png,96,96,RGB
D:\AI_Materials_Microscopy\data\raw\Dataset\G_Martensite_9\403_G_Martensite_09.png,G_Martensite_9\403_G_Martensite_09.png,403_G_Martensite_09.png,403_G_Martensite_09,.png,96,96,RGB
D:\AI_Materials_Microscopy\data\raw\Dataset\G_Martensite_9\404_G_Martensite_09.png,G_Martensite_9\404_G_Martensite_09.png,404_G_Martensite_09.png,404_G_Martensite_09,.png,96,96,RGB
D:\AI_Materials_Microscopy\data\raw\Dataset\G_Martensite_9\405_G_Martensite_09.png,G_Martensite_9\405_G_Martensite_09.png,405_G_Martensite_09.png,405_G_Martensite_09,.png,96,96,RGB
D:\AI_Materials_Microscopy\data\raw\Dataset\G_Martensite_9\406_G_Martensite_09.png,G_Martensite_9\406_G_Martensite_09.png,406_G_Martensite_09.png,406_G_Martensite_09,.png,96,96,RGB
D:\AI_Materials_Microscopy\data\raw\Dataset\G_Martensite_9\407_G_Martensite_09.png,G_Martensite_9\407_G_Martensite_09.png,407_G_Martensite_09.png,407_G_Martensite_09,.png,96,96,RGB
D:\AI_Materials_Microscopy\data\raw\Dataset\G_Martensite_9\408_G_Martensite_09.png,G_Martensite_9\408_G_Martensite_09.png,408_G_Martensite_09.png,408_G_Martensite_09,.png,256,256,RGB
D:\AI_Materials_Microscopy\data\raw\Dataset\G_Martensite_9\409_G_Martensite_09.png,G_Martensite_9\409_G_Martensite_09.png,409_G_Martensite_09.png,409_G_Martensite_09,.png,256,256,RGB
D:\AI_Materials_Microscopy\data\raw\Dataset\G_Martensite_9\410_G_Martensite_09.png,G_Martensite_9\410_G_Martensite_09.png,410_G_Martensite_09.png,410_G_Martensite_09,.png,256,256,RGB
D:\AI_Materials_Microscopy\data\raw\Dataset\G_Martensite_9\411_G_Martensite_09.png,G_Martensite_9\411_G_Martensite_09.png,411_G_Martensite_09.png,411_G_Martensite_09,.png,256,256,RGB
D:\AI_Materials_Microscopy\data\raw\Dataset\G_Martensite_9\412_G_Martensite_09.png,G_Martensite_9\412_G_Martensite_09.png,412_G_Martensite_09.png,412_G_Martensite_09,.png,256,256,RGB
D:\AI_Materials_Microscopy\data\raw\Dataset\G_Martensite_9\413_G_Martensite_09.png,G_Martensite_9\413_G_Martensite_09.png,413_G_Martensite_09.png,413_G_Martensite_09,.png,256,256,RGB
D:\AI_Materials_Microscopy\data\raw\Dataset\G_Martensite_9\414_G_Martensite_09.png,G_Martensite_9\414_G_Martensite_09.png,414_G_Martensite_09.png,414_G_Martensite_09,.png,256,256,RGB
D:\AI_Materials_Microscopy\data\raw\Dataset\G_Martensite_9\415_G_Martensite_09.png,G_Martensite_9\415_G_Martensite_09.png,415_G_Martensite_09.png,415_G_Martensite_09,.png,256,256,RGB
D:\AI_Materials_Microscopy\data\raw\Dataset\G_Martensite_9\416_G_Martensite_09.png,G_Martensite_9\416_G_Martensite_09.png,416_G_Martensite_09.png,416_G_Martensite_09,.png,256,256,RGB
D:\AI_Materials_Microscopy\data\raw\Dataset\G_Martensite_9\417_G_Martensite_09.png,G_Martensite_9\417_G_Martensite_09.png,417_G_Martensite_09.png,417_G_Martensite_09,.png,256,256,RGB
D:\AI_Materials_Microscopy\data\raw\Dataset\H_Martensite_1\418_H_Martensite_01.png,H_Martensite_1\418_H_Martensite_01.png,418_H_Martensite_01.png,418_H_Martensite_01,.png,96,96,RGB
D:\AI_Materials_Microscopy\data\raw\Dataset\H_Martensite_1\419_H_Martensite_01.png,H_Martensite_1\419_H_Martensite_01.png,419_H_Martensite_01.png,419_H_Martensite_01,.png,96,96,RGB
D:\AI_Materials_Microscopy\data\raw\Dataset\H_Martensite_1\420_H_Martensite_01.png,H_Martensite_1\420_H_Martensite_01.png,420_H_Martensite_01.png,420_H_Martensite_01,.png,96,96,RGB
D:\AI_Materials_Microscopy\data\raw\Dataset\H_Martensite_1\421_H_Martensite_01.png,H_Martensite_1\421_H_Martensite_01.png,421_H_Martensite_01.png,421_H_Martensite_01,.png,96,96,RGB
D:\AI_Materials_Microscopy\data\raw\Dataset\H_Martensite_1\422_H_Martensite_01.png,H_Martensite_1\422_H_Martensite_01.png,422_H_Martensite_01.png,422_H_Martensite_01,.png,96,96,RGB
D:\AI_Materials_Microscopy\data\raw\Dataset\H_Martensite_1\423_H_Martensite_01.png,H_Martensite_1\423_H_Martensite_01.png,423_H_Martensite_01.png,423_H_Martensite_01,.png,96,96,RGB
D:\AI_Materials_Microscopy\data\raw\Dataset\H_Martensite_1\424_H_Martensite_01.png,H_Martensite_1\424_H_Martensite_01.png,424_H_Martensite_01.png,424_H_Martensite_01,.png,96,96,RGB
D:\AI_Materials_Microscopy\data\raw\Dataset\H_Martensite_1\425_H_Martensite_01.png,H_Martensite_1\425_H_Martensite_01.png,425_H_Martensite_01.png,425_H_Martensite_01,.png,96,96,RGB
D:\AI_Materials_Microscopy\data\raw\Dataset\H_Martensite_1\426_H_Martensite_01.png,H_Martensite_1\426_H_Martensite_01.png,426_H_Martensite_01.png,426_H_Martensite_01,.png,96,96,RGB
D:\AI_Materials_Microscopy\data\raw\Dataset\H_Martensite_1\427_H_Martensite_01.png,H_Martensite_1\427_H_Martensite_01.png,427_H_Martensite_01.png,427_H_Martensite_01,.png,256,256,RGB
D:\AI_Materials_Microscopy\data\raw\Dataset\H_Martensite_1\428_H_Martensite_01.png,H_Martensite_1\428_H_Martensite_01.png,428_H_Martensite_01.png,428_H_Martensite_01,.png,256,256,RGB
D:\AI_Materials_Microscopy\data\raw\Dataset\H_Martensite_1\429_H_Martensite_01.png,H_Martensite_1\429_H_Martensite_01.png,429_H_Martensite_01.png,429_H_Martensite_01,.png,256,256,RGB
D:\AI_Materials_Microscopy\data\raw\Dataset\H_Martensite_1\430_H_Martensite_01.png,H_Martensite_1\430_H_Martensite_01.png,430_H_Martensite_01.png,430_H_Martensite_01,.png,256,256,RGB
D:\AI_Materials_Microscopy\data\raw\Dataset\H_Martensite_1\431_H_Martensite_01.png,H_Martensite_1\431_H_Martensite_01.png,431_H_Martensite_01.png,431_H_Martensite_01,.png,256,256,RGB
D:\AI_Materials_Microscopy\data\raw\Dataset\H_Martensite_1\432_H_Martensite_01.png,H_Martensite_1\432_H_Martensite_01.png,432_H_Martensite_01.png,432_H_Martensite_01,.png,256,256,RGB
D:\AI_Materials_Microscopy\data\raw\Dataset\H_Martensite_1\433_H_Martensite_01.png,H_Martensite_1\433_H_Martensite_01.png,433_H_Martensite_01.png,433_H_Martensite_01,.png,256,256,RGB
D:\AI_Materials_Microscopy\data\raw\Dataset\H_Martensite_1\434_H_Martensite_01.png,H_Martensite_1\434_H_Martensite_01.png,434_H_Martensite_01.png,434_H_Martensite_01,.png,256,256,RGB
D:\AI_Materials_Microscopy\data\raw\Dataset\H_Martensite_1\435_H_Martensite_01.png,H_Martensite_1\435_H_Martensite_01.png,435_H_Martensite_01.png,435_H_Martensite_01,.png,256,256,RGB
D:\AI_Materials_Microscopy\data\raw\Dataset\H_Martensite_1\436_H_Martensite_01.png,H_Martensite_1\436_H_Martensite_01.png,436_H_Martensite_01.png,436_H_Martensite_01,.png,256,256,RGB
D:\AI_Materials_Microscopy\data\raw\Dataset\H_Martensite_10\418_H_Martensite_10.png,H_Martensite_10\418_H_Martensite_10.png,418_H_Martensite_10.png,418_H_Martensite_10,.png,96,96,RGB
D:\AI_Materials_Microscopy\data\raw\Dataset\H_Martensite_10\419_H_Martensite_10.png,H_Martensite_10\419_H_Martensite_10.png,419_H_Martensite_10.png,419_H_Martensite_10,.png,96,96,RGB
D:\AI_Materials_Microscopy\data\raw\Dataset\H_Martensite_10\420_H_Martensite_10.png,H_Martensite_10\420_H_Martensite_10.png,420_H_Martensite_10.png,420_H_Martensite_10,.png,96,96,RGB
D:\AI_Materials_Microscopy\data\raw\Dataset\H_Martensite_10\421_H_Martensite_10.png,H_Martensite_10\421_H_Martensite_10.png,421_H_Martensite_10.png,421_H_Martensite_10,.png,96,96,RGB
D:\AI_Materials_Microscopy\data\raw\Dataset\H_Martensite_10\422_H_Martensite_10.png,H_Martensite_10\422_H_Martensite_10.png,422_H_Martensite_10.png,422_H_Martensite_10,.png,96,96,RGB
D:\AI_Materials_Microscopy\data\raw\Dataset\H_Martensite_10\423_H_Martensite_10.png,H_Martensite_10\423_H_Martensite_10.png,423_H_Martensite_10.png,423_H_Martensite_10,.png,96,96,RGB
D:\AI_Materials_Microscopy\data\raw\Dataset\H_Martensite_10\424_H_Martensite_10.png,H_Martensite_10\424_H_Martensite_10.png,424_H_Martensite_10.png,424_H_Martensite_10,.png,96,96,RGB
D:\AI_Materials_Microscopy\data\raw\Dataset\H_Martensite_10\425_H_Martensite_10.png,H_Martensite_10\425_H_Martensite_10.png,425_H_Martensite_10.png,425_H_Martensite_10,.png,96,96,RGB
D:\AI_Materials_Microscopy\data\raw\Dataset\H_Martensite_10\426_H_Martensite_10.png,H_Martensite_10\426_H_Martensite_10.png,426_H_Martensite_10.png,426_H_Martensite_10,.png,96,96,RGB
D:\AI_Materials_Microscopy\data\raw\Dataset\H_Martensite_10\427_H_Martensite_10.png,H_Martensite_10\427_H_Martensite_10.png,427_H_Martensite_10.png,427_H_Martensite_10,.png,256,256,RGB
D:\AI_Materials_Microscopy\data\raw\Dataset\H_Martensite_10\428_H_Martensite_10.png,H_Martensite_10\428_H_Martensite_10.png,428_H_Martensite_10.png,428_H_Martensite_10,.png,256,256,RGB
D:\AI_Materials_Microscopy\data\raw\Dataset\H_Martensite_10\429_H_Martensite_10.png,H_Martensite_10\429_H_Martensite_10.png,429_H_Martensite_10.png,429_H_Martensite_10,.png,256,256,RGB
D:\AI_Materials_Microscopy\data\raw\Dataset\H_Martensite_10\430_H_Martensite_10.png,H_Martensite_10\430_H_Martensite_10.png,430_H_Martensite_10.png,430_H_Martensite_10,.png,256,256,RGB
D:\AI_Materials_Microscopy\data\raw\Dataset\H_Martensite_10\431_H_Martensite_10.png,H_Martensite_10\431_H_Martensite_10.png,431_H_Martensite_10.png,431_H_Martensite_10,.png,256,256,RGB
D:\AI_Materials_Microscopy\data\raw\Dataset\H_Martensite_10\432_H_Martensite_10.png,H_Martensite_10\432_H_Martensite_10.png,432_H_Martensite_10.png,432_H_Martensite_10,.png,256,256,RGB
D:\AI_Materials_Microscopy\data\raw\Dataset\H_Martensite_10\433_H_Martensite_10.png,H_Martensite_10\433_H_Martensite_10.png,433_H_Martensite_10.png,433_H_Martensite_10,.png,256,256,RGB
D:\AI_Materials_Microscopy\data\raw\Dataset\H_Martensite_10\434_H_Martensite_10.png,H_Martensite_10\434_H_Martensite_10.png,434_H_Martensite_10.png,434_H_Martensite_10,.png,256,256,RGB
D:\AI_Materials_Microscopy\data\raw\Dataset\H_Martensite_10\435_H_Martensite_10.png,H_Martensite_10\435_H_Martensite_10.png,435_H_Martensite_10.png,435_H_Martensite_10,.png,256,256,RGB
D:\AI_Materials_Microscopy\data\raw\Dataset\H_Martensite_10\436_H_Martensite_10.png,H_Martensite_10\436_H_Martensite_10.png,436_H_Martensite_10.png,436_H_Martensite_10,.png,256,256,RGB
D:\AI_Materials_Microscopy\data\raw\Dataset\H_Martensite_2\418_H_Martensite_02.png,H_Martensite_2\418_H_Martensite_02.png,418_H_Martensite_02.png,418_H_Martensite_02,.png,96,96,RGB
D:\AI_Materials_Microscopy\data\raw\Dataset\H_Martensite_2\419_H_Martensite_02.png,H_Martensite_2\419_H_Martensite_02.png,419_H_Martensite_02.png,419_H_Martensite_02,.png,96,96,RGB
D:\AI_Materials_Microscopy\data\raw\Dataset\H_Martensite_2\420_H_Martensite_02.png,H_Martensite_2\420_H_Martensite_02.png,420_H_Martensite_02.png,420_H_Martensite_02,.png,96,96,RGB
D:\AI_Materials_Microscopy\data\raw\Dataset\H_Martensite_2\421_H_Martensite_02.png,H_Martensite_2\421_H_Martensite_02.png,421_H_Martensite_02.png,421_H_Martensite_02,.png,96,96,RGB
D:\AI_Materials_Microscopy\data\raw\Dataset\H_Martensite_2\422_H_Martensite_02.png,H_Martensite_2\422_H_Martensite_02.png,422_H_Martensite_02.png,422_H_Martensite_02,.png,96,96,RGB
D:\AI_Materials_Microscopy\data\raw\Dataset\H_Martensite_2\423_H_Martensite_02.png,H_Martensite_2\423_H_Martensite_02.png,423_H_Martensite_02.png,423_H_Martensite_02,.png,96,96,RGB
D:\AI_Materials_Microscopy\data\raw\Dataset\H_Martensite_2\424_H_Martensite_02.png,H_Martensite_2\424_H_Martensite_02.png,424_H_Martensite_02.png,424_H_Martensite_02,.png,96,96,RGB
D:\AI_Materials_Microscopy\data\raw\Dataset\H_Martensite_2\425_H_Martensite_02.png,H_Martensite_2\425_H_Martensite_02.png,425_H_Martensite_02.png,425_H_Martensite_02,.png,96,96,RGB
D:\AI_Materials_Microscopy\data\raw\Dataset\H_Martensite_2\426_H_Martensite_02.png,H_Martensite_2\426_H_Martensite_02.png,426_H_Martensite_02.png,426_H_Martensite_02,.png,96,96,RGB
D:\AI_Materials_Microscopy\data\raw\Dataset\H_Martensite_2\427_H_Martensite_02.png,H_Martensite_2\427_H_Martensite_02.png,427_H_Martensite_02.png,427_H_Martensite_02,.png,256,256,RGB
D:\AI_Materials_Microscopy\data\raw\Dataset\H_Martensite_2\428_H_Martensite_02.png,H_Martensite_2\428_H_Martensite_02.png,428_H_Martensite_02.png,428_H_Martensite_02,.png,256,256,RGB
D:\AI_Materials_Microscopy\data\raw\Dataset\H_Martensite_2\429_H_Martensite_02.png,H_Martensite_2\429_H_Martensite_02.png,429_H_Martensite_02.png,429_H_Martensite_02,.png,256,256,RGB
D:\AI_Materials_Microscopy\data\raw\Dataset\H_Martensite_2\430_H_Martensite_02.png,H_Martensite_2\430_H_Martensite_02.png,430_H_Martensite_02.png,430_H_Martensite_02,.png,256,256,RGB
D:\AI_Materials_Microscopy\data\raw\Dataset\H_Martensite_2\431_H_Martensite_02.png,H_Martensite_2\431_H_Martensite_02.png,431_H_Martensite_02.png,431_H_Martensite_02,.png,256,256,RGB
D:\AI_Materials_Microscopy\data\raw\Dataset\H_Martensite_2\432_H_Martensite_02.png,H_Martensite_2\432_H_Martensite_02.png,432_H_Martensite_02.png,432_H_Martensite_02,.png,256,256,RGB
D:\AI_Materials_Microscopy\data\raw\Dataset\H_Martensite_2\433_H_Martensite_02.png,H_Martensite_2\433_H_Martensite_02.png,433_H_Martensite_02.png,433_H_Martensite_02,.png,256,256,RGB
D:\AI_Materials_Microscopy\data\raw\Dataset\H_Martensite_2\434_H_Martensite_02.png,H_Martensite_2\434_H_Martensite_02.png,434_H_Martensite_02.png,434_H_Martensite_02,.png,256,256,RGB
D:\AI_Materials_Microscopy\data\raw\Dataset\H_Martensite_2\435_H_Martensite_02.png,H_Martensite_2\435_H_Martensite_02.png,435_H_Martensite_02.png,435_H_Martensite_02,.png,256,256,RGB
D:\AI_Materials_Microscopy\data\raw\Dataset\H_Martensite_2\436_H_Martensite_02.png,H_Martensite_2\436_H_Martensite_02.png,436_H_Martensite_02.png,436_H_Martensite_02,.png,256,256,RGB
D:\AI_Materials_Microscopy\data\raw\Dataset\H_Martensite_3\418_H_Martensite_03.png,H_Martensite_3\418_H_Martensite_03.png,418_H_Martensite_03.png,418_H_Martensite_03,.png,96,96,RGB
D:\AI_Materials_Microscopy\data\raw\Dataset\H_Martensite_3\419_H_Martensite_03.png,H_Martensite_3\419_H_Martensite_03.png,419_H_Martensite_03.png,419_H_Martensite_03,.png,96,96,RGB
D:\AI_Materials_Microscopy\data\raw\Dataset\H_Martensite_3\420_H_Martensite_03.png,H_Martensite_3\420_H_Martensite_03.png,420_H_Martensite_03.png,420_H_Martensite_03,.png,96,96,RGB
D:\AI_Materials_Microscopy\data\raw\Dataset\H_Martensite_3\421_H_Martensite_03.png,H_Martensite_3\421_H_Martensite_03.png,421_H_Martensite_03.png,421_H_Martensite_03,.png,96,96,RGB
D:\AI_Materials_Microscopy\data\raw\Dataset\H_Martensite_3\422_H_Martensite_03.png,H_Martensite_3\422_H_Martensite_03.png,422_H_Martensite_03.png,422_H_Martensite_03,.png,96,96,RGB
D:\AI_Materials_Microscopy\data\raw\Dataset\H_Martensite_3\423_H_Martensite_03.png,H_Martensite_3\423_H_Martensite_03.png,423_H_Martensite_03.png,423_H_Martensite_03,.png,96,96,RGB
D:\AI_Materials_Microscopy\data\raw\Dataset\H_Martensite_3\424_H_Martensite_03.png,H_Martensite_3\424_H_Martensite_03.png,424_H_Martensite_03.png,424_H_Martensite_03,.png,96,96,RGB
D:\AI_Materials_Microscopy\data\raw\Dataset\H_Martensite_3\425_H_Martensite_03.png,H_Martensite_3\425_H_Martensite_03.png,425_H_Martensite_03.png,425_H_Martensite_03,.png,96,96,RGB
D:\AI_Materials_Microscopy\data\raw\Dataset\H_Martensite_3\426_H_Martensite_03.png,H_Martensite_3\426_H_Martensite_03.png,426_H_Martensite_03.png,426_H_Martensite_03,.png,96,96,RGB
D:\AI_Materials_Microscopy\data\raw\Dataset\H_Martensite_3\427_H_Martensite_03.png,H_Martensite_3\427_H_Martensite_03.png,427_H_Martensite_03.png,427_H_Martensite_03,.png,256,256,RGB
D:\AI_Materials_Microscopy\data\raw\Dataset\H_Martensite_3\428_H_Martensite_03.png,H_Martensite_3\428_H_Martensite_03.png,428_H_Martensite_03.png,428_H_Martensite_03,.png,256,256,RGB
D:\AI_Materials_Microscopy\data\raw\Dataset\H_Martensite_3\429_H_Martensite_03.png,H_Martensite_3\429_H_Martensite_03.png,429_H_Martensite_03.png,429_H_Martensite_03,.png,256,256,RGB
D:\AI_Materials_Microscopy\data\raw\Dataset\H_Martensite_3\430_H_Martensite_03.png,H_Martensite_3\430_H_Martensite_03.png,430_H_Martensite_03.png,430_H_Martensite_03,.png,256,256,RGB
D:\AI_Materials_Microscopy\data\raw\Dataset\H_Martensite_3\431_H_Martensite_03.png,H_Martensite_3\431_H_Martensite_03.png,431_H_Martensite_03.png,431_H_Martensite_03,.png,256,256,RGB
D:\AI_Materials_Microscopy\data\raw\Dataset\H_Martensite_3\432_H_Martensite_03.png,H_Martensite_3\432_H_Martensite_03.png,432_H_Martensite_03.png,432_H_Martensite_03,.png,256,256,RGB
D:\AI_Materials_Microscopy\data\raw\Dataset\H_Martensite_3\433_H_Martensite_03.png,H_Martensite_3\433_H_Martensite_03.png,433_H_Martensite_03.png,433_H_Martensite_03,.png,256,256,RGB
D:\AI_Materials_Microscopy\data\raw\Dataset\H_Martensite_3\434_H_Martensite_03.png,H_Martensite_3\434_H_Martensite_03.png,434_H_Martensite_03.png,434_H_Martensite_03,.png,256,256,RGB
D:\AI_Materials_Microscopy\data\raw\Dataset\H_Martensite_3\435_H_Martensite_03.png,H_Martensite_3\435_H_Martensite_03.png,435_H_Martensite_03.png,435_H_Martensite_03,.png,256,256,RGB
D:\AI_Materials_Microscopy\data\raw\Dataset\H_Martensite_3\436_H_Martensite_03.png,H_Martensite_3\436_H_Martensite_03.png,436_H_Martensite_03.png,436_H_Martensite_03,.png,256,256,RGB
D:\AI_Materials_Microscopy\data\raw\Dataset\H_Martensite_4\418_H_Martensite_04.png,H_Martensite_4\418_H_Martensite_04.png,418_H_Martensite_04.png,418_H_Martensite_04,.png,96,96,RGB
D:\AI_Materials_Microscopy\data\raw\Dataset\H_Martensite_4\419_H_Martensite_04.png,H_Martensite_4\419_H_Martensite_04.png,419_H_Martensite_04.png,419_H_Martensite_04,.png,96,96,RGB
D:\AI_Materials_Microscopy\data\raw\Dataset\H_Martensite_4\420_H_Martensite_04.png,H_Martensite_4\420_H_Martensite_04.png,420_H_Martensite_04.png,420_H_Martensite_04,.png,96,96,RGB
D:\AI_Materials_Microscopy\data\raw\Dataset\H_Martensite_4\421_H_Martensite_04.png,H_Martensite_4\421_H_Martensite_04.png,421_H_Martensite_04.png,421_H_Martensite_04,.png,96,96,RGB
D:\AI_Materials_Microscopy\data\raw\Dataset\H_Martensite_4\422_H_Martensite_04.png,H_Martensite_4\422_H_Martensite_04.png,422_H_Martensite_04.png,422_H_Martensite_04,.png,96,96,RGB
D:\AI_Materials_Microscopy\data\raw\Dataset\H_Martensite_4\423_H_Martensite_04.png,H_Martensite_4\423_H_Martensite_04.png,423_H_Martensite_04.png,423_H_Martensite_04,.png,96,96,RGB
D:\AI_Materials_Microscopy\data\raw\Dataset\H_Martensite_4\424_H_Martensite_04.png,H_Martensite_4\424_H_Martensite_04.png,424_H_Martensite_04.png,424_H_Martensite_04,.png,96,96,RGB
D:\AI_Materials_Microscopy\data\raw\Dataset\H_Martensite_4\425_H_Martensite_04.png,H_Martensite_4\425_H_Martensite_04.png,425_H_Martensite_04.png,425_H_Martensite_04,.png,96,96,RGB
D:\AI_Materials_Microscopy\data\raw\Dataset\H_Martensite_4\426_H_Martensite_04.png,H_Martensite_4\426_H_Martensite_04.png,426_H_Martensite_04.png,426_H_Martensite_04,.png,96,96,RGB
D:\AI_Materials_Microscopy\data\raw\Dataset\H_Martensite_4\427_H_Martensite_04.png,H_Martensite_4\427_H_Martensite_04.png,427_H_Martensite_04.png,427_H_Martensite_04,.png,256,256,RGB
D:\AI_Materials_Microscopy\data\raw\Dataset\H_Martensite_4\428_H_Martensite_04.png,H_Martensite_4\428_H_Martensite_04.png,428_H_Martensite_04.png,428_H_Martensite_04,.png,256,256,RGB
D:\AI_Materials_Microscopy\data\raw\Dataset\H_Martensite_4\429_H_Martensite_04.png,H_Martensite_4\429_H_Martensite_04.png,429_H_Martensite_04.png,429_H_Martensite_04,.png,256,256,RGB
D:\AI_Materials_Microscopy\data\raw\Dataset\H_Martensite_4\430_H_Martensite_04.png,H_Martensite_4\430_H_Martensite_04.png,430_H_Martensite_04.png,430_H_Martensite_04,.png,256,256,RGB
D:\AI_Materials_Microscopy\data\raw\Dataset\H_Martensite_4\431_H_Martensite_04.png,H_Martensite_4\431_H_Martensite_04.png,431_H_Martensite_04.png,431_H_Martensite_04,.png,256,256,RGB
D:\AI_Materials_Microscopy\data\raw\Dataset\H_Martensite_4\432_H_Martensite_04.png,H_Martensite_4\432_H_Martensite_04.png,432_H_Martensite_04.png,432_H_Martensite_04,.png,256,256,RGB
D:\AI_Materials_Microscopy\data\raw\Dataset\H_Martensite_4\433_H_Martensite_04.png,H_Martensite_4\433_H_Martensite_04.png,433_H_Martensite_04.png,433_H_Martensite_04,.png,256,256,RGB
D:\AI_Materials_Microscopy\data\raw\Dataset\H_Martensite_4\434_H_Martensite_04.png,H_Martensite_4\434_H_Martensite_04.png,434_H_Martensite_04.png,434_H_Martensite_04,.png,256,256,RGB
D:\AI_Materials_Microscopy\data\raw\Dataset\H_Martensite_4\435_H_Martensite_04.png,H_Martensite_4\435_H_Martensite_04.png,435_H_Martensite_04.png,435_H_Martensite_04,.png,256,256,RGB
D:\AI_Materials_Microscopy\data\raw\Dataset\H_Martensite_4\436_H_Martensite_04.png,H_Martensite_4\436_H_Martensite_04.png,436_H_Martensite_04.png,436_H_Martensite_04,.png,256,256,RGB
D:\AI_Materials_Microscopy\data\raw\Dataset\H_Martensite_5\418_H_Martensite_05.png,H_Martensite_5\418_H_Martensite_05.png,418_H_Martensite_05.png,418_H_Martensite_05,.png,96,96,RGB
D:\AI_Materials_Microscopy\data\raw\Dataset\H_Martensite_5\419_H_Martensite_05.png,H_Martensite_5\419_H_Martensite_05.png,419_H_Martensite_05.png,419_H_Martensite_05,.png,96,96,RGB
D:\AI_Materials_Microscopy\data\raw\Dataset\H_Martensite_5\420_H_Martensite_05.png,H_Martensite_5\420_H_Martensite_05.png,420_H_Martensite_05.png,420_H_Martensite_05,.png,96,96,RGB
D:\AI_Materials_Microscopy\data\raw\Dataset\H_Martensite_5\421_H_Martensite_05.png,H_Martensite_5\421_H_Martensite_05.png,421_H_Martensite_05.png,421_H_Martensite_05,.png,96,96,RGB
D:\AI_Materials_Microscopy\data\raw\Dataset\H_Martensite_5\422_H_Martensite_05.png,H_Martensite_5\422_H_Martensite_05.png,422_H_Martensite_05.png,422_H_Martensite_05,.png,96,96,RGB
D:\AI_Materials_Microscopy\data\raw\Dataset\H_Martensite_5\423_H_Martensite_05.png,H_Martensite_5\423_H_Martensite_05.png,423_H_Martensite_05.png,423_H_Martensite_05,.png,96,96,RGB
D:\AI_Materials_Microscopy\data\raw\Dataset\H_Martensite_5\424_H_Martensite_05.png,H_Martensite_5\424_H_Martensite_05.png,424_H_Martensite_05.png,424_H_Martensite_05,.png,96,96,RGB
D:\AI_Materials_Microscopy\data\raw\Dataset\H_Martensite_5\425_H_Martensite_05.png,H_Martensite_5\425_H_Martensite_05.png,425_H_Martensite_05.png,425_H_Martensite_05,.png,96,96,RGB
D:\AI_Materials_Microscopy\data\raw\Dataset\H_Martensite_5\426_H_Martensite_05.png,H_Martensite_5\426_H_Martensite_05.png,426_H_Martensite_05.png,426_H_Martensite_05,.png,96,96,RGB
D:\AI_Materials_Microscopy\data\raw\Dataset\H_Martensite_5\427_H_Martensite_05.png,H_Martensite_5\427_H_Martensite_05.png,427_H_Martensite_05.png,427_H_Martensite_05,.png,256,256,RGB
D:\AI_Materials_Microscopy\data\raw\Dataset\H_Martensite_5\428_H_Martensite_05.png,H_Martensite_5\428_H_Martensite_05.png,428_H_Martensite_05.png,428_H_Martensite_05,.png,256,256,RGB
D:\AI_Materials_Microscopy\data\raw\Dataset\H_Martensite_5\429_H_Martensite_05.png,H_Martensite_5\429_H_Martensite_05.png,429_H_Martensite_05.png,429_H_Martensite_05,.png,256,256,RGB
D:\AI_Materials_Microscopy\data\raw\Dataset\H_Martensite_5\430_H_Martensite_05.png,H_Martensite_5\430_H_Martensite_05.png,430_H_Martensite_05.png,430_H_Martensite_05,.png,256,256,RGB
D:\AI_Materials_Microscopy\data\raw\Dataset\H_Martensite_5\431_H_Martensite_05.png,H_Martensite_5\431_H_Martensite_05.png,431_H_Martensite_05.png,431_H_Martensite_05,.png,256,256,RGB
D:\AI_Materials_Microscopy\data\raw\Dataset\H_Martensite_5\432_H_Martensite_05.png,H_Martensite_5\432_H_Martensite_05.png,432_H_Martensite_05.png,432_H_Martensite_05,.png,256,256,RGB
D:\AI_Materials_Microscopy\data\raw\Dataset\H_Martensite_5\433_H_Martensite_05.png,H_Martensite_5\433_H_Martensite_05.png,433_H_Martensite_05.png,433_H_Martensite_05,.png,256,256,RGB
D:\AI_Materials_Microscopy\data\raw\Dataset\H_Martensite_5\434_H_Martensite_05.png,H_Martensite_5\434_H_Martensite_05.png,434_H_Martensite_05.png,434_H_Martensite_05,.png,256,256,RGB
D:\AI_Materials_Microscopy\data\raw\Dataset\H_Martensite_5\435_H_Martensite_05.png,H_Martensite_5\435_H_Martensite_05.png,435_H_Martensite_05.png,435_H_Martensite_05,.png,256,256,RGB
D:\AI_Materials_Microscopy\data\raw\Dataset\H_Martensite_5\436_H_Martensite_05.png,H_Martensite_5\436_H_Martensite_05.png,436_H_Martensite_05.png,436_H_Martensite_05,.png,256,256,RGB
D:\AI_Materials_Microscopy\data\raw\Dataset\H_Martensite_6\418_H_Martensite_06.png,H_Martensite_6\418_H_Martensite_06.png,418_H_Martensite_06.png,418_H_Martensite_06,.png,96,96,RGB
D:\AI_Materials_Microscopy\data\raw\Dataset\H_Martensite_6\419_H_Martensite_06.png,H_Martensite_6\419_H_Martensite_06.png,419_H_Martensite_06.png,419_H_Martensite_06,.png,96,96,RGB
D:\AI_Materials_Microscopy\data\raw\Dataset\H_Martensite_6\420_H_Martensite_06.png,H_Martensite_6\420_H_Martensite_06.png,420_H_Martensite_06.png,420_H_Martensite_06,.png,96,96,RGB
D:\AI_Materials_Microscopy\data\raw\Dataset\H_Martensite_6\421_H_Martensite_06.png,H_Martensite_6\421_H_Martensite_06.png,421_H_Martensite_06.png,421_H_Martensite_06,.png,96,96,RGB
D:\AI_Materials_Microscopy\data\raw\Dataset\H_Martensite_6\422_H_Martensite_06.png,H_Martensite_6\422_H_Martensite_06.png,422_H_Martensite_06.png,422_H_Martensite_06,.png,96,96,RGB
D:\AI_Materials_Microscopy\data\raw\Dataset\H_Martensite_6\423_H_Martensite_06.png,H_Martensite_6\423_H_Martensite_06.png,423_H_Martensite_06.png,423_H_Martensite_06,.png,96,96,RGB
D:\AI_Materials_Microscopy\data\raw\Dataset\H_Martensite_6\424_H_Martensite_06.png,H_Martensite_6\424_H_Martensite_06.png,424_H_Martensite_06.png,424_H_Martensite_06,.png,96,96,RGB
D:\AI_Materials_Microscopy\data\raw\Dataset\H_Martensite_6\425_H_Martensite_06.png,H_Martensite_6\425_H_Martensite_06.png,425_H_Martensite_06.png,425_H_Martensite_06,.png,96,96,RGB
D:\AI_Materials_Microscopy\data\raw\Dataset\H_Martensite_6\426_H_Martensite_06.png,H_Martensite_6\426_H_Martensite_06.png,426_H_Martensite_06.png,426_H_Martensite_06,.png,96,96,RGB
D:\AI_Materials_Microscopy\data\raw\Dataset\H_Martensite_6\427_H_Martensite_06.png,H_Martensite_6\427_H_Martensite_06.png,427_H_Martensite_06.png,427_H_Martensite_06,.png,256,256,RGB
D:\AI_Materials_Microscopy\data\raw\Dataset\H_Martensite_6\428_H_Martensite_06.png,H_Martensite_6\428_H_Martensite_06.png,428_H_Martensite_06.png,428_H_Martensite_06,.png,256,256,RGB
D:\AI_Materials_Microscopy\data\raw\Dataset\H_Martensite_6\429_H_Martensite_06.png,H_Martensite_6\429_H_Martensite_06.png,429_H_Martensite_06.png,429_H_Martensite_06,.png,256,256,RGB
D:\AI_Materials_Microscopy\data\raw\Dataset\H_Martensite_6\430_H_Martensite_06.png,H_Martensite_6\430_H_Martensite_06.png,430_H_Martensite_06.png,430_H_Martensite_06,.png,256,256,RGB
D:\AI_Materials_Microscopy\data\raw\Dataset\H_Martensite_6\431_H_Martensite_06.png,H_Martensite_6\431_H_Martensite_06.png,431_H_Martensite_06.png,431_H_Martensite_06,.png,256,256,RGB
D:\AI_Materials_Microscopy\data\raw\Dataset\H_Martensite_6\432_H_Martensite_06.png,H_Martensite_6\432_H_Martensite_06.png,432_H_Martensite_06.png,432_H_Martensite_06,.png,256,256,RGB
D:\AI_Materials_Microscopy\data\raw\Dataset\H_Martensite_6\433_H_Martensite_06.png,H_Martensite_6\433_H_Martensite_06.png,433_H_Martensite_06.png,433_H_Martensite_06,.png,256,256,RGB
D:\AI_Materials_Microscopy\data\raw\Dataset\H_Martensite_6\434_H_Martensite_06.png,H_Martensite_6\434_H_Martensite_06.png,434_H_Martensite_06.png,434_H_Martensite_06,.png,256,256,RGB
D:\AI_Materials_Microscopy\data\raw\Dataset\H_Martensite_6\435_H_Martensite_06.png,H_Martensite_6\435_H_Martensite_06.png,435_H_Martensite_06.png,435_H_Martensite_06,.png,256,256,RGB
D:\AI_Materials_Microscopy\data\raw\Dataset\H_Martensite_6\436_H_Martensite_06.png,H_Martensite_6\436_H_Martensite_06.png,436_H_Martensite_06.png,436_H_Martensite_06,.png,256,256,RGB
D:\AI_Materials_Microscopy\data\raw\Dataset\H_Martensite_7\418_H_Martensite_07.png,H_Martensite_7\418_H_Martensite_07.png,418_H_Martensite_07.png,418_H_Martensite_07,.png,96,96,RGB
D:\AI_Materials_Microscopy\data\raw\Dataset\H_Martensite_7\419_H_Martensite_07.png,H_Martensite_7\419_H_Martensite_07.png,419_H_Martensite_07.png,419_H_Martensite_07,.png,96,96,RGB
D:\AI_Materials_Microscopy\data\raw\Dataset\H_Martensite_7\420_H_Martensite_07.png,H_Martensite_7\420_H_Martensite_07.png,420_H_Martensite_07.png,420_H_Martensite_07,.png,96,96,RGB
D:\AI_Materials_Microscopy\data\raw\Dataset\H_Martensite_7\421_H_Martensite_07.png,H_Martensite_7\421_H_Martensite_07.png,421_H_Martensite_07.png,421_H_Martensite_07,.png,96,96,RGB
D:\AI_Materials_Microscopy\data\raw\Dataset\H_Martensite_7\422_H_Martensite_07.png,H_Martensite_7\422_H_Martensite_07.png,422_H_Martensite_07.png,422_H_Martensite_07,.png,96,96,RGB
D:\AI_Materials_Microscopy\data\raw\Dataset\H_Martensite_7\423_H_Martensite_07.png,H_Martensite_7\423_H_Martensite_07.png,423_H_Martensite_07.png,423_H_Martensite_07,.png,96,96,RGB
D:\AI_Materials_Microscopy\data\raw\Dataset\H_Martensite_7\424_H_Martensite_07.png,H_Martensite_7\424_H_Martensite_07.png,424_H_Martensite_07.png,424_H_Martensite_07,.png,96,96,RGB
D:\AI_Materials_Microscopy\data\raw\Dataset\H_Martensite_7\425_H_Martensite_07.png,H_Martensite_7\425_H_Martensite_07.png,425_H_Martensite_07.png,425_H_Martensite_07,.png,96,96,RGB
D:\AI_Materials_Microscopy\data\raw\Dataset\H_Martensite_7\426_H_Martensite_07.png,H_Martensite_7\426_H_Martensite_07.png,426_H_Martensite_07.png,426_H_Martensite_07,.png,96,96,RGB
D:\AI_Materials_Microscopy\data\raw\Dataset\H_Martensite_7\427_H_Martensite_07.png,H_Martensite_7\427_H_Martensite_07.png,427_H_Martensite_07.png,427_H_Martensite_07,.png,256,256,RGB
D:\AI_Materials_Microscopy\data\raw\Dataset\H_Martensite_7\428_H_Martensite_07.png,H_Martensite_7\428_H_Martensite_07.png,428_H_Martensite_07.png,428_H_Martensite_07,.png,256,256,RGB
D:\AI_Materials_Microscopy\data\raw\Dataset\H_Martensite_7\429_H_Martensite_07.png,H_Martensite_7\429_H_Martensite_07.png,429_H_Martensite_07.png,429_H_Martensite_07,.png,256,256,RGB
D:\AI_Materials_Microscopy\data\raw\Dataset\H_Martensite_7\430_H_Martensite_07.png,H_Martensite_7\430_H_Martensite_07.png,430_H_Martensite_07.png,430_H_Martensite_07,.png,256,256,RGB
D:\AI_Materials_Microscopy\data\raw\Dataset\H_Martensite_7\431_H_Martensite_07.png,H_Martensite_7\431_H_Martensite_07.png,431_H_Martensite_07.png,431_H_Martensite_07,.png,256,256,RGB
D:\AI_Materials_Microscopy\data\raw\Dataset\H_Martensite_7\432_H_Martensite_07.png,H_Martensite_7\432_H_Martensite_07.png,432_H_Martensite_07.png,432_H_Martensite_07,.png,256,256,RGB
D:\AI_Materials_Microscopy\data\raw\Dataset\H_Martensite_7\433_H_Martensite_07.png,H_Martensite_7\433_H_Martensite_07.png,433_H_Martensite_07.png,433_H_Martensite_07,.png,256,256,RGB
D:\AI_Materials_Microscopy\data\raw\Dataset\H_Martensite_7\434_H_Martensite_07.png,H_Martensite_7\434_H_Martensite_07.png,434_H_Martensite_07.png,434_H_Martensite_07,.png,256,256,RGB
D:\AI_Materials_Microscopy\data\raw\Dataset\H_Martensite_7\435_H_Martensite_07.png,H_Martensite_7\435_H_Martensite_07.png,435_H_Martensite_07.png,435_H_Martensite_07,.png,256,256,RGB
D:\AI_Materials_Microscopy\data\raw\Dataset\H_Martensite_7\436_H_Martensite_07.png,H_Martensite_7\436_H_Martensite_07.png,436_H_Martensite_07.png,436_H_Martensite_07,.png,256,256,RGB
D:\AI_Materials_Microscopy\data\raw\Dataset\H_Martensite_8\418_H_Martensite_08.png,H_Martensite_8\418_H_Martensite_08.png,418_H_Martensite_08.png,418_H_Martensite_08,.png,96,96,RGB
D:\AI_Materials_Microscopy\data\raw\Dataset\H_Martensite_8\419_H_Martensite_08.png,H_Martensite_8\419_H_Martensite_08.png,419_H_Martensite_08.png,419_H_Martensite_08,.png,96,96,RGB
D:\AI_Materials_Microscopy\data\raw\Dataset\H_Martensite_8\420_H_Martensite_08.png,H_Martensite_8\420_H_Martensite_08.png,420_H_Martensite_08.png,420_H_Martensite_08,.png,96,96,RGB
D:\AI_Materials_Microscopy\data\raw\Dataset\H_Martensite_8\421_H_Martensite_08.png,H_Martensite_8\421_H_Martensite_08.png,421_H_Martensite_08.png,421_H_Martensite_08,.png,96,96,RGB
D:\AI_Materials_Microscopy\data\raw\Dataset\H_Martensite_8\422_H_Martensite_08.png,H_Martensite_8\422_H_Martensite_08.png,422_H_Martensite_08.png,422_H_Martensite_08,.png,96,96,RGB
D:\AI_Materials_Microscopy\data\raw\Dataset\H_Martensite_8\423_H_Martensite_08.png,H_Martensite_8\423_H_Martensite_08.png,423_H_Martensite_08.png,423_H_Martensite_08,.png,96,96,RGB
D:\AI_Materials_Microscopy\data\raw\Dataset\H_Martensite_8\424_H_Martensite_08.png,H_Martensite_8\424_H_Martensite_08.png,424_H_Martensite_08.png,424_H_Martensite_08,.png,96,96,RGB
D:\AI_Materials_Microscopy\data\raw\Dataset\H_Martensite_8\425_H_Martensite_08.png,H_Martensite_8\425_H_Martensite_08.png,425_H_Martensite_08.png,425_H_Martensite_08,.png,96,96,RGB
D:\AI_Materials_Microscopy\data\raw\Dataset\H_Martensite_8\426_H_Martensite_08.png,H_Martensite_8\426_H_Martensite_08.png,426_H_Martensite_08.png,426_H_Martensite_08,.png,96,96,RGB
D:\AI_Materials_Microscopy\data\raw\Dataset\H_Martensite_8\427_H_Martensite_08.png,H_Martensite_8\427_H_Martensite_08.png,427_H_Martensite_08.png,427_H_Martensite_08,.png,256,256,RGB
D:\AI_Materials_Microscopy\data\raw\Dataset\H_Martensite_8\428_H_Martensite_08.png,H_Martensite_8\428_H_Martensite_08.png,428_H_Martensite_08.png,428_H_Martensite_08,.png,256,256,RGB
D:\AI_Materials_Microscopy\data\raw\Dataset\H_Martensite_8\429_H_Martensite_08.png,H_Martensite_8\429_H_Martensite_08.png,429_H_Martensite_08.png,429_H_Martensite_08,.png,256,256,RGB
D:\AI_Materials_Microscopy\data\raw\Dataset\H_Martensite_8\430_H_Martensite_08.png,H_Martensite_8\430_H_Martensite_08.png,430_H_Martensite_08.png,430_H_Martensite_08,.png,256,256,RGB
D:\AI_Materials_Microscopy\data\raw\Dataset\H_Martensite_8\431_H_Martensite_08.png,H_Martensite_8\431_H_Martensite_08.png,431_H_Martensite_08.png,431_H_Martensite_08,.png,256,256,RGB
D:\AI_Materials_Microscopy\data\raw\Dataset\H_Martensite_8\432_H_Martensite_08.png,H_Martensite_8\432_H_Martensite_08.png,432_H_Martensite_08.png,432_H_Martensite_08,.png,256,256,RGB
D:\AI_Materials_Microscopy\data\raw\Dataset\H_Martensite_8\433_H_Martensite_08.png,H_Martensite_8\433_H_Martensite_08.png,433_H_Martensite_08.png,433_H_Martensite_08,.png,256,256,RGB
D:\AI_Materials_Microscopy\data\raw\Dataset\H_Martensite_8\434_H_Martensite_08.png,H_Martensite_8\434_H_Martensite_08.png,434_H_Martensite_08.png,434_H_Martensite_08,.png,256,256,RGB
D:\AI_Materials_Microscopy\data\raw\Dataset\H_Martensite_8\435_H_Martensite_08.png,H_Martensite_8\435_H_Martensite_08.png,435_H_Martensite_08.png,435_H_Martensite_08,.png,256,256,RGB
D:\AI_Materials_Microscopy\data\raw\Dataset\H_Martensite_8\436_H_Martensite_08.png,H_Martensite_8\436_H_Martensite_08.png,436_H_Martensite_08.png,436_H_Martensite_08,.png,256,256,RGB
D:\AI_Materials_Microscopy\data\raw\Dataset\H_Martensite_9\418_H_Martensite_09.png,H_Martensite_9\418_H_Martensite_09.png,418_H_Martensite_09.png,418_H_Martensite_09,.png,96,96,RGB
D:\AI_Materials_Microscopy\data\raw\Dataset\H_Martensite_9\419_H_Martensite_09.png,H_Martensite_9\419_H_Martensite_09.png,419_H_Martensite_09.png,419_H_Martensite_09,.png,96,96,RGB
D:\AI_Materials_Microscopy\data\raw\Dataset\H_Martensite_9\420_H_Martensite_09.png,H_Martensite_9\420_H_Martensite_09.png,420_H_Martensite_09.png,420_H_Martensite_09,.png,96,96,RGB
D:\AI_Materials_Microscopy\data\raw\Dataset\H_Martensite_9\421_H_Martensite_09.png,H_Martensite_9\421_H_Martensite_09.png,421_H_Martensite_09.png,421_H_Martensite_09,.png,96,96,RGB
D:\AI_Materials_Microscopy\data\raw\Dataset\H_Martensite_9\422_H_Martensite_09.png,H_Martensite_9\422_H_Martensite_09.png,422_H_Martensite_09.png,422_H_Martensite_09,.png,96,96,RGB
D:\AI_Materials_Microscopy\data\raw\Dataset\H_Martensite_9\423_H_Martensite_09.png,H_Martensite_9\423_H_Martensite_09.png,423_H_Martensite_09.png,423_H_Martensite_09,.png,96,96,RGB
D:\AI_Materials_Microscopy\data\raw\Dataset\H_Martensite_9\424_H_Martensite_09.png,H_Martensite_9\424_H_Martensite_09.png,424_H_Martensite_09.png,424_H_Martensite_09,.png,96,96,RGB
D:\AI_Materials_Microscopy\data\raw\Dataset\H_Martensite_9\425_H_Martensite_09.png,H_Martensite_9\425_H_Martensite_09.png,425_H_Martensite_09.png,425_H_Martensite_09,.png,96,96,RGB
D:\AI_Materials_Microscopy\data\raw\Dataset\H_Martensite_9\426_H_Martensite_09.png,H_Martensite_9\426_H_Martensite_09.png,426_H_Martensite_09.png,426_H_Martensite_09,.png,96,96,RGB
D:\AI_Materials_Microscopy\data\raw\Dataset\H_Martensite_9\427_H_Martensite_09.png,H_Martensite_9\427_H_Martensite_09.png,427_H_Martensite_09.png,427_H_Martensite_09,.png,256,256,RGB
D:\AI_Materials_Microscopy\data\raw\Dataset\H_Martensite_9\428_H_Martensite_09.png,H_Martensite_9\428_H_Martensite_09.png,428_H_Martensite_09.png,428_H_Martensite_09,.png,256,256,RGB
D:\AI_Materials_Microscopy\data\raw\Dataset\H_Martensite_9\429_H_Martensite_09.png,H_Martensite_9\429_H_Martensite_09.png,429_H_Martensite_09.png,429_H_Martensite_09,.png,256,256,RGB
D:\AI_Materials_Microscopy\data\raw\Dataset\H_Martensite_9\430_H_Martensite_09.png,H_Martensite_9\430_H_Martensite_09.png,430_H_Martensite_09.png,430_H_Martensite_09,.png,256,256,RGB
D:\AI_Materials_Microscopy\data\raw\Dataset\H_Martensite_9\431_H_Martensite_09.png,H_Martensite_9\431_H_Martensite_09.png,431_H_Martensite_09.png,431_H_Martensite_09,.png,256,256,RGB
D:\AI_Materials_Microscopy\data\raw\Dataset\H_Martensite_9\432_H_Martensite_09.png,H_Martensite_9\432_H_Martensite_09.png,432_H_Martensite_09.png,432_H_Martensite_09,.png,256,256,RGB
D:\AI_Materials_Microscopy\data\raw\Dataset\H_Martensite_9\433_H_Martensite_09.png,H_Martensite_9\433_H_Martensite_09.png,433_H_Martensite_09.png,433_H_Martensite_09,.png,256,256,RGB
D:\AI_Materials_Microscopy\data\raw\Dataset\H_Martensite_9\434_H_Martensite_09.png,H_Martensite_9\434_H_Martensite_09.png,434_H_Martensite_09.png,434_H_Martensite_09,.png,256,256,RGB
D:\AI_Materials_Microscopy\data\raw\Dataset\H_Martensite_9\435_H_Martensite_09.png,H_Martensite_9\435_H_Martensite_09.png,435_H_Martensite_09.png,435_H_Martensite_09,.png,256,256,RGB
D:\AI_Materials_Microscopy\data\raw\Dataset\H_Martensite_9\436_H_Martensite_09.png,H_Martensite_9\436_H_Martensite_09.png,436_H_Martensite_09.png,436_H_Martensite_09,.png,256,256,RGB
D:\AI_Materials_Microscopy\data\raw\Dataset\I_Martensite_1\437_I_Martensite_01.png,I_Martensite_1\437_I_Martensite_01.png,437_I_Martensite_01.png,437_I_Martensite_01,.png,96,96,RGB
D:\AI_Materials_Microscopy\data\raw\Dataset\I_Martensite_1\438_I_Martensite_01.png,I_Martensite_1\438_I_Martensite_01.png,438_I_Martensite_01.png,438_I_Martensite_01,.png,96,96,RGB
D:\AI_Materials_Microscopy\data\raw\Dataset\I_Martensite_1\439_I_Martensite_01.png,I_Martensite_1\439_I_Martensite_01.png,439_I_Martensite_01.png,439_I_Martensite_01,.png,96,96,RGB
D:\AI_Materials_Microscopy\data\raw\Dataset\I_Martensite_1\440_I_Martensite_01.png,I_Martensite_1\440_I_Martensite_01.png,440_I_Martensite_01.png,440_I_Martensite_01,.png,96,96,RGB
D:\AI_Materials_Microscopy\data\raw\Dataset\I_Martensite_1\441_I_Martensite_01.png,I_Martensite_1\441_I_Martensite_01.png,441_I_Martensite_01.png,441_I_Martensite_01,.png,96,96,RGB
D:\AI_Materials_Microscopy\data\raw\Dataset\I_Martensite_1\442_I_Martensite_01.png,I_Martensite_1\442_I_Martensite_01.png,442_I_Martensite_01.png,442_I_Martensite_01,.png,96,96,RGB
D:\AI_Materials_Microscopy\data\raw\Dataset\I_Martensite_1\443_I_Martensite_01.png,I_Martensite_1\443_I_Martensite_01.png,443_I_Martensite_01.png,443_I_Martensite_01,.png,96,96,RGB
D:\AI_Materials_Microscopy\data\raw\Dataset\I_Martensite_1\444_I_Martensite_01.png,I_Martensite_1\444_I_Martensite_01.png,444_I_Martensite_01.png,444_I_Martensite_01,.png,96,96,RGB
D:\AI_Materials_Microscopy\data\raw\Dataset\I_Martensite_1\445_I_Martensite_01.png,I_Martensite_1\445_I_Martensite_01.png,445_I_Martensite_01.png,445_I_Martensite_01,.png,96,96,RGB
D:\AI_Materials_Microscopy\data\raw\Dataset\I_Martensite_1\446_I_Martensite_01.png,I_Martensite_1\446_I_Martensite_01.png,446_I_Martensite_01.png,446_I_Martensite_01,.png,256,256,RGB
D:\AI_Materials_Microscopy\data\raw\Dataset\I_Martensite_1\447_I_Martensite_01.png,I_Martensite_1\447_I_Martensite_01.png,447_I_Martensite_01.png,447_I_Martensite_01,.png,256,256,RGB
D:\AI_Materials_Microscopy\data\raw\Dataset\I_Martensite_1\448_I_Martensite_01.png,I_Martensite_1\448_I_Martensite_01.png,448_I_Martensite_01.png,448_I_Martensite_01,.png,256,256,RGB
D:\AI_Materials_Microscopy\data\raw\Dataset\I_Martensite_1\449_I_Martensite_01.png,I_Martensite_1\449_I_Martensite_01.png,449_I_Martensite_01.png,449_I_Martensite_01,.png,256,256,RGB
D:\AI_Materials_Microscopy\data\raw\Dataset\I_Martensite_1\450_I_Martensite_01.png,I_Martensite_1\450_I_Martensite_01.png,450_I_Martensite_01.png,450_I_Martensite_01,.png,256,256,RGB
D:\AI_Materials_Microscopy\data\raw\Dataset\I_Martensite_1\451_I_Martensite_01.png,I_Martensite_1\451_I_Martensite_01.png,451_I_Martensite_01.png,451_I_Martensite_01,.png,256,256,RGB
D:\AI_Materials_Microscopy\data\raw\Dataset\I_Martensite_1\452_I_Martensite_01.png,I_Martensite_1\452_I_Martensite_01.png,452_I_Martensite_01.png,452_I_Martensite_01,.png,256,256,RGB
D:\AI_Materials_Microscopy\data\raw\Dataset\I_Martensite_1\453_I_Martensite_01.png,I_Martensite_1\453_I_Martensite_01.png,453_I_Martensite_01.png,453_I_Martensite_01,.png,256,256,RGB
D:\AI_Materials_Microscopy\data\raw\Dataset\I_Martensite_1\454_I_Martensite_01.png,I_Martensite_1\454_I_Martensite_01.png,454_I_Martensite_01.png,454_I_Martensite_01,.png,256,256,RGB
D:\AI_Materials_Microscopy\data\raw\Dataset\I_Martensite_1\455_I_Martensite_01.png,I_Martensite_1\455_I_Martensite_01.png,455_I_Martensite_01.png,455_I_Martensite_01,.png,256,256,RGB
D:\AI_Materials_Microscopy\data\raw\Dataset\I_Martensite_10\437_I_Martensite_10.png,I_Martensite_10\437_I_Martensite_10.png,437_I_Martensite_10.png,437_I_Martensite_10,.png,96,96,RGB
D:\AI_Materials_Microscopy\data\raw\Dataset\I_Martensite_10\438_I_Martensite_10.png,I_Martensite_10\438_I_Martensite_10.png,438_I_Martensite_10.png,438_I_Martensite_10,.png,96,96,RGB
D:\AI_Materials_Microscopy\data\raw\Dataset\I_Martensite_10\439_I_Martensite_10.png,I_Martensite_10\439_I_Martensite_10.png,439_I_Martensite_10.png,439_I_Martensite_10,.png,96,96,RGB
D:\AI_Materials_Microscopy\data\raw\Dataset\I_Martensite_10\440_I_Martensite_10.png,I_Martensite_10\440_I_Martensite_10.png,440_I_Martensite_10.png,440_I_Martensite_10,.png,96,96,RGB
D:\AI_Materials_Microscopy\data\raw\Dataset\I_Martensite_10\441_I_Martensite_10.png,I_Martensite_10\441_I_Martensite_10.png,441_I_Martensite_10.png,441_I_Martensite_10,.png,96,96,RGB
D:\AI_Materials_Microscopy\data\raw\Dataset\I_Martensite_10\442_I_Martensite_10.png,I_Martensite_10\442_I_Martensite_10.png,442_I_Martensite_10.png,442_I_Martensite_10,.png,96,96,RGB
D:\AI_Materials_Microscopy\data\raw\Dataset\I_Martensite_10\443_I_Martensite_10.png,I_Martensite_10\443_I_Martensite_10.png,443_I_Martensite_10.png,443_I_Martensite_10,.png,96,96,RGB
D:\AI_Materials_Microscopy\data\raw\Dataset\I_Martensite_10\444_I_Martensite_10.png,I_Martensite_10\444_I_Martensite_10.png,444_I_Martensite_10.png,444_I_Martensite_10,.png,96,96,RGB
D:\AI_Materials_Microscopy\data\raw\Dataset\I_Martensite_10\445_I_Martensite_10.png,I_Martensite_10\445_I_Martensite_10.png,445_I_Martensite_10.png,445_I_Martensite_10,.png,96,96,RGB
D:\AI_Materials_Microscopy\data\raw\Dataset\I_Martensite_10\446_I_Martensite_10.png,I_Martensite_10\446_I_Martensite_10.png,446_I_Martensite_10.png,446_I_Martensite_10,.png,256,256,RGB
D:\AI_Materials_Microscopy\data\raw\Dataset\I_Martensite_10\447_I_Martensite_10.png,I_Martensite_10\447_I_Martensite_10.png,447_I_Martensite_10.png,447_I_Martensite_10,.png,256,256,RGB
D:\AI_Materials_Microscopy\data\raw\Dataset\I_Martensite_10\448_I_Martensite_10.png,I_Martensite_10\448_I_Martensite_10.png,448_I_Martensite_10.png,448_I_Martensite_10,.png,256,256,RGB
D:\AI_Materials_Microscopy\data\raw\Dataset\I_Martensite_10\449_I_Martensite_10.png,I_Martensite_10\449_I_Martensite_10.png,449_I_Martensite_10.png,449_I_Martensite_10,.png,256,256,RGB
D:\AI_Materials_Microscopy\data\raw\Dataset\I_Martensite_10\450_I_Martensite_10.png,I_Martensite_10\450_I_Martensite_10.png,450_I_Martensite_10.png,450_I_Martensite_10,.png,256,256,RGB
D:\AI_Materials_Microscopy\data\raw\Dataset\I_Martensite_10\451_I_Martensite_10.png,I_Martensite_10\451_I_Martensite_10.png,451_I_Martensite_10.png,451_I_Martensite_10,.png,256,256,RGB
D:\AI_Materials_Microscopy\data\raw\Dataset\I_Martensite_10\452_I_Martensite_10.png,I_Martensite_10\452_I_Martensite_10.png,452_I_Martensite_10.png,452_I_Martensite_10,.png,256,256,RGB
D:\AI_Materials_Microscopy\data\raw\Dataset\I_Martensite_10\453_I_Martensite_10.png,I_Martensite_10\453_I_Martensite_10.png,453_I_Martensite_10.png,453_I_Martensite_10,.png,256,256,RGB
D:\AI_Materials_Microscopy\data\raw\Dataset\I_Martensite_10\454_I_Martensite_10.png,I_Martensite_10\454_I_Martensite_10.png,454_I_Martensite_10.png,454_I_Martensite_10,.png,256,256,RGB
D:\AI_Materials_Microscopy\data\raw\Dataset\I_Martensite_10\455_I_Martensite_10.png,I_Martensite_10\455_I_Martensite_10.png,455_I_Martensite_10.png,455_I_Martensite_10,.png,256,256,RGB
D:\AI_Materials_Microscopy\data\raw\Dataset\I_Martensite_11\437_I_Martensite_11.png,I_Martensite_11\437_I_Martensite_11.png,437_I_Martensite_11.png,437_I_Martensite_11,.png,96,96,RGB
D:\AI_Materials_Microscopy\data\raw\Dataset\I_Martensite_11\438_I_Martensite_11.png,I_Martensite_11\438_I_Martensite_11.png,438_I_Martensite_11.png,438_I_Martensite_11,.png,96,96,RGB
D:\AI_Materials_Microscopy\data\raw\Dataset\I_Martensite_11\439_I_Martensite_11.png,I_Martensite_11\439_I_Martensite_11.png,439_I_Martensite_11.png,439_I_Martensite_11,.png,96,96,RGB
D:\AI_Materials_Microscopy\data\raw\Dataset\I_Martensite_11\440_I_Martensite_11.png,I_Martensite_11\440_I_Martensite_11.png,440_I_Martensite_11.png,440_I_Martensite_11,.png,96,96,RGB
D:\AI_Materials_Microscopy\data\raw\Dataset\I_Martensite_11\441_I_Martensite_11.png,I_Martensite_11\441_I_Martensite_11.png,441_I_Martensite_11.png,441_I_Martensite_11,.png,96,96,RGB
D:\AI_Materials_Microscopy\data\raw\Dataset\I_Martensite_11\442_I_Martensite_11.png,I_Martensite_11\442_I_Martensite_11.png,442_I_Martensite_11.png,442_I_Martensite_11,.png,96,96,RGB
D:\AI_Materials_Microscopy\data\raw\Dataset\I_Martensite_11\443_I_Martensite_11.png,I_Martensite_11\443_I_Martensite_11.png,443_I_Martensite_11.png,443_I_Martensite_11,.png,96,96,RGB
D:\AI_Materials_Microscopy\data\raw\Dataset\I_Martensite_11\444_I_Martensite_11.png,I_Martensite_11\444_I_Martensite_11.png,444_I_Martensite_11.png,444_I_Martensite_11,.png,96,96,RGB
D:\AI_Materials_Microscopy\data\raw\Dataset\I_Martensite_11\445_I_Martensite_11.png,I_Martensite_11\445_I_Martensite_11.png,445_I_Martensite_11.png,445_I_Martensite_11,.png,96,96,RGB
D:\AI_Materials_Microscopy\data\raw\Dataset\I_Martensite_11\446_I_Martensite_11.png,I_Martensite_11\446_I_Martensite_11.png,446_I_Martensite_11.png,446_I_Martensite_11,.png,256,256,RGB
D:\AI_Materials_Microscopy\data\raw\Dataset\I_Martensite_11\447_I_Martensite_11.png,I_Martensite_11\447_I_Martensite_11.png,447_I_Martensite_11.png,447_I_Martensite_11,.png,256,256,RGB
D:\AI_Materials_Microscopy\data\raw\Dataset\I_Martensite_11\448_I_Martensite_11.png,I_Martensite_11\448_I_Martensite_11.png,448_I_Martensite_11.png,448_I_Martensite_11,.png,256,256,RGB
D:\AI_Materials_Microscopy\data\raw\Dataset\I_Martensite_11\449_I_Martensite_11.png,I_Martensite_11\449_I_Martensite_11.png,449_I_Martensite_11.png,449_I_Martensite_11,.png,256,256,RGB
D:\AI_Materials_Microscopy\data\raw\Dataset\I_Martensite_11\450_I_Martensite_11.png,I_Martensite_11\450_I_Martensite_11.png,450_I_Martensite_11.png,450_I_Martensite_11,.png,256,256,RGB
D:\AI_Materials_Microscopy\data\raw\Dataset\I_Martensite_11\451_I_Martensite_11.png,I_Martensite_11\451_I_Martensite_11.png,451_I_Martensite_11.png,451_I_Martensite_11,.png,256,256,RGB
D:\AI_Materials_Microscopy\data\raw\Dataset\I_Martensite_11\452_I_Martensite_11.png,I_Martensite_11\452_I_Martensite_11.png,452_I_Martensite_11.png,452_I_Martensite_11,.png,256,256,RGB
D:\AI_Materials_Microscopy\data\raw\Dataset\I_Martensite_11\453_I_Martensite_11.png,I_Martensite_11\453_I_Martensite_11.png,453_I_Martensite_11.png,453_I_Martensite_11,.png,256,256,RGB
D:\AI_Materials_Microscopy\data\raw\Dataset\I_Martensite_11\454_I_Martensite_11.png,I_Martensite_11\454_I_Martensite_11.png,454_I_Martensite_11.png,454_I_Martensite_11,.png,256,256,RGB
D:\AI_Materials_Microscopy\data\raw\Dataset\I_Martensite_11\455_I_Martensite_11.png,I_Martensite_11\455_I_Martensite_11.png,455_I_Martensite_11.png,455_I_Martensite_11,.png,256,256,RGB
D:\AI_Materials_Microscopy\data\raw\Dataset\I_Martensite_12\437_I_Martensite_12.png,I_Martensite_12\437_I_Martensite_12.png,437_I_Martensite_12.png,437_I_Martensite_12,.png,96,96,RGB
D:\AI_Materials_Microscopy\data\raw\Dataset\I_Martensite_12\438_I_Martensite_12.png,I_Martensite_12\438_I_Martensite_12.png,438_I_Martensite_12.png,438_I_Martensite_12,.png,96,96,RGB
D:\AI_Materials_Microscopy\data\raw\Dataset\I_Martensite_12\439_I_Martensite_12.png,I_Martensite_12\439_I_Martensite_12.png,439_I_Martensite_12.png,439_I_Martensite_12,.png,96,96,RGB
D:\AI_Materials_Microscopy\data\raw\Dataset\I_Martensite_12\440_I_Martensite_12.png,I_Martensite_12\440_I_Martensite_12.png,440_I_Martensite_12.png,440_I_Martensite_12,.png,96,96,RGB
D:\AI_Materials_Microscopy\data\raw\Dataset\I_Martensite_12\441_I_Martensite_12.png,I_Martensite_12\441_I_Martensite_12.png,441_I_Martensite_12.png,441_I_Martensite_12,.png,96,96,RGB
D:\AI_Materials_Microscopy\data\raw\Dataset\I_Martensite_12\442_I_Martensite_12.png,I_Martensite_12\442_I_Martensite_12.png,442_I_Martensite_12.png,442_I_Martensite_12,.png,96,96,RGB
D:\AI_Materials_Microscopy\data\raw\Dataset\I_Martensite_12\443_I_Martensite_12.png,I_Martensite_12\443_I_Martensite_12.png,443_I_Martensite_12.png,443_I_Martensite_12,.png,96,96,RGB
D:\AI_Materials_Microscopy\data\raw\Dataset\I_Martensite_12\444_I_Martensite_12.png,I_Martensite_12\444_I_Martensite_12.png,444_I_Martensite_12.png,444_I_Martensite_12,.png,96,96,RGB
D:\AI_Materials_Microscopy\data\raw\Dataset\I_Martensite_12\445_I_Martensite_12.png,I_Martensite_12\445_I_Martensite_12.png,445_I_Martensite_12.png,445_I_Martensite_12,.png,96,96,RGB
D:\AI_Materials_Microscopy\data\raw\Dataset\I_Martensite_12\446_I_Martensite_12.png,I_Martensite_12\446_I_Martensite_12.png,446_I_Martensite_12.png,446_I_Martensite_12,.png,256,256,RGB
D:\AI_Materials_Microscopy\data\raw\Dataset\I_Martensite_12\447_I_Martensite_12.png,I_Martensite_12\447_I_Martensite_12.png,447_I_Martensite_12.png,447_I_Martensite_12,.png,256,256,RGB
D:\AI_Materials_Microscopy\data\raw\Dataset\I_Martensite_12\448_I_Martensite_12.png,I_Martensite_12\448_I_Martensite_12.png,448_I_Martensite_12.png,448_I_Martensite_12,.png,256,256,RGB
D:\AI_Materials_Microscopy\data\raw\Dataset\I_Martensite_12\449_I_Martensite_12.png,I_Martensite_12\449_I_Martensite_12.png,449_I_Martensite_12.png,449_I_Martensite_12,.png,256,256,RGB
D:\AI_Materials_Microscopy\data\raw\Dataset\I_Martensite_12\450_I_Martensite_12.png,I_Martensite_12\450_I_Martensite_12.png,450_I_Martensite_12.png,450_I_Martensite_12,.png,256,256,RGB
D:\AI_Materials_Microscopy\data\raw\Dataset\I_Martensite_12\451_I_Martensite_12.png,I_Martensite_12\451_I_Martensite_12.png,451_I_Martensite_12.png,451_I_Martensite_12,.png,256,256,RGB
D:\AI_Materials_Microscopy\data\raw\Dataset\I_Martensite_12\452_I_Martensite_12.png,I_Martensite_12\452_I_Martensite_12.png,452_I_Martensite_12.png,452_I_Martensite_12,.png,256,256,RGB
D:\AI_Materials_Microscopy\data\raw\Dataset\I_Martensite_12\453_I_Martensite_12.png,I_Martensite_12\453_I_Martensite_12.png,453_I_Martensite_12.png,453_I_Martensite_12,.png,256,256,RGB
D:\AI_Materials_Microscopy\data\raw\Dataset\I_Martensite_12\454_I_Martensite_12.png,I_Martensite_12\454_I_Martensite_12.png,454_I_Martensite_12.png,454_I_Martensite_12,.png,256,256,RGB
D:\AI_Materials_Microscopy\data\raw\Dataset\I_Martensite_12\455_I_Martensite_12.png,I_Martensite_12\455_I_Martensite_12.png,455_I_Martensite_12.png,455_I_Martensite_12,.png,256,256,RGB
D:\AI_Materials_Microscopy\data\raw\Dataset\I_Martensite_2\437_I_Martensite_02.png,I_Martensite_2\437_I_Martensite_02.png,437_I_Martensite_02.png,437_I_Martensite_02,.png,96,96,RGB
D:\AI_Materials_Microscopy\data\raw\Dataset\I_Martensite_2\438_I_Martensite_02.png,I_Martensite_2\438_I_Martensite_02.png,438_I_Martensite_02.png,438_I_Martensite_02,.png,96,96,RGB
D:\AI_Materials_Microscopy\data\raw\Dataset\I_Martensite_2\439_I_Martensite_02.png,I_Martensite_2\439_I_Martensite_02.png,439_I_Martensite_02.png,439_I_Martensite_02,.png,96,96,RGB
D:\AI_Materials_Microscopy\data\raw\Dataset\I_Martensite_2\440_I_Martensite_02.png,I_Martensite_2\440_I_Martensite_02.png,440_I_Martensite_02.png,440_I_Martensite_02,.png,96,96,RGB
D:\AI_Materials_Microscopy\data\raw\Dataset\I_Martensite_2\441_I_Martensite_02.png,I_Martensite_2\441_I_Martensite_02.png,441_I_Martensite_02.png,441_I_Martensite_02,.png,96,96,RGB
D:\AI_Materials_Microscopy\data\raw\Dataset\I_Martensite_2\442_I_Martensite_02.png,I_Martensite_2\442_I_Martensite_02.png,442_I_Martensite_02.png,442_I_Martensite_02,.png,96,96,RGB
D:\AI_Materials_Microscopy\data\raw\Dataset\I_Martensite_2\443_I_Martensite_02.png,I_Martensite_2\443_I_Martensite_02.png,443_I_Martensite_02.png,443_I_Martensite_02,.png,96,96,RGB
D:\AI_Materials_Microscopy\data\raw\Dataset\I_Martensite_2\444_I_Martensite_02.png,I_Martensite_2\444_I_Martensite_02.png,444_I_Martensite_02.png,444_I_Martensite_02,.png,96,96,RGB
D:\AI_Materials_Microscopy\data\raw\Dataset\I_Martensite_2\445_I_Martensite_02.png,I_Martensite_2\445_I_Martensite_02.png,445_I_Martensite_02.png,445_I_Martensite_02,.png,96,96,RGB
D:\AI_Materials_Microscopy\data\raw\Dataset\I_Martensite_2\446_I_Martensite_02.png,I_Martensite_2\446_I_Martensite_02.png,446_I_Martensite_02.png,446_I_Martensite_02,.png,256,256,RGB
D:\AI_Materials_Microscopy\data\raw\Dataset\I_Martensite_2\447_I_Martensite_02.png,I_Martensite_2\447_I_Martensite_02.png,447_I_Martensite_02.png,447_I_Martensite_02,.png,256,256,RGB
D:\AI_Materials_Microscopy\data\raw\Dataset\I_Martensite_2\448_I_Martensite_02.png,I_Martensite_2\448_I_Martensite_02.png,448_I_Martensite_02.png,448_I_Martensite_02,.png,256,256,RGB
D:\AI_Materials_Microscopy\data\raw\Dataset\I_Martensite_2\449_I_Martensite_02.png,I_Martensite_2\449_I_Martensite_02.png,449_I_Martensite_02.png,449_I_Martensite_02,.png,256,256,RGB
D:\AI_Materials_Microscopy\data\raw\Dataset\I_Martensite_2\450_I_Martensite_02.png,I_Martensite_2\450_I_Martensite_02.png,450_I_Martensite_02.png,450_I_Martensite_02,.png,256,256,RGB
D:\AI_Materials_Microscopy\data\raw\Dataset\I_Martensite_2\451_I_Martensite_02.png,I_Martensite_2\451_I_Martensite_02.png,451_I_Martensite_02.png,451_I_Martensite_02,.png,256,256,RGB
D:\AI_Materials_Microscopy\data\raw\Dataset\I_Martensite_2\452_I_Martensite_02.png,I_Martensite_2\452_I_Martensite_02.png,452_I_Martensite_02.png,452_I_Martensite_02,.png,256,256,RGB
D:\AI_Materials_Microscopy\data\raw\Dataset\I_Martensite_2\453_I_Martensite_02.png,I_Martensite_2\453_I_Martensite_02.png,453_I_Martensite_02.png,453_I_Martensite_02,.png,256,256,RGB
D:\AI_Materials_Microscopy\data\raw\Dataset\I_Martensite_2\454_I_Martensite_02.png,I_Martensite_2\454_I_Martensite_02.png,454_I_Martensite_02.png,454_I_Martensite_02,.png,256,256,RGB
D:\AI_Materials_Microscopy\data\raw\Dataset\I_Martensite_2\455_I_Martensite_02.png,I_Martensite_2\455_I_Martensite_02.png,455_I_Martensite_02.png,455_I_Martensite_02,.png,256,256,RGB
D:\AI_Materials_Microscopy\data\raw\Dataset\I_Martensite_3\437_I_Martensite_03.png,I_Martensite_3\437_I_Martensite_03.png,437_I_Martensite_03.png,437_I_Martensite_03,.png,96,96,RGB
D:\AI_Materials_Microscopy\data\raw\Dataset\I_Martensite_3\438_I_Martensite_03.png,I_Martensite_3\438_I_Martensite_03.png,438_I_Martensite_03.png,438_I_Martensite_03,.png,96,96,RGB
D:\AI_Materials_Microscopy\data\raw\Dataset\I_Martensite_3\439_I_Martensite_03.png,I_Martensite_3\439_I_Martensite_03.png,439_I_Martensite_03.png,439_I_Martensite_03,.png,96,96,RGB
D:\AI_Materials_Microscopy\data\raw\Dataset\I_Martensite_3\440_I_Martensite_03.png,I_Martensite_3\440_I_Martensite_03.png,440_I_Martensite_03.png,440_I_Martensite_03,.png,96,96,RGB
D:\AI_Materials_Microscopy\data\raw\Dataset\I_Martensite_3\441_I_Martensite_03.png,I_Martensite_3\441_I_Martensite_03.png,441_I_Martensite_03.png,441_I_Martensite_03,.png,96,96,RGB
D:\AI_Materials_Microscopy\data\raw\Dataset\I_Martensite_3\442_I_Martensite_03.png,I_Martensite_3\442_I_Martensite_03.png,442_I_Martensite_03.png,442_I_Martensite_03,.png,96,96,RGB
D:\AI_Materials_Microscopy\data\raw\Dataset\I_Martensite_3\443_I_Martensite_03.png,I_Martensite_3\443_I_Martensite_03.png,443_I_Martensite_03.png,443_I_Martensite_03,.png,96,96,RGB
D:\AI_Materials_Microscopy\data\raw\Dataset\I_Martensite_3\444_I_Martensite_03.png,I_Martensite_3\444_I_Martensite_03.png,444_I_Martensite_03.png,444_I_Martensite_03,.png,96,96,RGB
D:\AI_Materials_Microscopy\data\raw\Dataset\I_Martensite_3\445_I_Martensite_03.png,I_Martensite_3\445_I_Martensite_03.png,445_I_Martensite_03.png,445_I_Martensite_03,.png,96,96,RGB
D:\AI_Materials_Microscopy\data\raw\Dataset\I_Martensite_3\446_I_Martensite_03.png,I_Martensite_3\446_I_Martensite_03.png,446_I_Martensite_03.png,446_I_Martensite_03,.png,256,256,RGB
D:\AI_Materials_Microscopy\data\raw\Dataset\I_Martensite_3\447_I_Martensite_03.png,I_Martensite_3\447_I_Martensite_03.png,447_I_Martensite_03.png,447_I_Martensite_03,.png,256,256,RGB
D:\AI_Materials_Microscopy\data\raw\Dataset\I_Martensite_3\448_I_Martensite_03.png,I_Martensite_3\448_I_Martensite_03.png,448_I_Martensite_03.png,448_I_Martensite_03,.png,256,256,RGB
D:\AI_Materials_Microscopy\data\raw\Dataset\I_Martensite_3\449_I_Martensite_03.png,I_Martensite_3\449_I_Martensite_03.png,449_I_Martensite_03.png,449_I_Martensite_03,.png,256,256,RGB
D:\AI_Materials_Microscopy\data\raw\Dataset\I_Martensite_3\450_I_Martensite_03.png,I_Martensite_3\450_I_Martensite_03.png,450_I_Martensite_03.png,450_I_Martensite_03,.png,256,256,RGB
D:\AI_Materials_Microscopy\data\raw\Dataset\I_Martensite_3\451_I_Martensite_03.png,I_Martensite_3\451_I_Martensite_03.png,451_I_Martensite_03.png,451_I_Martensite_03,.png,256,256,RGB
D:\AI_Materials_Microscopy\data\raw\Dataset\I_Martensite_3\452_I_Martensite_03.png,I_Martensite_3\452_I_Martensite_03.png,452_I_Martensite_03.png,452_I_Martensite_03,.png,256,256,RGB
D:\AI_Materials_Microscopy\data\raw\Dataset\I_Martensite_3\453_I_Martensite_03.png,I_Martensite_3\453_I_Martensite_03.png,453_I_Martensite_03.png,453_I_Martensite_03,.png,256,256,RGB
D:\AI_Materials_Microscopy\data\raw\Dataset\I_Martensite_3\454_I_Martensite_03.png,I_Martensite_3\454_I_Martensite_03.png,454_I_Martensite_03.png,454_I_Martensite_03,.png,256,256,RGB
D:\AI_Materials_Microscopy\data\raw\Dataset\I_Martensite_3\455_I_Martensite_03.png,I_Martensite_3\455_I_Martensite_03.png,455_I_Martensite_03.png,455_I_Martensite_03,.png,256,256,RGB
D:\AI_Materials_Microscopy\data\raw\Dataset\I_Martensite_4\437_I_Martensite_04.png,I_Martensite_4\437_I_Martensite_04.png,437_I_Martensite_04.png,437_I_Martensite_04,.png,96,96,RGB
D:\AI_Materials_Microscopy\data\raw\Dataset\I_Martensite_4\438_I_Martensite_04.png,I_Martensite_4\438_I_Martensite_04.png,438_I_Martensite_04.png,438_I_Martensite_04,.png,96,96,RGB
D:\AI_Materials_Microscopy\data\raw\Dataset\I_Martensite_4\439_I_Martensite_04.png,I_Martensite_4\439_I_Martensite_04.png,439_I_Martensite_04.png,439_I_Martensite_04,.png,96,96,RGB
D:\AI_Materials_Microscopy\data\raw\Dataset\I_Martensite_4\440_I_Martensite_04.png,I_Martensite_4\440_I_Martensite_04.png,440_I_Martensite_04.png,440_I_Martensite_04,.png,96,96,RGB
D:\AI_Materials_Microscopy\data\raw\Dataset\I_Martensite_4\441_I_Martensite_04.png,I_Martensite_4\441_I_Martensite_04.png,441_I_Martensite_04.png,441_I_Martensite_04,.png,96,96,RGB
D:\AI_Materials_Microscopy\data\raw\Dataset\I_Martensite_4\442_I_Martensite_04.png,I_Martensite_4\442_I_Martensite_04.png,442_I_Martensite_04.png,442_I_Martensite_04,.png,96,96,RGB
D:\AI_Materials_Microscopy\data\raw\Dataset\I_Martensite_4\443_I_Martensite_04.png,I_Martensite_4\443_I_Martensite_04.png,443_I_Martensite_04.png,443_I_Martensite_04,.png,96,96,RGB
D:\AI_Materials_Microscopy\data\raw\Dataset\I_Martensite_4\444_I_Martensite_04.png,I_Martensite_4\444_I_Martensite_04.png,444_I_Martensite_04.png,444_I_Martensite_04,.png,96,96,RGB
D:\AI_Materials_Microscopy\data\raw\Dataset\I_Martensite_4\445_I_Martensite_04.png,I_Martensite_4\445_I_Martensite_04.png,445_I_Martensite_04.png,445_I_Martensite_04,.png,96,96,RGB
D:\AI_Materials_Microscopy\data\raw\Dataset\I_Martensite_4\446_I_Martensite_04.png,I_Martensite_4\446_I_Martensite_04.png,446_I_Martensite_04.png,446_I_Martensite_04,.png,256,256,RGB
D:\AI_Materials_Microscopy\data\raw\Dataset\I_Martensite_4\447_I_Martensite_04.png,I_Martensite_4\447_I_Martensite_04.png,447_I_Martensite_04.png,447_I_Martensite_04,.png,256,256,RGB
D:\AI_Materials_Microscopy\data\raw\Dataset\I_Martensite_4\448_I_Martensite_04.png,I_Martensite_4\448_I_Martensite_04.png,448_I_Martensite_04.png,448_I_Martensite_04,.png,256,256,RGB
D:\AI_Materials_Microscopy\data\raw\Dataset\I_Martensite_4\449_I_Martensite_04.png,I_Martensite_4\449_I_Martensite_04.png,449_I_Martensite_04.png,449_I_Martensite_04,.png,256,256,RGB
D:\AI_Materials_Microscopy\data\raw\Dataset\I_Martensite_4\450_I_Martensite_04.png,I_Martensite_4\450_I_Martensite_04.png,450_I_Martensite_04.png,450_I_Martensite_04,.png,256,256,RGB
D:\AI_Materials_Microscopy\data\raw\Dataset\I_Martensite_4\451_I_Martensite_04.png,I_Martensite_4\451_I_Martensite_04.png,451_I_Martensite_04.png,451_I_Martensite_04,.png,256,256,RGB
D:\AI_Materials_Microscopy\data\raw\Dataset\I_Martensite_4\452_I_Martensite_04.png,I_Martensite_4\452_I_Martensite_04.png,452_I_Martensite_04.png,452_I_Martensite_04,.png,256,256,RGB
D:\AI_Materials_Microscopy\data\raw\Dataset\I_Martensite_4\453_I_Martensite_04.png,I_Martensite_4\453_I_Martensite_04.png,453_I_Martensite_04.png,453_I_Martensite_04,.png,256,256,RGB
D:\AI_Materials_Microscopy\data\raw\Dataset\I_Martensite_4\454_I_Martensite_04.png,I_Martensite_4\454_I_Martensite_04.png,454_I_Martensite_04.png,454_I_Martensite_04,.png,256,256,RGB
D:\AI_Materials_Microscopy\data\raw\Dataset\I_Martensite_4\455_I_Martensite_04.png,I_Martensite_4\455_I_Martensite_04.png,455_I_Martensite_04.png,455_I_Martensite_04,.png,256,256,RGB
D:\AI_Materials_Microscopy\data\raw\Dataset\I_Martensite_5\437_I_Martensite_05.png,I_Martensite_5\437_I_Martensite_05.png,437_I_Martensite_05.png,437_I_Martensite_05,.png,96,96,RGB
D:\AI_Materials_Microscopy\data\raw\Dataset\I_Martensite_5\438_I_Martensite_05.png,I_Martensite_5\438_I_Martensite_05.png,438_I_Martensite_05.png,438_I_Martensite_05,.png,96,96,RGB
D:\AI_Materials_Microscopy\data\raw\Dataset\I_Martensite_5\439_I_Martensite_05.png,I_Martensite_5\439_I_Martensite_05.png,439_I_Martensite_05.png,439_I_Martensite_05,.png,96,96,RGB
D:\AI_Materials_Microscopy\data\raw\Dataset\I_Martensite_5\440_I_Martensite_05.png,I_Martensite_5\440_I_Martensite_05.png,440_I_Martensite_05.png,440_I_Martensite_05,.png,96,96,RGB
D:\AI_Materials_Microscopy\data\raw\Dataset\I_Martensite_5\441_I_Martensite_05.png,I_Martensite_5\441_I_Martensite_05.png,441_I_Martensite_05.png,441_I_Martensite_05,.png,96,96,RGB
D:\AI_Materials_Microscopy\data\raw\Dataset\I_Martensite_5\442_I_Martensite_05.png,I_Martensite_5\442_I_Martensite_05.png,442_I_Martensite_05.png,442_I_Martensite_05,.png,96,96,RGB
D:\AI_Materials_Microscopy\data\raw\Dataset\I_Martensite_5\443_I_Martensite_05.png,I_Martensite_5\443_I_Martensite_05.png,443_I_Martensite_05.png,443_I_Martensite_05,.png,96,96,RGB
D:\AI_Materials_Microscopy\data\raw\Dataset\I_Martensite_5\444_I_Martensite_05.png,I_Martensite_5\444_I_Martensite_05.png,444_I_Martensite_05.png,444_I_Martensite_05,.png,96,96,RGB
D:\AI_Materials_Microscopy\data\raw\Dataset\I_Martensite_5\445_I_Martensite_05.png,I_Martensite_5\445_I_Martensite_05.png,445_I_Martensite_05.png,445_I_Martensite_05,.png,96,96,RGB
D:\AI_Materials_Microscopy\data\raw\Dataset\I_Martensite_5\446_I_Martensite_05.png,I_Martensite_5\446_I_Martensite_05.png,446_I_Martensite_05.png,446_I_Martensite_05,.png,256,256,RGB
D:\AI_Materials_Microscopy\data\raw\Dataset\I_Martensite_5\447_I_Martensite_05.png,I_Martensite_5\447_I_Martensite_05.png,447_I_Martensite_05.png,447_I_Martensite_05,.png,256,256,RGB
D:\AI_Materials_Microscopy\data\raw\Dataset\I_Martensite_5\448_I_Martensite_05.png,I_Martensite_5\448_I_Martensite_05.png,448_I_Martensite_05.png,448_I_Martensite_05,.png,256,256,RGB
D:\AI_Materials_Microscopy\data\raw\Dataset\I_Martensite_5\449_I_Martensite_05.png,I_Martensite_5\449_I_Martensite_05.png,449_I_Martensite_05.png,449_I_Martensite_05,.png,256,256,RGB
D:\AI_Materials_Microscopy\data\raw\Dataset\I_Martensite_5\450_I_Martensite_05.png,I_Martensite_5\450_I_Martensite_05.png,450_I_Martensite_05.png,450_I_Martensite_05,.png,256,256,RGB
D:\AI_Materials_Microscopy\data\raw\Dataset\I_Martensite_5\451_I_Martensite_05.png,I_Martensite_5\451_I_Martensite_05.png,451_I_Martensite_05.png,451_I_Martensite_05,.png,256,256,RGB
D:\AI_Materials_Microscopy\data\raw\Dataset\I_Martensite_5\452_I_Martensite_05.png,I_Martensite_5\452_I_Martensite_05.png,452_I_Martensite_05.png,452_I_Martensite_05,.png,256,256,RGB
D:\AI_Materials_Microscopy\data\raw\Dataset\I_Martensite_5\453_I_Martensite_05.png,I_Martensite_5\453_I_Martensite_05.png,453_I_Martensite_05.png,453_I_Martensite_05,.png,256,256,RGB
D:\AI_Materials_Microscopy\data\raw\Dataset\I_Martensite_5\454_I_Martensite_05.png,I_Martensite_5\454_I_Martensite_05.png,454_I_Martensite_05.png,454_I_Martensite_05,.png,256,256,RGB
D:\AI_Materials_Microscopy\data\raw\Dataset\I_Martensite_5\455_I_Martensite_05.png,I_Martensite_5\455_I_Martensite_05.png,455_I_Martensite_05.png,455_I_Martensite_05,.png,256,256,RGB
D:\AI_Materials_Microscopy\data\raw\Dataset\I_Martensite_6\437_I_Martensite_06.png,I_Martensite_6\437_I_Martensite_06.png,437_I_Martensite_06.png,437_I_Martensite_06,.png,96,96,RGB
D:\AI_Materials_Microscopy\data\raw\Dataset\I_Martensite_6\438_I_Martensite_06.png,I_Martensite_6\438_I_Martensite_06.png,438_I_Martensite_06.png,438_I_Martensite_06,.png,96,96,RGB
D:\AI_Materials_Microscopy\data\raw\Dataset\I_Martensite_6\439_I_Martensite_06.png,I_Martensite_6\439_I_Martensite_06.png,439_I_Martensite_06.png,439_I_Martensite_06,.png,96,96,RGB
D:\AI_Materials_Microscopy\data\raw\Dataset\I_Martensite_6\440_I_Martensite_06.png,I_Martensite_6\440_I_Martensite_06.png,440_I_Martensite_06.png,440_I_Martensite_06,.png,96,96,RGB
D:\AI_Materials_Microscopy\data\raw\Dataset\I_Martensite_6\441_I_Martensite_06.png,I_Martensite_6\441_I_Martensite_06.png,441_I_Martensite_06.png,441_I_Martensite_06,.png,96,96,RGB
D:\AI_Materials_Microscopy\data\raw\Dataset\I_Martensite_6\442_I_Martensite_06.png,I_Martensite_6\442_I_Martensite_06.png,442_I_Martensite_06.png,442_I_Martensite_06,.png,96,96,RGB
D:\AI_Materials_Microscopy\data\raw\Dataset\I_Martensite_6\443_I_Martensite_06.png,I_Martensite_6\443_I_Martensite_06.png,443_I_Martensite_06.png,443_I_Martensite_06,.png,96,96,RGB
D:\AI_Materials_Microscopy\data\raw\Dataset\I_Martensite_6\444_I_Martensite_06.png,I_Martensite_6\444_I_Martensite_06.png,444_I_Martensite_06.png,444_I_Martensite_06,.png,96,96,RGB
D:\AI_Materials_Microscopy\data\raw\Dataset\I_Martensite_6\445_I_Martensite_06.png,I_Martensite_6\445_I_Martensite_06.png,445_I_Martensite_06.png,445_I_Martensite_06,.png,96,96,RGB
D:\AI_Materials_Microscopy\data\raw\Dataset\I_Martensite_6\446_I_Martensite_06.png,I_Martensite_6\446_I_Martensite_06.png,446_I_Martensite_06.png,446_I_Martensite_06,.png,256,256,RGB
D:\AI_Materials_Microscopy\data\raw\Dataset\I_Martensite_6\447_I_Martensite_06.png,I_Martensite_6\447_I_Martensite_06.png,447_I_Martensite_06.png,447_I_Martensite_06,.png,256,256,RGB
D:\AI_Materials_Microscopy\data\raw\Dataset\I_Martensite_6\448_I_Martensite_06.png,I_Martensite_6\448_I_Martensite_06.png,448_I_Martensite_06.png,448_I_Martensite_06,.png,256,256,RGB
D:\AI_Materials_Microscopy\data\raw\Dataset\I_Martensite_6\449_I_Martensite_06.png,I_Martensite_6\449_I_Martensite_06.png,449_I_Martensite_06.png,449_I_Martensite_06,.png,256,256,RGB
D:\AI_Materials_Microscopy\data\raw\Dataset\I_Martensite_6\450_I_Martensite_06.png,I_Martensite_6\450_I_Martensite_06.png,450_I_Martensite_06.png,450_I_Martensite_06,.png,256,256,RGB
D:\AI_Materials_Microscopy\data\raw\Dataset\I_Martensite_6\451_I_Martensite_06.png,I_Martensite_6\451_I_Martensite_06.png,451_I_Martensite_06.png,451_I_Martensite_06,.png,256,256,RGB
D:\AI_Materials_Microscopy\data\raw\Dataset\I_Martensite_6\452_I_Martensite_06.png,I_Martensite_6\452_I_Martensite_06.png,452_I_Martensite_06.png,452_I_Martensite_06,.png,256,256,RGB
D:\AI_Materials_Microscopy\data\raw\Dataset\I_Martensite_6\453_I_Martensite_06.png,I_Martensite_6\453_I_Martensite_06.png,453_I_Martensite_06.png,453_I_Martensite_06,.png,256,256,RGB
D:\AI_Materials_Microscopy\data\raw\Dataset\I_Martensite_6\454_I_Martensite_06.png,I_Martensite_6\454_I_Martensite_06.png,454_I_Martensite_06.png,454_I_Martensite_06,.png,256,256,RGB
D:\AI_Materials_Microscopy\data\raw\Dataset\I_Martensite_6\455_I_Martensite_06.png,I_Martensite_6\455_I_Martensite_06.png,455_I_Martensite_06.png,455_I_Martensite_06,.png,256,256,RGB
D:\AI_Materials_Microscopy\data\raw\Dataset\I_Martensite_7\437_I_Martensite_07.png,I_Martensite_7\437_I_Martensite_07.png,437_I_Martensite_07.png,437_I_Martensite_07,.png,96,96,RGB
D:\AI_Materials_Microscopy\data\raw\Dataset\I_Martensite_7\438_I_Martensite_07.png,I_Martensite_7\438_I_Martensite_07.png,438_I_Martensite_07.png,438_I_Martensite_07,.png,96,96,RGB
D:\AI_Materials_Microscopy\data\raw\Dataset\I_Martensite_7\439_I_Martensite_07.png,I_Martensite_7\439_I_Martensite_07.png,439_I_Martensite_07.png,439_I_Martensite_07,.png,96,96,RGB
D:\AI_Materials_Microscopy\data\raw\Dataset\I_Martensite_7\440_I_Martensite_07.png,I_Martensite_7\440_I_Martensite_07.png,440_I_Martensite_07.png,440_I_Martensite_07,.png,96,96,RGB
D:\AI_Materials_Microscopy\data\raw\Dataset\I_Martensite_7\441_I_Martensite_07.png,I_Martensite_7\441_I_Martensite_07.png,441_I_Martensite_07.png,441_I_Martensite_07,.png,96,96,RGB
D:\AI_Materials_Microscopy\data\raw\Dataset\I_Martensite_7\442_I_Martensite_07.png,I_Martensite_7\442_I_Martensite_07.png,442_I_Martensite_07.png,442_I_Martensite_07,.png,96,96,RGB
D:\AI_Materials_Microscopy\data\raw\Dataset\I_Martensite_7\443_I_Martensite_07.png,I_Martensite_7\443_I_Martensite_07.png,443_I_Martensite_07.png,443_I_Martensite_07,.png,96,96,RGB
D:\AI_Materials_Microscopy\data\raw\Dataset\I_Martensite_7\444_I_Martensite_07.png,I_Martensite_7\444_I_Martensite_07.png,444_I_Martensite_07.png,444_I_Martensite_07,.png,96,96,RGB
D:\AI_Materials_Microscopy\data\raw\Dataset\I_Martensite_7\445_I_Martensite_07.png,I_Martensite_7\445_I_Martensite_07.png,445_I_Martensite_07.png,445_I_Martensite_07,.png,96,96,RGB
D:\AI_Materials_Microscopy\data\raw\Dataset\I_Martensite_7\446_I_Martensite_07.png,I_Martensite_7\446_I_Martensite_07.png,446_I_Martensite_07.png,446_I_Martensite_07,.png,256,256,RGB
D:\AI_Materials_Microscopy\data\raw\Dataset\I_Martensite_7\447_I_Martensite_07.png,I_Martensite_7\447_I_Martensite_07.png,447_I_Martensite_07.png,447_I_Martensite_07,.png,256,256,RGB
D:\AI_Materials_Microscopy\data\raw\Dataset\I_Martensite_7\448_I_Martensite_07.png,I_Martensite_7\448_I_Martensite_07.png,448_I_Martensite_07.png,448_I_Martensite_07,.png,256,256,RGB
D:\AI_Materials_Microscopy\data\raw\Dataset\I_Martensite_7\449_I_Martensite_07.png,I_Martensite_7\449_I_Martensite_07.png,449_I_Martensite_07.png,449_I_Martensite_07,.png,256,256,RGB
D:\AI_Materials_Microscopy\data\raw\Dataset\I_Martensite_7\450_I_Martensite_07.png,I_Martensite_7\450_I_Martensite_07.png,450_I_Martensite_07.png,450_I_Martensite_07,.png,256,256,RGB
D:\AI_Materials_Microscopy\data\raw\Dataset\I_Martensite_7\451_I_Martensite_07.png,I_Martensite_7\451_I_Martensite_07.png,451_I_Martensite_07.png,451_I_Martensite_07,.png,256,256,RGB
D:\AI_Materials_Microscopy\data\raw\Dataset\I_Martensite_7\452_I_Martensite_07.png,I_Martensite_7\452_I_Martensite_07.png,452_I_Martensite_07.png,452_I_Martensite_07,.png,256,256,RGB
D:\AI_Materials_Microscopy\data\raw\Dataset\I_Martensite_7\453_I_Martensite_07.png,I_Martensite_7\453_I_Martensite_07.png,453_I_Martensite_07.png,453_I_Martensite_07,.png,256,256,RGB
D:\AI_Materials_Microscopy\data\raw\Dataset\I_Martensite_7\454_I_Martensite_07.png,I_Martensite_7\454_I_Martensite_07.png,454_I_Martensite_07.png,454_I_Martensite_07,.png,256,256,RGB
D:\AI_Materials_Microscopy\data\raw\Dataset\I_Martensite_7\455_I_Martensite_07.png,I_Martensite_7\455_I_Martensite_07.png,455_I_Martensite_07.png,455_I_Martensite_07,.png,256,256,RGB
D:\AI_Materials_Microscopy\data\raw\Dataset\I_Martensite_8\437_I_Martensite_08.png,I_Martensite_8\437_I_Martensite_08.png,437_I_Martensite_08.png,437_I_Martensite_08,.png,96,96,RGB
D:\AI_Materials_Microscopy\data\raw\Dataset\I_Martensite_8\438_I_Martensite_08.png,I_Martensite_8\438_I_Martensite_08.png,438_I_Martensite_08.png,438_I_Martensite_08,.png,96,96,RGB
D:\AI_Materials_Microscopy\data\raw\Dataset\I_Martensite_8\439_I_Martensite_08.png,I_Martensite_8\439_I_Martensite_08.png,439_I_Martensite_08.png,439_I_Martensite_08,.png,96,96,RGB
D:\AI_Materials_Microscopy\data\raw\Dataset\I_Martensite_8\440_I_Martensite_08.png,I_Martensite_8\440_I_Martensite_08.png,440_I_Martensite_08.png,440_I_Martensite_08,.png,96,96,RGB
D:\AI_Materials_Microscopy\data\raw\Dataset\I_Martensite_8\441_I_Martensite_08.png,I_Martensite_8\441_I_Martensite_08.png,441_I_Martensite_08.png,441_I_Martensite_08,.png,96,96,RGB
D:\AI_Materials_Microscopy\data\raw\Dataset\I_Martensite_8\442_I_Martensite_08.png,I_Martensite_8\442_I_Martensite_08.png,442_I_Martensite_08.png,442_I_Martensite_08,.png,96,96,RGB
D:\AI_Materials_Microscopy\data\raw\Dataset\I_Martensite_8\443_I_Martensite_08.png,I_Martensite_8\443_I_Martensite_08.png,443_I_Martensite_08.png,443_I_Martensite_08,.png,96,96,RGB
D:\AI_Materials_Microscopy\data\raw\Dataset\I_Martensite_8\444_I_Martensite_08.png,I_Martensite_8\444_I_Martensite_08.png,444_I_Martensite_08.png,444_I_Martensite_08,.png,96,96,RGB
D:\AI_Materials_Microscopy\data\raw\Dataset\I_Martensite_8\445_I_Martensite_08.png,I_Martensite_8\445_I_Martensite_08.png,445_I_Martensite_08.png,445_I_Martensite_08,.png,96,96,RGB
D:\AI_Materials_Microscopy\data\raw\Dataset\I_Martensite_8\446_I_Martensite_08.png,I_Martensite_8\446_I_Martensite_08.png,446_I_Martensite_08.png,446_I_Martensite_08,.png,256,256,RGB
D:\AI_Materials_Microscopy\data\raw\Dataset\I_Martensite_8\447_I_Martensite_08.png,I_Martensite_8\447_I_Martensite_08.png,447_I_Martensite_08.png,447_I_Martensite_08,.png,256,256,RGB
D:\AI_Materials_Microscopy\data\raw\Dataset\I_Martensite_8\448_I_Martensite_08.png,I_Martensite_8\448_I_Martensite_08.png,448_I_Martensite_08.png,448_I_Martensite_08,.png,256,256,RGB
D:\AI_Materials_Microscopy\data\raw\Dataset\I_Martensite_8\449_I_Martensite_08.png,I_Martensite_8\449_I_Martensite_08.png,449_I_Martensite_08.png,449_I_Martensite_08,.png,256,256,RGB
D:\AI_Materials_Microscopy\data\raw\Dataset\I_Martensite_8\450_I_Martensite_08.png,I_Martensite_8\450_I_Martensite_08.png,450_I_Martensite_08.png,450_I_Martensite_08,.png,256,256,RGB
D:\AI_Materials_Microscopy\data\raw\Dataset\I_Martensite_8\451_I_Martensite_08.png,I_Martensite_8\451_I_Martensite_08.png,451_I_Martensite_08.png,451_I_Martensite_08,.png,256,256,RGB
D:\AI_Materials_Microscopy\data\raw\Dataset\I_Martensite_8\452_I_Martensite_08.png,I_Martensite_8\452_I_Martensite_08.png,452_I_Martensite_08.png,452_I_Martensite_08,.png,256,256,RGB
D:\AI_Materials_Microscopy\data\raw\Dataset\I_Martensite_8\453_I_Martensite_08.png,I_Martensite_8\453_I_Martensite_08.png,453_I_Martensite_08.png,453_I_Martensite_08,.png,256,256,RGB
D:\AI_Materials_Microscopy\data\raw\Dataset\I_Martensite_8\454_I_Martensite_08.png,I_Martensite_8\454_I_Martensite_08.png,454_I_Martensite_08.png,454_I_Martensite_08,.png,256,256,RGB
D:\AI_Materials_Microscopy\data\raw\Dataset\I_Martensite_8\455_I_Martensite_08.png,I_Martensite_8\455_I_Martensite_08.png,455_I_Martensite_08.png,455_I_Martensite_08,.png,256,256,RGB
D:\AI_Materials_Microscopy\data\raw\Dataset\I_Martensite_9\437_I_Martensite_09.png,I_Martensite_9\437_I_Martensite_09.png,437_I_Martensite_09.png,437_I_Martensite_09,.png,96,96,RGB
D:\AI_Materials_Microscopy\data\raw\Dataset\I_Martensite_9\438_I_Martensite_09.png,I_Martensite_9\438_I_Martensite_09.png,438_I_Martensite_09.png,438_I_Martensite_09,.png,96,96,RGB
D:\AI_Materials_Microscopy\data\raw\Dataset\I_Martensite_9\439_I_Martensite_09.png,I_Martensite_9\439_I_Martensite_09.png,439_I_Martensite_09.png,439_I_Martensite_09,.png,96,96,RGB
D:\AI_Materials_Microscopy\data\raw\Dataset\I_Martensite_9\440_I_Martensite_09.png,I_Martensite_9\440_I_Martensite_09.png,440_I_Martensite_09.png,440_I_Martensite_09,.png,96,96,RGB
D:\AI_Materials_Microscopy\data\raw\Dataset\I_Martensite_9\441_I_Martensite_09.png,I_Martensite_9\441_I_Martensite_09.png,441_I_Martensite_09.png,441_I_Martensite_09,.png,96,96,RGB
D:\AI_Materials_Microscopy\data\raw\Dataset\I_Martensite_9\442_I_Martensite_09.png,I_Martensite_9\442_I_Martensite_09.png,442_I_Martensite_09.png,442_I_Martensite_09,.png,96,96,RGB
D:\AI_Materials_Microscopy\data\raw\Dataset\I_Martensite_9\443_I_Martensite_09.png,I_Martensite_9\443_I_Martensite_09.png,443_I_Martensite_09.png,443_I_Martensite_09,.png,96,96,RGB
D:\AI_Materials_Microscopy\data\raw\Dataset\I_Martensite_9\444_I_Martensite_09.png,I_Martensite_9\444_I_Martensite_09.png,444_I_Martensite_09.png,444_I_Martensite_09,.png,96,96,RGB
D:\AI_Materials_Microscopy\data\raw\Dataset\I_Martensite_9\445_I_Martensite_09.png,I_Martensite_9\445_I_Martensite_09.png,445_I_Martensite_09.png,445_I_Martensite_09,.png,96,96,RGB
D:\AI_Materials_Microscopy\data\raw\Dataset\I_Martensite_9\446_I_Martensite_09.png,I_Martensite_9\446_I_Martensite_09.png,446_I_Martensite_09.png,446_I_Martensite_09,.png,256,256,RGB
D:\AI_Materials_Microscopy\data\raw\Dataset\I_Martensite_9\447_I_Martensite_09.png,I_Martensite_9\447_I_Martensite_09.png,447_I_Martensite_09.png,447_I_Martensite_09,.png,256,256,RGB
D:\AI_Materials_Microscopy\data\raw\Dataset\I_Martensite_9\448_I_Martensite_09.png,I_Martensite_9\448_I_Martensite_09.png,448_I_Martensite_09.png,448_I_Martensite_09,.png,256,256,RGB
D:\AI_Materials_Microscopy\data\raw\Dataset\I_Martensite_9\449_I_Martensite_09.png,I_Martensite_9\449_I_Martensite_09.png,449_I_Martensite_09.png,449_I_Martensite_09,.png,256,256,RGB
D:\AI_Materials_Microscopy\data\raw\Dataset\I_Martensite_9\450_I_Martensite_09.png,I_Martensite_9\450_I_Martensite_09.png,450_I_Martensite_09.png,450_I_Martensite_09,.png,256,256,RGB
D:\AI_Materials_Microscopy\data\raw\Dataset\I_Martensite_9\451_I_Martensite_09.png,I_Martensite_9\451_I_Martensite_09.png,451_I_Martensite_09.png,451_I_Martensite_09,.png,256,256,RGB
D:\AI_Materials_Microscopy\data\raw\Dataset\I_Martensite_9\452_I_Martensite_09.png,I_Martensite_9\452_I_Martensite_09.png,452_I_Martensite_09.png,452_I_Martensite_09,.png,256,256,RGB
D:\AI_Materials_Microscopy\data\raw\Dataset\I_Martensite_9\453_I_Martensite_09.png,I_Martensite_9\453_I_Martensite_09.png,453_I_Martensite_09.png,453_I_Martensite_09,.png,256,256,RGB
D:\AI_Materials_Microscopy\data\raw\Dataset\I_Martensite_9\454_I_Martensite_09.png,I_Martensite_9\454_I_Martensite_09.png,454_I_Martensite_09.png,454_I_Martensite_09,.png,256,256,RGB
D:\AI_Materials_Microscopy\data\raw\Dataset\I_Martensite_9\455_I_Martensite_09.png,I_Martensite_9\455_I_Martensite_09.png,455_I_Martensite_09.png,455_I_Martensite_09,.png,256,256,RGB
D:\AI_Materials_Microscopy\data\raw\Dataset\J_Martensite_1\513_J_Martensite_01.png,J_Martensite_1\513_J_Martensite_01.png,513_J_Martensite_01.png,513_J_Martensite_01,.png,96,96,RGB
D:\AI_Materials_Microscopy\data\raw\Dataset\J_Martensite_1\514_J_Martensite_01.png,J_Martensite_1\514_J_Martensite_01.png,514_J_Martensite_01.png,514_J_Martensite_01,.png,96,96,RGB
D:\AI_Materials_Microscopy\data\raw\Dataset\J_Martensite_1\515_J_Martensite_01.png,J_Martensite_1\515_J_Martensite_01.png,515_J_Martensite_01.png,515_J_Martensite_01,.png,96,96,RGB
D:\AI_Materials_Microscopy\data\raw\Dataset\J_Martensite_1\516_J_Martensite_01.png,J_Martensite_1\516_J_Martensite_01.png,516_J_Martensite_01.png,516_J_Martensite_01,.png,96,96,RGB
D:\AI_Materials_Microscopy\data\raw\Dataset\J_Martensite_1\517_J_Martensite_01.png,J_Martensite_1\517_J_Martensite_01.png,517_J_Martensite_01.png,517_J_Martensite_01,.png,96,96,RGB
D:\AI_Materials_Microscopy\data\raw\Dataset\J_Martensite_1\518_J_Martensite_01.png,J_Martensite_1\518_J_Martensite_01.png,518_J_Martensite_01.png,518_J_Martensite_01,.png,96,96,RGB
D:\AI_Materials_Microscopy\data\raw\Dataset\J_Martensite_1\519_J_Martensite_01.png,J_Martensite_1\519_J_Martensite_01.png,519_J_Martensite_01.png,519_J_Martensite_01,.png,96,96,RGB
D:\AI_Materials_Microscopy\data\raw\Dataset\J_Martensite_1\520_J_Martensite_01.png,J_Martensite_1\520_J_Martensite_01.png,520_J_Martensite_01.png,520_J_Martensite_01,.png,96,96,RGB
D:\AI_Materials_Microscopy\data\raw\Dataset\J_Martensite_1\521_J_Martensite_01.png,J_Martensite_1\521_J_Martensite_01.png,521_J_Martensite_01.png,521_J_Martensite_01,.png,96,96,RGB
D:\AI_Materials_Microscopy\data\raw\Dataset\J_Martensite_1\522_J_Martensite_01.png,J_Martensite_1\522_J_Martensite_01.png,522_J_Martensite_01.png,522_J_Martensite_01,.png,256,256,RGB
D:\AI_Materials_Microscopy\data\raw\Dataset\J_Martensite_1\523_J_Martensite_01.png,J_Martensite_1\523_J_Martensite_01.png,523_J_Martensite_01.png,523_J_Martensite_01,.png,256,256,RGB
D:\AI_Materials_Microscopy\data\raw\Dataset\J_Martensite_1\524_J_Martensite_01.png,J_Martensite_1\524_J_Martensite_01.png,524_J_Martensite_01.png,524_J_Martensite_01,.png,256,256,RGB
D:\AI_Materials_Microscopy\data\raw\Dataset\J_Martensite_1\525_J_Martensite_01.png,J_Martensite_1\525_J_Martensite_01.png,525_J_Martensite_01.png,525_J_Martensite_01,.png,256,256,RGB
D:\AI_Materials_Microscopy\data\raw\Dataset\J_Martensite_1\526_J_Martensite_01.png,J_Martensite_1\526_J_Martensite_01.png,526_J_Martensite_01.png,526_J_Martensite_01,.png,256,256,RGB
D:\AI_Materials_Microscopy\data\raw\Dataset\J_Martensite_1\527_J_Martensite_01.png,J_Martensite_1\527_J_Martensite_01.png,527_J_Martensite_01.png,527_J_Martensite_01,.png,256,256,RGB
D:\AI_Materials_Microscopy\data\raw\Dataset\J_Martensite_1\528_J_Martensite_01.png,J_Martensite_1\528_J_Martensite_01.png,528_J_Martensite_01.png,528_J_Martensite_01,.png,256,256,RGB
D:\AI_Materials_Microscopy\data\raw\Dataset\J_Martensite_1\529_J_Martensite_01.png,J_Martensite_1\529_J_Martensite_01.png,529_J_Martensite_01.png,529_J_Martensite_01,.png,256,256,RGB
D:\AI_Materials_Microscopy\data\raw\Dataset\J_Martensite_1\530_J_Martensite_01.png,J_Martensite_1\530_J_Martensite_01.png,530_J_Martensite_01.png,530_J_Martensite_01,.png,256,256,RGB
D:\AI_Materials_Microscopy\data\raw\Dataset\J_Martensite_1\531_J_Martensite_01.png,J_Martensite_1\531_J_Martensite_01.png,531_J_Martensite_01.png,531_J_Martensite_01,.png,256,256,RGB
D:\AI_Materials_Microscopy\data\raw\Dataset\J_Martensite_10\513_J_Martensite_10.png,J_Martensite_10\513_J_Martensite_10.png,513_J_Martensite_10.png,513_J_Martensite_10,.png,96,96,RGB
D:\AI_Materials_Microscopy\data\raw\Dataset\J_Martensite_10\514_J_Martensite_10.png,J_Martensite_10\514_J_Martensite_10.png,514_J_Martensite_10.png,514_J_Martensite_10,.png,96,96,RGB
D:\AI_Materials_Microscopy\data\raw\Dataset\J_Martensite_10\515_J_Martensite_10.png,J_Martensite_10\515_J_Martensite_10.png,515_J_Martensite_10.png,515_J_Martensite_10,.png,96,96,RGB
D:\AI_Materials_Microscopy\data\raw\Dataset\J_Martensite_10\516_J_Martensite_10.png,J_Martensite_10\516_J_Martensite_10.png,516_J_Martensite_10.png,516_J_Martensite_10,.png,96,96,RGB
D:\AI_Materials_Microscopy\data\raw\Dataset\J_Martensite_10\517_J_Martensite_10.png,J_Martensite_10\517_J_Martensite_10.png,517_J_Martensite_10.png,517_J_Martensite_10,.png,96,96,RGB
D:\AI_Materials_Microscopy\data\raw\Dataset\J_Martensite_10\518_J_Martensite_10.png,J_Martensite_10\518_J_Martensite_10.png,518_J_Martensite_10.png,518_J_Martensite_10,.png,96,96,RGB
D:\AI_Materials_Microscopy\data\raw\Dataset\J_Martensite_10\519_J_Martensite_10.png,J_Martensite_10\519_J_Martensite_10.png,519_J_Martensite_10.png,519_J_Martensite_10,.png,96,96,RGB
D:\AI_Materials_Microscopy\data\raw\Dataset\J_Martensite_10\520_J_Martensite_10.png,J_Martensite_10\520_J_Martensite_10.png,520_J_Martensite_10.png,520_J_Martensite_10,.png,96,96,RGB
D:\AI_Materials_Microscopy\data\raw\Dataset\J_Martensite_10\521_J_Martensite_10.png,J_Martensite_10\521_J_Martensite_10.png,521_J_Martensite_10.png,521_J_Martensite_10,.png,96,96,RGB
D:\AI_Materials_Microscopy\data\raw\Dataset\J_Martensite_10\522_J_Martensite_10.png,J_Martensite_10\522_J_Martensite_10.png,522_J_Martensite_10.png,522_J_Martensite_10,.png,256,256,RGB
D:\AI_Materials_Microscopy\data\raw\Dataset\J_Martensite_10\523_J_Martensite_10.png,J_Martensite_10\523_J_Martensite_10.png,523_J_Martensite_10.png,523_J_Martensite_10,.png,256,256,RGB
D:\AI_Materials_Microscopy\data\raw\Dataset\J_Martensite_10\524_J_Martensite_10.png,J_Martensite_10\524_J_Martensite_10.png,524_J_Martensite_10.png,524_J_Martensite_10,.png,256,256,RGB
D:\AI_Materials_Microscopy\data\raw\Dataset\J_Martensite_10\525_J_Martensite_10.png,J_Martensite_10\525_J_Martensite_10.png,525_J_Martensite_10.png,525_J_Martensite_10,.png,256,256,RGB
D:\AI_Materials_Microscopy\data\raw\Dataset\J_Martensite_10\526_J_Martensite_10.png,J_Martensite_10\526_J_Martensite_10.png,526_J_Martensite_10.png,526_J_Martensite_10,.png,256,256,RGB
D:\AI_Materials_Microscopy\data\raw\Dataset\J_Martensite_10\527_J_Martensite_10.png,J_Martensite_10\527_J_Martensite_10.png,527_J_Martensite_10.png,527_J_Martensite_10,.png,256,256,RGB
D:\AI_Materials_Microscopy\data\raw\Dataset\J_Martensite_10\528_J_Martensite_10.png,J_Martensite_10\528_J_Martensite_10.png,528_J_Martensite_10.png,528_J_Martensite_10,.png,256,256,RGB
D:\AI_Materials_Microscopy\data\raw\Dataset\J_Martensite_10\529_J_Martensite_10.png,J_Martensite_10\529_J_Martensite_10.png,529_J_Martensite_10.png,529_J_Martensite_10,.png,256,256,RGB
D:\AI_Materials_Microscopy\data\raw\Dataset\J_Martensite_10\530_J_Martensite_10.png,J_Martensite_10\530_J_Martensite_10.png,530_J_Martensite_10.png,530_J_Martensite_10,.png,256,256,RGB
D:\AI_Materials_Microscopy\data\raw\Dataset\J_Martensite_10\531_J_Martensite_10.png,J_Martensite_10\531_J_Martensite_10.png,531_J_Martensite_10.png,531_J_Martensite_10,.png,256,256,RGB
D:\AI_Materials_Microscopy\data\raw\Dataset\J_Martensite_11\513_J_Martensite_11.png,J_Martensite_11\513_J_Martensite_11.png,513_J_Martensite_11.png,513_J_Martensite_11,.png,96,96,RGB
D:\AI_Materials_Microscopy\data\raw\Dataset\J_Martensite_11\514_J_Martensite_11.png,J_Martensite_11\514_J_Martensite_11.png,514_J_Martensite_11.png,514_J_Martensite_11,.png,96,96,RGB
D:\AI_Materials_Microscopy\data\raw\Dataset\J_Martensite_11\515_J_Martensite_11.png,J_Martensite_11\515_J_Martensite_11.png,515_J_Martensite_11.png,515_J_Martensite_11,.png,96,96,RGB
D:\AI_Materials_Microscopy\data\raw\Dataset\J_Martensite_11\516_J_Martensite_11.png,J_Martensite_11\516_J_Martensite_11.png,516_J_Martensite_11.png,516_J_Martensite_11,.png,96,96,RGB
D:\AI_Materials_Microscopy\data\raw\Dataset\J_Martensite_11\517_J_Martensite_11.png,J_Martensite_11\517_J_Martensite_11.png,517_J_Martensite_11.png,517_J_Martensite_11,.png,96,96,RGB
D:\AI_Materials_Microscopy\data\raw\Dataset\J_Martensite_11\518_J_Martensite_11.png,J_Martensite_11\518_J_Martensite_11.png,518_J_Martensite_11.png,518_J_Martensite_11,.png,96,96,RGB
D:\AI_Materials_Microscopy\data\raw\Dataset\J_Martensite_11\519_J_Martensite_11.png,J_Martensite_11\519_J_Martensite_11.png,519_J_Martensite_11.png,519_J_Martensite_11,.png,96,96,RGB
D:\AI_Materials_Microscopy\data\raw\Dataset\J_Martensite_11\520_J_Martensite_11.png,J_Martensite_11\520_J_Martensite_11.png,520_J_Martensite_11.png,520_J_Martensite_11,.png,96,96,RGB
D:\AI_Materials_Microscopy\data\raw\Dataset\J_Martensite_11\521_J_Martensite_11.png,J_Martensite_11\521_J_Martensite_11.png,521_J_Martensite_11.png,521_J_Martensite_11,.png,96,96,RGB
D:\AI_Materials_Microscopy\data\raw\Dataset\J_Martensite_11\522_J_Martensite_11.png,J_Martensite_11\522_J_Martensite_11.png,522_J_Martensite_11.png,522_J_Martensite_11,.png,256,256,RGB
D:\AI_Materials_Microscopy\data\raw\Dataset\J_Martensite_11\523_J_Martensite_11.png,J_Martensite_11\523_J_Martensite_11.png,523_J_Martensite_11.png,523_J_Martensite_11,.png,256,256,RGB
D:\AI_Materials_Microscopy\data\raw\Dataset\J_Martensite_11\524_J_Martensite_11.png,J_Martensite_11\524_J_Martensite_11.png,524_J_Martensite_11.png,524_J_Martensite_11,.png,256,256,RGB
D:\AI_Materials_Microscopy\data\raw\Dataset\J_Martensite_11\525_J_Martensite_11.png,J_Martensite_11\525_J_Martensite_11.png,525_J_Martensite_11.png,525_J_Martensite_11,.png,256,256,RGB
D:\AI_Materials_Microscopy\data\raw\Dataset\J_Martensite_11\526_J_Martensite_11.png,J_Martensite_11\526_J_Martensite_11.png,526_J_Martensite_11.png,526_J_Martensite_11,.png,256,256,RGB
D:\AI_Materials_Microscopy\data\raw\Dataset\J_Martensite_11\527_J_Martensite_11.png,J_Martensite_11\527_J_Martensite_11.png,527_J_Martensite_11.png,527_J_Martensite_11,.png,256,256,RGB
D:\AI_Materials_Microscopy\data\raw\Dataset\J_Martensite_11\528_J_Martensite_11.png,J_Martensite_11\528_J_Martensite_11.png,528_J_Martensite_11.png,528_J_Martensite_11,.png,256,256,RGB
D:\AI_Materials_Microscopy\data\raw\Dataset\J_Martensite_11\529_J_Martensite_11.png,J_Martensite_11\529_J_Martensite_11.png,529_J_Martensite_11.png,529_J_Martensite_11,.png,256,256,RGB
D:\AI_Materials_Microscopy\data\raw\Dataset\J_Martensite_11\530_J_Martensite_11.png,J_Martensite_11\530_J_Martensite_11.png,530_J_Martensite_11.png,530_J_Martensite_11,.png,256,256,RGB
D:\AI_Materials_Microscopy\data\raw\Dataset\J_Martensite_11\531_J_Martensite_11.png,J_Martensite_11\531_J_Martensite_11.png,531_J_Martensite_11.png,531_J_Martensite_11,.png,256,256,RGB
D:\AI_Materials_Microscopy\data\raw\Dataset\J_Martensite_12\513_J_Martensite_12.png,J_Martensite_12\513_J_Martensite_12.png,513_J_Martensite_12.png,513_J_Martensite_12,.png,96,96,RGB
D:\AI_Materials_Microscopy\data\raw\Dataset\J_Martensite_12\514_J_Martensite_12.png,J_Martensite_12\514_J_Martensite_12.png,514_J_Martensite_12.png,514_J_Martensite_12,.png,96,96,RGB
D:\AI_Materials_Microscopy\data\raw\Dataset\J_Martensite_12\515_J_Martensite_12.png,J_Martensite_12\515_J_Martensite_12.png,515_J_Martensite_12.png,515_J_Martensite_12,.png,96,96,RGB
D:\AI_Materials_Microscopy\data\raw\Dataset\J_Martensite_12\516_J_Martensite_12.png,J_Martensite_12\516_J_Martensite_12.png,516_J_Martensite_12.png,516_J_Martensite_12,.png,96,96,RGB
D:\AI_Materials_Microscopy\data\raw\Dataset\J_Martensite_12\517_J_Martensite_12.png,J_Martensite_12\517_J_Martensite_12.png,517_J_Martensite_12.png,517_J_Martensite_12,.png,96,96,RGB
D:\AI_Materials_Microscopy\data\raw\Dataset\J_Martensite_12\518_J_Martensite_12.png,J_Martensite_12\518_J_Martensite_12.png,518_J_Martensite_12.png,518_J_Martensite_12,.png,96,96,RGB
D:\AI_Materials_Microscopy\data\raw\Dataset\J_Martensite_12\519_J_Martensite_12.png,J_Martensite_12\519_J_Martensite_12.png,519_J_Martensite_12.png,519_J_Martensite_12,.png,96,96,RGB
D:\AI_Materials_Microscopy\data\raw\Dataset\J_Martensite_12\520_J_Martensite_12.png,J_Martensite_12\520_J_Martensite_12.png,520_J_Martensite_12.png,520_J_Martensite_12,.png,96,96,RGB
D:\AI_Materials_Microscopy\data\raw\Dataset\J_Martensite_12\521_J_Martensite_12.png,J_Martensite_12\521_J_Martensite_12.png,521_J_Martensite_12.png,521_J_Martensite_12,.png,96,96,RGB
D:\AI_Materials_Microscopy\data\raw\Dataset\J_Martensite_12\522_J_Martensite_12.png,J_Martensite_12\522_J_Martensite_12.png,522_J_Martensite_12.png,522_J_Martensite_12,.png,256,256,RGB
D:\AI_Materials_Microscopy\data\raw\Dataset\J_Martensite_12\523_J_Martensite_12.png,J_Martensite_12\523_J_Martensite_12.png,523_J_Martensite_12.png,523_J_Martensite_12,.png,256,256,RGB
D:\AI_Materials_Microscopy\data\raw\Dataset\J_Martensite_12\524_J_Martensite_12.png,J_Martensite_12\524_J_Martensite_12.png,524_J_Martensite_12.png,524_J_Martensite_12,.png,256,256,RGB
D:\AI_Materials_Microscopy\data\raw\Dataset\J_Martensite_12\525_J_Martensite_12.png,J_Martensite_12\525_J_Martensite_12.png,525_J_Martensite_12.png,525_J_Martensite_12,.png,256,256,RGB
D:\AI_Materials_Microscopy\data\raw\Dataset\J_Martensite_12\526_J_Martensite_12.png,J_Martensite_12\526_J_Martensite_12.png,526_J_Martensite_12.png,526_J_Martensite_12,.png,256,256,RGB
D:\AI_Materials_Microscopy\data\raw\Dataset\J_Martensite_12\527_J_Martensite_12.png,J_Martensite_12\527_J_Martensite_12.png,527_J_Martensite_12.png,527_J_Martensite_12,.png,256,256,RGB
D:\AI_Materials_Microscopy\data\raw\Dataset\J_Martensite_12\528_J_Martensite_12.png,J_Martensite_12\528_J_Martensite_12.png,528_J_Martensite_12.png,528_J_Martensite_12,.png,256,256,RGB
D:\AI_Materials_Microscopy\data\raw\Dataset\J_Martensite_12\529_J_Martensite_12.png,J_Martensite_12\529_J_Martensite_12.png,529_J_Martensite_12.png,529_J_Martensite_12,.png,256,256,RGB
D:\AI_Materials_Microscopy\data\raw\Dataset\J_Martensite_12\530_J_Martensite_12.png,J_Martensite_12\530_J_Martensite_12.png,530_J_Martensite_12.png,530_J_Martensite_12,.png,256,256,RGB
D:\AI_Materials_Microscopy\data\raw\Dataset\J_Martensite_12\531_J_Martensite_12.png,J_Martensite_12\531_J_Martensite_12.png,531_J_Martensite_12.png,531_J_Martensite_12,.png,256,256,RGB
D:\AI_Materials_Microscopy\data\raw\Dataset\J_Martensite_2\513_J_Martensite_02.png,J_Martensite_2\513_J_Martensite_02.png,513_J_Martensite_02.png,513_J_Martensite_02,.png,96,96,RGB
D:\AI_Materials_Microscopy\data\raw\Dataset\J_Martensite_2\514_J_Martensite_02.png,J_Martensite_2\514_J_Martensite_02.png,514_J_Martensite_02.png,514_J_Martensite_02,.png,96,96,RGB
D:\AI_Materials_Microscopy\data\raw\Dataset\J_Martensite_2\515_J_Martensite_02.png,J_Martensite_2\515_J_Martensite_02.png,515_J_Martensite_02.png,515_J_Martensite_02,.png,96,96,RGB
D:\AI_Materials_Microscopy\data\raw\Dataset\J_Martensite_2\516_J_Martensite_02.png,J_Martensite_2\516_J_Martensite_02.png,516_J_Martensite_02.png,516_J_Martensite_02,.png,96,96,RGB
D:\AI_Materials_Microscopy\data\raw\Dataset\J_Martensite_2\517_J_Martensite_02.png,J_Martensite_2\517_J_Martensite_02.png,517_J_Martensite_02.png,517_J_Martensite_02,.png,96,96,RGB
D:\AI_Materials_Microscopy\data\raw\Dataset\J_Martensite_2\518_J_Martensite_02.png,J_Martensite_2\518_J_Martensite_02.png,518_J_Martensite_02.png,518_J_Martensite_02,.png,96,96,RGB
D:\AI_Materials_Microscopy\data\raw\Dataset\J_Martensite_2\519_J_Martensite_02.png,J_Martensite_2\519_J_Martensite_02.png,519_J_Martensite_02.png,519_J_Martensite_02,.png,96,96,RGB
D:\AI_Materials_Microscopy\data\raw\Dataset\J_Martensite_2\520_J_Martensite_02.png,J_Martensite_2\520_J_Martensite_02.png,520_J_Martensite_02.png,520_J_Martensite_02,.png,96,96,RGB
D:\AI_Materials_Microscopy\data\raw\Dataset\J_Martensite_2\521_J_Martensite_02.png,J_Martensite_2\521_J_Martensite_02.png,521_J_Martensite_02.png,521_J_Martensite_02,.png,96,96,RGB
D:\AI_Materials_Microscopy\data\raw\Dataset\J_Martensite_2\522_J_Martensite_02.png,J_Martensite_2\522_J_Martensite_02.png,522_J_Martensite_02.png,522_J_Martensite_02,.png,256,256,RGB
D:\AI_Materials_Microscopy\data\raw\Dataset\J_Martensite_2\523_J_Martensite_02.png,J_Martensite_2\523_J_Martensite_02.png,523_J_Martensite_02.png,523_J_Martensite_02,.png,256,256,RGB
D:\AI_Materials_Microscopy\data\raw\Dataset\J_Martensite_2\524_J_Martensite_02.png,J_Martensite_2\524_J_Martensite_02.png,524_J_Martensite_02.png,524_J_Martensite_02,.png,256,256,RGB
D:\AI_Materials_Microscopy\data\raw\Dataset\J_Martensite_2\525_J_Martensite_02.png,J_Martensite_2\525_J_Martensite_02.png,525_J_Martensite_02.png,525_J_Martensite_02,.png,256,256,RGB
D:\AI_Materials_Microscopy\data\raw\Dataset\J_Martensite_2\526_J_Martensite_02.png,J_Martensite_2\526_J_Martensite_02.png,526_J_Martensite_02.png,526_J_Martensite_02,.png,256,256,RGB
D:\AI_Materials_Microscopy\data\raw\Dataset\J_Martensite_2\527_J_Martensite_02.png,J_Martensite_2\527_J_Martensite_02.png,527_J_Martensite_02.png,527_J_Martensite_02,.png,256,256,RGB
D:\AI_Materials_Microscopy\data\raw\Dataset\J_Martensite_2\528_J_Martensite_02.png,J_Martensite_2\528_J_Martensite_02.png,528_J_Martensite_02.png,528_J_Martensite_02,.png,256,256,RGB
D:\AI_Materials_Microscopy\data\raw\Dataset\J_Martensite_2\529_J_Martensite_02.png,J_Martensite_2\529_J_Martensite_02.png,529_J_Martensite_02.png,529_J_Martensite_02,.png,256,256,RGB
D:\AI_Materials_Microscopy\data\raw\Dataset\J_Martensite_2\530_J_Martensite_02.png,J_Martensite_2\530_J_Martensite_02.png,530_J_Martensite_02.png,530_J_Martensite_02,.png,256,256,RGB
D:\AI_Materials_Microscopy\data\raw\Dataset\J_Martensite_2\531_J_Martensite_02.png,J_Martensite_2\531_J_Martensite_02.png,531_J_Martensite_02.png,531_J_Martensite_02,.png,256,256,RGB
D:\AI_Materials_Microscopy\data\raw\Dataset\J_Martensite_3\513_J_Martensite_03.png,J_Martensite_3\513_J_Martensite_03.png,513_J_Martensite_03.png,513_J_Martensite_03,.png,96,96,RGB
D:\AI_Materials_Microscopy\data\raw\Dataset\J_Martensite_3\514_J_Martensite_03.png,J_Martensite_3\514_J_Martensite_03.png,514_J_Martensite_03.png,514_J_Martensite_03,.png,96,96,RGB
D:\AI_Materials_Microscopy\data\raw\Dataset\J_Martensite_3\515_J_Martensite_03.png,J_Martensite_3\515_J_Martensite_03.png,515_J_Martensite_03.png,515_J_Martensite_03,.png,96,96,RGB
D:\AI_Materials_Microscopy\data\raw\Dataset\J_Martensite_3\516_J_Martensite_03.png,J_Martensite_3\516_J_Martensite_03.png,516_J_Martensite_03.png,516_J_Martensite_03,.png,96,96,RGB
D:\AI_Materials_Microscopy\data\raw\Dataset\J_Martensite_3\517_J_Martensite_03.png,J_Martensite_3\517_J_Martensite_03.png,517_J_Martensite_03.png,517_J_Martensite_03,.png,96,96,RGB
D:\AI_Materials_Microscopy\data\raw\Dataset\J_Martensite_3\518_J_Martensite_03.png,J_Martensite_3\518_J_Martensite_03.png,518_J_Martensite_03.png,518_J_Martensite_03,.png,96,96,RGB
D:\AI_Materials_Microscopy\data\raw\Dataset\J_Martensite_3\519_J_Martensite_03.png,J_Martensite_3\519_J_Martensite_03.png,519_J_Martensite_03.png,519_J_Martensite_03,.png,96,96,RGB
D:\AI_Materials_Microscopy\data\raw\Dataset\J_Martensite_3\520_J_Martensite_03.png,J_Martensite_3\520_J_Martensite_03.png,520_J_Martensite_03.png,520_J_Martensite_03,.png,96,96,RGB
D:\AI_Materials_Microscopy\data\raw\Dataset\J_Martensite_3\521_J_Martensite_03.png,J_Martensite_3\521_J_Martensite_03.png,521_J_Martensite_03.png,521_J_Martensite_03,.png,96,96,RGB
D:\AI_Materials_Microscopy\data\raw\Dataset\J_Martensite_3\522_J_Martensite_03.png,J_Martensite_3\522_J_Martensite_03.png,522_J_Martensite_03.png,522_J_Martensite_03,.png,256,256,RGB
D:\AI_Materials_Microscopy\data\raw\Dataset\J_Martensite_3\523_J_Martensite_03.png,J_Martensite_3\523_J_Martensite_03.png,523_J_Martensite_03.png,523_J_Martensite_03,.png,256,256,RGB
D:\AI_Materials_Microscopy\data\raw\Dataset\J_Martensite_3\524_J_Martensite_03.png,J_Martensite_3\524_J_Martensite_03.png,524_J_Martensite_03.png,524_J_Martensite_03,.png,256,256,RGB
D:\AI_Materials_Microscopy\data\raw\Dataset\J_Martensite_3\525_J_Martensite_03.png,J_Martensite_3\525_J_Martensite_03.png,525_J_Martensite_03.png,525_J_Martensite_03,.png,256,256,RGB
D:\AI_Materials_Microscopy\data\raw\Dataset\J_Martensite_3\526_J_Martensite_03.png,J_Martensite_3\526_J_Martensite_03.png,526_J_Martensite_03.png,526_J_Martensite_03,.png,256,256,RGB
D:\AI_Materials_Microscopy\data\raw\Dataset\J_Martensite_3\527_J_Martensite_03.png,J_Martensite_3\527_J_Martensite_03.png,527_J_Martensite_03.png,527_J_Martensite_03,.png,256,256,RGB
D:\AI_Materials_Microscopy\data\raw\Dataset\J_Martensite_3\528_J_Martensite_03.png,J_Martensite_3\528_J_Martensite_03.png,528_J_Martensite_03.png,528_J_Martensite_03,.png,256,256,RGB
D:\AI_Materials_Microscopy\data\raw\Dataset\J_Martensite_3\529_J_Martensite_03.png,J_Martensite_3\529_J_Martensite_03.png,529_J_Martensite_03.png,529_J_Martensite_03,.png,256,256,RGB
D:\AI_Materials_Microscopy\data\raw\Dataset\J_Martensite_3\530_J_Martensite_03.png,J_Martensite_3\530_J_Martensite_03.png,530_J_Martensite_03.png,530_J_Martensite_03,.png,256,256,RGB
D:\AI_Materials_Microscopy\data\raw\Dataset\J_Martensite_3\531_J_Martensite_03.png,J_Martensite_3\531_J_Martensite_03.png,531_J_Martensite_03.png,531_J_Martensite_03,.png,256,256,RGB
D:\AI_Materials_Microscopy\data\raw\Dataset\J_Martensite_4\513_J_Martensite_04.png,J_Martensite_4\513_J_Martensite_04.png,513_J_Martensite_04.png,513_J_Martensite_04,.png,96,96,RGB
D:\AI_Materials_Microscopy\data\raw\Dataset\J_Martensite_4\514_J_Martensite_04.png,J_Martensite_4\514_J_Martensite_04.png,514_J_Martensite_04.png,514_J_Martensite_04,.png,96,96,RGB
D:\AI_Materials_Microscopy\data\raw\Dataset\J_Martensite_4\515_J_Martensite_04.png,J_Martensite_4\515_J_Martensite_04.png,515_J_Martensite_04.png,515_J_Martensite_04,.png,96,96,RGB
D:\AI_Materials_Microscopy\data\raw\Dataset\J_Martensite_4\516_J_Martensite_04.png,J_Martensite_4\516_J_Martensite_04.png,516_J_Martensite_04.png,516_J_Martensite_04,.png,96,96,RGB
D:\AI_Materials_Microscopy\data\raw\Dataset\J_Martensite_4\517_J_Martensite_04.png,J_Martensite_4\517_J_Martensite_04.png,517_J_Martensite_04.png,517_J_Martensite_04,.png,96,96,RGB
D:\AI_Materials_Microscopy\data\raw\Dataset\J_Martensite_4\518_J_Martensite_04.png,J_Martensite_4\518_J_Martensite_04.png,518_J_Martensite_04.png,518_J_Martensite_04,.png,96,96,RGB
D:\AI_Materials_Microscopy\data\raw\Dataset\J_Martensite_4\519_J_Martensite_04.png,J_Martensite_4\519_J_Martensite_04.png,519_J_Martensite_04.png,519_J_Martensite_04,.png,96,96,RGB
D:\AI_Materials_Microscopy\data\raw\Dataset\J_Martensite_4\520_J_Martensite_04.png,J_Martensite_4\520_J_Martensite_04.png,520_J_Martensite_04.png,520_J_Martensite_04,.png,96,96,RGB
D:\AI_Materials_Microscopy\data\raw\Dataset\J_Martensite_4\521_J_Martensite_04.png,J_Martensite_4\521_J_Martensite_04.png,521_J_Martensite_04.png,521_J_Martensite_04,.png,96,96,RGB
D:\AI_Materials_Microscopy\data\raw\Dataset\J_Martensite_4\522_J_Martensite_04.png,J_Martensite_4\522_J_Martensite_04.png,522_J_Martensite_04.png,522_J_Martensite_04,.png,256,256,RGB
D:\AI_Materials_Microscopy\data\raw\Dataset\J_Martensite_4\523_J_Martensite_04.png,J_Martensite_4\523_J_Martensite_04.png,523_J_Martensite_04.png,523_J_Martensite_04,.png,256,256,RGB
D:\AI_Materials_Microscopy\data\raw\Dataset\J_Martensite_4\524_J_Martensite_04.png,J_Martensite_4\524_J_Martensite_04.png,524_J_Martensite_04.png,524_J_Martensite_04,.png,256,256,RGB
D:\AI_Materials_Microscopy\data\raw\Dataset\J_Martensite_4\525_J_Martensite_04.png,J_Martensite_4\525_J_Martensite_04.png,525_J_Martensite_04.png,525_J_Martensite_04,.png,256,256,RGB
D:\AI_Materials_Microscopy\data\raw\Dataset\J_Martensite_4\526_J_Martensite_04.png,J_Martensite_4\526_J_Martensite_04.png,526_J_Martensite_04.png,526_J_Martensite_04,.png,256,256,RGB
D:\AI_Materials_Microscopy\data\raw\Dataset\J_Martensite_4\527_J_Martensite_04.png,J_Martensite_4\527_J_Martensite_04.png,527_J_Martensite_04.png,527_J_Martensite_04,.png,256,256,RGB
D:\AI_Materials_Microscopy\data\raw\Dataset\J_Martensite_4\528_J_Martensite_04.png,J_Martensite_4\528_J_Martensite_04.png,528_J_Martensite_04.png,528_J_Martensite_04,.png,256,256,RGB
D:\AI_Materials_Microscopy\data\raw\Dataset\J_Martensite_4\529_J_Martensite_04.png,J_Martensite_4\529_J_Martensite_04.png,529_J_Martensite_04.png,529_J_Martensite_04,.png,256,256,RGB
D:\AI_Materials_Microscopy\data\raw\Dataset\J_Martensite_4\530_J_Martensite_04.png,J_Martensite_4\530_J_Martensite_04.png,530_J_Martensite_04.png,530_J_Martensite_04,.png,256,256,RGB
D:\AI_Materials_Microscopy\data\raw\Dataset\J_Martensite_4\531_J_Martensite_04.png,J_Martensite_4\531_J_Martensite_04.png,531_J_Martensite_04.png,531_J_Martensite_04,.png,256,256,RGB
D:\AI_Materials_Microscopy\data\raw\Dataset\J_Martensite_5\513_J_Martensite_05.png,J_Martensite_5\513_J_Martensite_05.png,513_J_Martensite_05.png,513_J_Martensite_05,.png,96,96,RGB
D:\AI_Materials_Microscopy\data\raw\Dataset\J_Martensite_5\514_J_Martensite_05.png,J_Martensite_5\514_J_Martensite_05.png,514_J_Martensite_05.png,514_J_Martensite_05,.png,96,96,RGB
D:\AI_Materials_Microscopy\data\raw\Dataset\J_Martensite_5\515_J_Martensite_05.png,J_Martensite_5\515_J_Martensite_05.png,515_J_Martensite_05.png,515_J_Martensite_05,.png,96,96,RGB
D:\AI_Materials_Microscopy\data\raw\Dataset\J_Martensite_5\516_J_Martensite_05.png,J_Martensite_5\516_J_Martensite_05.png,516_J_Martensite_05.png,516_J_Martensite_05,.png,96,96,RGB
D:\AI_Materials_Microscopy\data\raw\Dataset\J_Martensite_5\517_J_Martensite_05.png,J_Martensite_5\517_J_Martensite_05.png,517_J_Martensite_05.png,517_J_Martensite_05,.png,96,96,RGB
D:\AI_Materials_Microscopy\data\raw\Dataset\J_Martensite_5\518_J_Martensite_05.png,J_Martensite_5\518_J_Martensite_05.png,518_J_Martensite_05.png,518_J_Martensite_05,.png,96,96,RGB
D:\AI_Materials_Microscopy\data\raw\Dataset\J_Martensite_5\519_J_Martensite_05.png,J_Martensite_5\519_J_Martensite_05.png,519_J_Martensite_05.png,519_J_Martensite_05,.png,96,96,RGB
D:\AI_Materials_Microscopy\data\raw\Dataset\J_Martensite_5\520_J_Martensite_05.png,J_Martensite_5\520_J_Martensite_05.png,520_J_Martensite_05.png,520_J_Martensite_05,.png,96,96,RGB
D:\AI_Materials_Microscopy\data\raw\Dataset\J_Martensite_5\521_J_Martensite_05.png,J_Martensite_5\521_J_Martensite_05.png,521_J_Martensite_05.png,521_J_Martensite_05,.png,96,96,RGB
D:\AI_Materials_Microscopy\data\raw\Dataset\J_Martensite_5\522_J_Martensite_05.png,J_Martensite_5\522_J_Martensite_05.png,522_J_Martensite_05.png,522_J_Martensite_05,.png,256,256,RGB
D:\AI_Materials_Microscopy\data\raw\Dataset\J_Martensite_5\523_J_Martensite_05.png,J_Martensite_5\523_J_Martensite_05.png,523_J_Martensite_05.png,523_J_Martensite_05,.png,256,256,RGB
D:\AI_Materials_Microscopy\data\raw\Dataset\J_Martensite_5\524_J_Martensite_05.png,J_Martensite_5\524_J_Martensite_05.png,524_J_Martensite_05.png,524_J_Martensite_05,.png,256,256,RGB
D:\AI_Materials_Microscopy\data\raw\Dataset\J_Martensite_5\525_J_Martensite_05.png,J_Martensite_5\525_J_Martensite_05.png,525_J_Martensite_05.png,525_J_Martensite_05,.png,256,256,RGB
D:\AI_Materials_Microscopy\data\raw\Dataset\J_Martensite_5\526_J_Martensite_05.png,J_Martensite_5\526_J_Martensite_05.png,526_J_Martensite_05.png,526_J_Martensite_05,.png,256,256,RGB
D:\AI_Materials_Microscopy\data\raw\Dataset\J_Martensite_5\527_J_Martensite_05.png,J_Martensite_5\527_J_Martensite_05.png,527_J_Martensite_05.png,527_J_Martensite_05,.png,256,256,RGB
D:\AI_Materials_Microscopy\data\raw\Dataset\J_Martensite_5\528_J_Martensite_05.png,J_Martensite_5\528_J_Martensite_05.png,528_J_Martensite_05.png,528_J_Martensite_05,.png,256,256,RGB
D:\AI_Materials_Microscopy\data\raw\Dataset\J_Martensite_5\529_J_Martensite_05.png,J_Martensite_5\529_J_Martensite_05.png,529_J_Martensite_05.png,529_J_Martensite_05,.png,256,256,RGB
D:\AI_Materials_Microscopy\data\raw\Dataset\J_Martensite_5\530_J_Martensite_05.png,J_Martensite_5\530_J_Martensite_05.png,530_J_Martensite_05.png,530_J_Martensite_05,.png,256,256,RGB
D:\AI_Materials_Microscopy\data\raw\Dataset\J_Martensite_5\531_J_Martensite_05.png,J_Martensite_5\531_J_Martensite_05.png,531_J_Martensite_05.png,531_J_Martensite_05,.png,256,256,RGB
D:\AI_Materials_Microscopy\data\raw\Dataset\J_Martensite_6\513_J_Martensite_06.png,J_Martensite_6\513_J_Martensite_06.png,513_J_Martensite_06.png,513_J_Martensite_06,.png,96,96,RGB
D:\AI_Materials_Microscopy\data\raw\Dataset\J_Martensite_6\514_J_Martensite_06.png,J_Martensite_6\514_J_Martensite_06.png,514_J_Martensite_06.png,514_J_Martensite_06,.png,96,96,RGB
D:\AI_Materials_Microscopy\data\raw\Dataset\J_Martensite_6\515_J_Martensite_06.png,J_Martensite_6\515_J_Martensite_06.png,515_J_Martensite_06.png,515_J_Martensite_06,.png,96,96,RGB
D:\AI_Materials_Microscopy\data\raw\Dataset\J_Martensite_6\516_J_Martensite_06.png,J_Martensite_6\516_J_Martensite_06.png,516_J_Martensite_06.png,516_J_Martensite_06,.png,96,96,RGB
D:\AI_Materials_Microscopy\data\raw\Dataset\J_Martensite_6\517_J_Martensite_06.png,J_Martensite_6\517_J_Martensite_06.png,517_J_Martensite_06.png,517_J_Martensite_06,.png,96,96,RGB
D:\AI_Materials_Microscopy\data\raw\Dataset\J_Martensite_6\518_J_Martensite_06.png,J_Martensite_6\518_J_Martensite_06.png,518_J_Martensite_06.png,518_J_Martensite_06,.png,96,96,RGB
D:\AI_Materials_Microscopy\data\raw\Dataset\J_Martensite_6\519_J_Martensite_06.png,J_Martensite_6\519_J_Martensite_06.png,519_J_Martensite_06.png,519_J_Martensite_06,.png,96,96,RGB
D:\AI_Materials_Microscopy\data\raw\Dataset\J_Martensite_6\520_J_Martensite_06.png,J_Martensite_6\520_J_Martensite_06.png,520_J_Martensite_06.png,520_J_Martensite_06,.png,96,96,RGB
D:\AI_Materials_Microscopy\data\raw\Dataset\J_Martensite_6\521_J_Martensite_06.png,J_Martensite_6\521_J_Martensite_06.png,521_J_Martensite_06.png,521_J_Martensite_06,.png,96,96,RGB
D:\AI_Materials_Microscopy\data\raw\Dataset\J_Martensite_6\522_J_Martensite_06.png,J_Martensite_6\522_J_Martensite_06.png,522_J_Martensite_06.png,522_J_Martensite_06,.png,256,256,RGB
D:\AI_Materials_Microscopy\data\raw\Dataset\J_Martensite_6\523_J_Martensite_06.png,J_Martensite_6\523_J_Martensite_06.png,523_J_Martensite_06.png,523_J_Martensite_06,.png,256,256,RGB
D:\AI_Materials_Microscopy\data\raw\Dataset\J_Martensite_6\524_J_Martensite_06.png,J_Martensite_6\524_J_Martensite_06.png,524_J_Martensite_06.png,524_J_Martensite_06,.png,256,256,RGB
D:\AI_Materials_Microscopy\data\raw\Dataset\J_Martensite_6\525_J_Martensite_06.png,J_Martensite_6\525_J_Martensite_06.png,525_J_Martensite_06.png,525_J_Martensite_06,.png,256,256,RGB
D:\AI_Materials_Microscopy\data\raw\Dataset\J_Martensite_6\526_J_Martensite_06.png,J_Martensite_6\526_J_Martensite_06.png,526_J_Martensite_06.png,526_J_Martensite_06,.png,256,256,RGB
D:\AI_Materials_Microscopy\data\raw\Dataset\J_Martensite_6\527_J_Martensite_06.png,J_Martensite_6\527_J_Martensite_06.png,527_J_Martensite_06.png,527_J_Martensite_06,.png,256,256,RGB
D:\AI_Materials_Microscopy\data\raw\Dataset\J_Martensite_6\528_J_Martensite_06.png,J_Martensite_6\528_J_Martensite_06.png,528_J_Martensite_06.png,528_J_Martensite_06,.png,256,256,RGB
D:\AI_Materials_Microscopy\data\raw\Dataset\J_Martensite_6\529_J_Martensite_06.png,J_Martensite_6\529_J_Martensite_06.png,529_J_Martensite_06.png,529_J_Martensite_06,.png,256,256,RGB
D:\AI_Materials_Microscopy\data\raw\Dataset\J_Martensite_6\530_J_Martensite_06.png,J_Martensite_6\530_J_Martensite_06.png,530_J_Martensite_06.png,530_J_Martensite_06,.png,256,256,RGB
D:\AI_Materials_Microscopy\data\raw\Dataset\J_Martensite_6\531_J_Martensite_06.png,J_Martensite_6\531_J_Martensite_06.png,531_J_Martensite_06.png,531_J_Martensite_06,.png,256,256,RGB
D:\AI_Materials_Microscopy\data\raw\Dataset\J_Martensite_7\513_J_Martensite_07.png,J_Martensite_7\513_J_Martensite_07.png,513_J_Martensite_07.png,513_J_Martensite_07,.png,96,96,RGB
D:\AI_Materials_Microscopy\data\raw\Dataset\J_Martensite_7\514_J_Martensite_07.png,J_Martensite_7\514_J_Martensite_07.png,514_J_Martensite_07.png,514_J_Martensite_07,.png,96,96,RGB
D:\AI_Materials_Microscopy\data\raw\Dataset\J_Martensite_7\515_J_Martensite_07.png,J_Martensite_7\515_J_Martensite_07.png,515_J_Martensite_07.png,515_J_Martensite_07,.png,96,96,RGB
D:\AI_Materials_Microscopy\data\raw\Dataset\J_Martensite_7\516_J_Martensite_07.png,J_Martensite_7\516_J_Martensite_07.png,516_J_Martensite_07.png,516_J_Martensite_07,.png,96,96,RGB
D:\AI_Materials_Microscopy\data\raw\Dataset\J_Martensite_7\517_J_Martensite_07.png,J_Martensite_7\517_J_Martensite_07.png,517_J_Martensite_07.png,517_J_Martensite_07,.png,96,96,RGB
D:\AI_Materials_Microscopy\data\raw\Dataset\J_Martensite_7\518_J_Martensite_07.png,J_Martensite_7\518_J_Martensite_07.png,518_J_Martensite_07.png,518_J_Martensite_07,.png,96,96,RGB
D:\AI_Materials_Microscopy\data\raw\Dataset\J_Martensite_7\519_J_Martensite_07.png,J_Martensite_7\519_J_Martensite_07.png,519_J_Martensite_07.png,519_J_Martensite_07,.png,96,96,RGB
D:\AI_Materials_Microscopy\data\raw\Dataset\J_Martensite_7\520_J_Martensite_07.png,J_Martensite_7\520_J_Martensite_07.png,520_J_Martensite_07.png,520_J_Martensite_07,.png,96,96,RGB
D:\AI_Materials_Microscopy\data\raw\Dataset\J_Martensite_7\521_J_Martensite_07.png,J_Martensite_7\521_J_Martensite_07.png,521_J_Martensite_07.png,521_J_Martensite_07,.png,96,96,RGB
D:\AI_Materials_Microscopy\data\raw\Dataset\J_Martensite_7\522_J_Martensite_07.png,J_Martensite_7\522_J_Martensite_07.png,522_J_Martensite_07.png,522_J_Martensite_07,.png,256,256,RGB
D:\AI_Materials_Microscopy\data\raw\Dataset\J_Martensite_7\523_J_Martensite_07.png,J_Martensite_7\523_J_Martensite_07.png,523_J_Martensite_07.png,523_J_Martensite_07,.png,256,256,RGB
D:\AI_Materials_Microscopy\data\raw\Dataset\J_Martensite_7\524_J_Martensite_07.png,J_Martensite_7\524_J_Martensite_07.png,524_J_Martensite_07.png,524_J_Martensite_07,.png,256,256,RGB
D:\AI_Materials_Microscopy\data\raw\Dataset\J_Martensite_7\525_J_Martensite_07.png,J_Martensite_7\525_J_Martensite_07.png,525_J_Martensite_07.png,525_J_Martensite_07,.png,256,256,RGB
D:\AI_Materials_Microscopy\data\raw\Dataset\J_Martensite_7\526_J_Martensite_07.png,J_Martensite_7\526_J_Martensite_07.png,526_J_Martensite_07.png,526_J_Martensite_07,.png,256,256,RGB
D:\AI_Materials_Microscopy\data\raw\Dataset\J_Martensite_7\527_J_Martensite_07.png,J_Martensite_7\527_J_Martensite_07.png,527_J_Martensite_07.png,527_J_Martensite_07,.png,256,256,RGB
D:\AI_Materials_Microscopy\data\raw\Dataset\J_Martensite_7\528_J_Martensite_07.png,J_Martensite_7\528_J_Martensite_07.png,528_J_Martensite_07.png,528_J_Martensite_07,.png,256,256,RGB
D:\AI_Materials_Microscopy\data\raw\Dataset\J_Martensite_7\529_J_Martensite_07.png,J_Martensite_7\529_J_Martensite_07.png,529_J_Martensite_07.png,529_J_Martensite_07,.png,256,256,RGB
D:\AI_Materials_Microscopy\data\raw\Dataset\J_Martensite_7\530_J_Martensite_07.png,J_Martensite_7\530_J_Martensite_07.png,530_J_Martensite_07.png,530_J_Martensite_07,.png,256,256,RGB
D:\AI_Materials_Microscopy\data\raw\Dataset\J_Martensite_7\531_J_Martensite_07.png,J_Martensite_7\531_J_Martensite_07.png,531_J_Martensite_07.png,531_J_Martensite_07,.png,256,256,RGB
D:\AI_Materials_Microscopy\data\raw\Dataset\J_Martensite_8\513_J_Martensite_08.png,J_Martensite_8\513_J_Martensite_08.png,513_J_Martensite_08.png,513_J_Martensite_08,.png,96,96,RGB
D:\AI_Materials_Microscopy\data\raw\Dataset\J_Martensite_8\514_J_Martensite_08.png,J_Martensite_8\514_J_Martensite_08.png,514_J_Martensite_08.png,514_J_Martensite_08,.png,96,96,RGB
D:\AI_Materials_Microscopy\data\raw\Dataset\J_Martensite_8\515_J_Martensite_08.png,J_Martensite_8\515_J_Martensite_08.png,515_J_Martensite_08.png,515_J_Martensite_08,.png,96,96,RGB
D:\AI_Materials_Microscopy\data\raw\Dataset\J_Martensite_8\516_J_Martensite_08.png,J_Martensite_8\516_J_Martensite_08.png,516_J_Martensite_08.png,516_J_Martensite_08,.png,96,96,RGB
D:\AI_Materials_Microscopy\data\raw\Dataset\J_Martensite_8\517_J_Martensite_08.png,J_Martensite_8\517_J_Martensite_08.png,517_J_Martensite_08.png,517_J_Martensite_08,.png,96,96,RGB
D:\AI_Materials_Microscopy\data\raw\Dataset\J_Martensite_8\518_J_Martensite_08.png,J_Martensite_8\518_J_Martensite_08.png,518_J_Martensite_08.png,518_J_Martensite_08,.png,96,96,RGB
D:\AI_Materials_Microscopy\data\raw\Dataset\J_Martensite_8\519_J_Martensite_08.png,J_Martensite_8\519_J_Martensite_08.png,519_J_Martensite_08.png,519_J_Martensite_08,.png,96,96,RGB
D:\AI_Materials_Microscopy\data\raw\Dataset\J_Martensite_8\520_J_Martensite_08.png,J_Martensite_8\520_J_Martensite_08.png,520_J_Martensite_08.png,520_J_Martensite_08,.png,96,96,RGB
D:\AI_Materials_Microscopy\data\raw\Dataset\J_Martensite_8\521_J_Martensite_08.png,J_Martensite_8\521_J_Martensite_08.png,521_J_Martensite_08.png,521_J_Martensite_08,.png,96,96,RGB
D:\AI_Materials_Microscopy\data\raw\Dataset\J_Martensite_8\522_J_Martensite_08.png,J_Martensite_8\522_J_Martensite_08.png,522_J_Martensite_08.png,522_J_Martensite_08,.png,256,256,RGB
D:\AI_Materials_Microscopy\data\raw\Dataset\J_Martensite_8\523_J_Martensite_08.png,J_Martensite_8\523_J_Martensite_08.png,523_J_Martensite_08.png,523_J_Martensite_08,.png,256,256,RGB
D:\AI_Materials_Microscopy\data\raw\Dataset\J_Martensite_8\524_J_Martensite_08.png,J_Martensite_8\524_J_Martensite_08.png,524_J_Martensite_08.png,524_J_Martensite_08,.png,256,256,RGB
D:\AI_Materials_Microscopy\data\raw\Dataset\J_Martensite_8\525_J_Martensite_08.png,J_Martensite_8\525_J_Martensite_08.png,525_J_Martensite_08.png,525_J_Martensite_08,.png,256,256,RGB
D:\AI_Materials_Microscopy\data\raw\Dataset\J_Martensite_8\526_J_Martensite_08.png,J_Martensite_8\526_J_Martensite_08.png,526_J_Martensite_08.png,526_J_Martensite_08,.png,256,256,RGB
D:\AI_Materials_Microscopy\data\raw\Dataset\J_Martensite_8\527_J_Martensite_08.png,J_Martensite_8\527_J_Martensite_08.png,527_J_Martensite_08.png,527_J_Martensite_08,.png,256,256,RGB
D:\AI_Materials_Microscopy\data\raw\Dataset\J_Martensite_8\528_J_Martensite_08.png,J_Martensite_8\528_J_Martensite_08.png,528_J_Martensite_08.png,528_J_Martensite_08,.png,256,256,RGB
D:\AI_Materials_Microscopy\data\raw\Dataset\J_Martensite_8\529_J_Martensite_08.png,J_Martensite_8\529_J_Martensite_08.png,529_J_Martensite_08.png,529_J_Martensite_08,.png,256,256,RGB
D:\AI_Materials_Microscopy\data\raw\Dataset\J_Martensite_8\530_J_Martensite_08.png,J_Martensite_8\530_J_Martensite_08.png,530_J_Martensite_08.png,530_J_Martensite_08,.png,256,256,RGB
D:\AI_Materials_Microscopy\data\raw\Dataset\J_Martensite_8\531_J_Martensite_08.png,J_Martensite_8\531_J_Martensite_08.png,531_J_Martensite_08.png,531_J_Martensite_08,.png,256,256,RGB
D:\AI_Materials_Microscopy\data\raw\Dataset\J_Martensite_9\513_J_Martensite_09.png,J_Martensite_9\513_J_Martensite_09.png,513_J_Martensite_09.png,513_J_Martensite_09,.png,96,96,RGB
D:\AI_Materials_Microscopy\data\raw\Dataset\J_Martensite_9\514_J_Martensite_09.png,J_Martensite_9\514_J_Martensite_09.png,514_J_Martensite_09.png,514_J_Martensite_09,.png,96,96,RGB
D:\AI_Materials_Microscopy\data\raw\Dataset\J_Martensite_9\515_J_Martensite_09.png,J_Martensite_9\515_J_Martensite_09.png,515_J_Martensite_09.png,515_J_Martensite_09,.png,96,96,RGB
D:\AI_Materials_Microscopy\data\raw\Dataset\J_Martensite_9\516_J_Martensite_09.png,J_Martensite_9\516_J_Martensite_09.png,516_J_Martensite_09.png,516_J_Martensite_09,.png,96,96,RGB
D:\AI_Materials_Microscopy\data\raw\Dataset\J_Martensite_9\517_J_Martensite_09.png,J_Martensite_9\517_J_Martensite_09.png,517_J_Martensite_09.png,517_J_Martensite_09,.png,96,96,RGB
D:\AI_Materials_Microscopy\data\raw\Dataset\J_Martensite_9\518_J_Martensite_09.png,J_Martensite_9\518_J_Martensite_09.png,518_J_Martensite_09.png,518_J_Martensite_09,.png,96,96,RGB
D:\AI_Materials_Microscopy\data\raw\Dataset\J_Martensite_9\519_J_Martensite_09.png,J_Martensite_9\519_J_Martensite_09.png,519_J_Martensite_09.png,519_J_Martensite_09,.png,96,96,RGB
D:\AI_Materials_Microscopy\data\raw\Dataset\J_Martensite_9\520_J_Martensite_09.png,J_Martensite_9\520_J_Martensite_09.png,520_J_Martensite_09.png,520_J_Martensite_09,.png,96,96,RGB
D:\AI_Materials_Microscopy\data\raw\Dataset\J_Martensite_9\521_J_Martensite_09.png,J_Martensite_9\521_J_Martensite_09.png,521_J_Martensite_09.png,521_J_Martensite_09,.png,96,96,RGB
D:\AI_Materials_Microscopy\data\raw\Dataset\J_Martensite_9\522_J_Martensite_09.png,J_Martensite_9\522_J_Martensite_09.png,522_J_Martensite_09.png,522_J_Martensite_09,.png,256,256,RGB
D:\AI_Materials_Microscopy\data\raw\Dataset\J_Martensite_9\523_J_Martensite_09.png,J_Martensite_9\523_J_Martensite_09.png,523_J_Martensite_09.png,523_J_Martensite_09,.png,256,256,RGB
D:\AI_Materials_Microscopy\data\raw\Dataset\J_Martensite_9\524_J_Martensite_09.png,J_Martensite_9\524_J_Martensite_09.png,524_J_Martensite_09.png,524_J_Martensite_09,.png,256,256,RGB
D:\AI_Materials_Microscopy\data\raw\Dataset\J_Martensite_9\525_J_Martensite_09.png,J_Martensite_9\525_J_Martensite_09.png,525_J_Martensite_09.png,525_J_Martensite_09,.png,256,256,RGB
D:\AI_Materials_Microscopy\data\raw\Dataset\J_Martensite_9\526_J_Martensite_09.png,J_Martensite_9\526_J_Martensite_09.png,526_J_Martensite_09.png,526_J_Martensite_09,.png,256,256,RGB
D:\AI_Materials_Microscopy\data\raw\Dataset\J_Martensite_9\527_J_Martensite_09.png,J_Martensite_9\527_J_Martensite_09.png,527_J_Martensite_09.png,527_J_Martensite_09,.png,256,256,RGB
D:\AI_Materials_Microscopy\data\raw\Dataset\J_Martensite_9\528_J_Martensite_09.png,J_Martensite_9\528_J_Martensite_09.png,528_J_Martensite_09.png,528_J_Martensite_09,.png,256,256,RGB
D:\AI_Materials_Microscopy\data\raw\Dataset\J_Martensite_9\529_J_Martensite_09.png,J_Martensite_9\529_J_Martensite_09.png,529_J_Martensite_09.png,529_J_Martensite_09,.png,256,256,RGB
D:\AI_Materials_Microscopy\data\raw\Dataset\J_Martensite_9\530_J_Martensite_09.png,J_Martensite_9\530_J_Martensite_09.png,530_J_Martensite_09.png,530_J_Martensite_09,.png,256,256,RGB
D:\AI_Materials_Microscopy\data\raw\Dataset\J_Martensite_9\531_J_Martensite_09.png,J_Martensite_9\531_J_Martensite_09.png,531_J_Martensite_09.png,531_J_Martensite_09,.png,256,256,RGB
D:\AI_Materials_Microscopy\data\raw\Dataset\K_Bainite_1\551_K_Bainite_01.png,K_Bainite_1\551_K_Bainite_01.png,551_K_Bainite_01.png,551_K_Bainite_01,.png,96,96,RGB
D:\AI_Materials_Microscopy\data\raw\Dataset\K_Bainite_1\552_K_Bainite_01.png,K_Bainite_1\552_K_Bainite_01.png,552_K_Bainite_01.png,552_K_Bainite_01,.png,96,96,RGB
D:\AI_Materials_Microscopy\data\raw\Dataset\K_Bainite_1\553_K_Bainite_01.png,K_Bainite_1\553_K_Bainite_01.png,553_K_Bainite_01.png,553_K_Bainite_01,.png,96,96,RGB
D:\AI_Materials_Microscopy\data\raw\Dataset\K_Bainite_1\554_K_Bainite_01.png,K_Bainite_1\554_K_Bainite_01.png,554_K_Bainite_01.png,554_K_Bainite_01,.png,96,96,RGB
D:\AI_Materials_Microscopy\data\raw\Dataset\K_Bainite_1\555_K_Bainite_01.png,K_Bainite_1\555_K_Bainite_01.png,555_K_Bainite_01.png,555_K_Bainite_01,.png,96,96,RGB
D:\AI_Materials_Microscopy\data\raw\Dataset\K_Bainite_1\556_K_Bainite_01.png,K_Bainite_1\556_K_Bainite_01.png,556_K_Bainite_01.png,556_K_Bainite_01,.png,96,96,RGB
D:\AI_Materials_Microscopy\data\raw\Dataset\K_Bainite_1\557_K_Bainite_01.png,K_Bainite_1\557_K_Bainite_01.png,557_K_Bainite_01.png,557_K_Bainite_01,.png,96,96,RGB
D:\AI_Materials_Microscopy\data\raw\Dataset\K_Bainite_1\558_K_Bainite_01.png,K_Bainite_1\558_K_Bainite_01.png,558_K_Bainite_01.png,558_K_Bainite_01,.png,96,96,RGB
D:\AI_Materials_Microscopy\data\raw\Dataset\K_Bainite_1\559_K_Bainite_01.png,K_Bainite_1\559_K_Bainite_01.png,559_K_Bainite_01.png,559_K_Bainite_01,.png,96,96,RGB
D:\AI_Materials_Microscopy\data\raw\Dataset\K_Bainite_1\560_K_Bainite_01.png,K_Bainite_1\560_K_Bainite_01.png,560_K_Bainite_01.png,560_K_Bainite_01,.png,256,256,RGB
D:\AI_Materials_Microscopy\data\raw\Dataset\K_Bainite_1\561_K_Bainite_01.png,K_Bainite_1\561_K_Bainite_01.png,561_K_Bainite_01.png,561_K_Bainite_01,.png,256,256,RGB
D:\AI_Materials_Microscopy\data\raw\Dataset\K_Bainite_1\562_K_Bainite_01.png,K_Bainite_1\562_K_Bainite_01.png,562_K_Bainite_01.png,562_K_Bainite_01,.png,256,256,RGB
D:\AI_Materials_Microscopy\data\raw\Dataset\K_Bainite_1\563_K_Bainite_01.png,K_Bainite_1\563_K_Bainite_01.png,563_K_Bainite_01.png,563_K_Bainite_01,.png,256,256,RGB
D:\AI_Materials_Microscopy\data\raw\Dataset\K_Bainite_1\564_K_Bainite_01.png,K_Bainite_1\564_K_Bainite_01.png,564_K_Bainite_01.png,564_K_Bainite_01,.png,256,256,RGB
D:\AI_Materials_Microscopy\data\raw\Dataset\K_Bainite_1\565_K_Bainite_01.png,K_Bainite_1\565_K_Bainite_01.png,565_K_Bainite_01.png,565_K_Bainite_01,.png,256,256,RGB
D:\AI_Materials_Microscopy\data\raw\Dataset\K_Bainite_1\566_K_Bainite_01.png,K_Bainite_1\566_K_Bainite_01.png,566_K_Bainite_01.png,566_K_Bainite_01,.png,256,256,RGB
D:\AI_Materials_Microscopy\data\raw\Dataset\K_Bainite_1\567_K_Bainite_01.png,K_Bainite_1\567_K_Bainite_01.png,567_K_Bainite_01.png,567_K_Bainite_01,.png,256,256,RGB
D:\AI_Materials_Microscopy\data\raw\Dataset\K_Bainite_1\568_K_Bainite_01.png,K_Bainite_1\568_K_Bainite_01.png,568_K_Bainite_01.png,568_K_Bainite_01,.png,256,256,RGB
D:\AI_Materials_Microscopy\data\raw\Dataset\K_Bainite_1\569_K_Bainite_01.png,K_Bainite_1\569_K_Bainite_01.png,569_K_Bainite_01.png,569_K_Bainite_01,.png,256,256,RGB
D:\AI_Materials_Microscopy\data\raw\Dataset\K_Bainite_10\551_K_Bainite_10.png,K_Bainite_10\551_K_Bainite_10.png,551_K_Bainite_10.png,551_K_Bainite_10,.png,96,96,RGB
D:\AI_Materials_Microscopy\data\raw\Dataset\K_Bainite_10\552_K_Bainite_10.png,K_Bainite_10\552_K_Bainite_10.png,552_K_Bainite_10.png,552_K_Bainite_10,.png,96,96,RGB
D:\AI_Materials_Microscopy\data\raw\Dataset\K_Bainite_10\553_K_Bainite_10.png,K_Bainite_10\553_K_Bainite_10.png,553_K_Bainite_10.png,553_K_Bainite_10,.png,96,96,RGB
D:\AI_Materials_Microscopy\data\raw\Dataset\K_Bainite_10\554_K_Bainite_10.png,K_Bainite_10\554_K_Bainite_10.png,554_K_Bainite_10.png,554_K_Bainite_10,.png,96,96,RGB
D:\AI_Materials_Microscopy\data\raw\Dataset\K_Bainite_10\555_K_Bainite_10.png,K_Bainite_10\555_K_Bainite_10.png,555_K_Bainite_10.png,555_K_Bainite_10,.png,96,96,RGB
D:\AI_Materials_Microscopy\data\raw\Dataset\K_Bainite_10\556_K_Bainite_10.png,K_Bainite_10\556_K_Bainite_10.png,556_K_Bainite_10.png,556_K_Bainite_10,.png,96,96,RGB
D:\AI_Materials_Microscopy\data\raw\Dataset\K_Bainite_10\557_K_Bainite_10.png,K_Bainite_10\557_K_Bainite_10.png,557_K_Bainite_10.png,557_K_Bainite_10,.png,96,96,RGB
D:\AI_Materials_Microscopy\data\raw\Dataset\K_Bainite_10\558_K_Bainite_10.png,K_Bainite_10\558_K_Bainite_10.png,558_K_Bainite_10.png,558_K_Bainite_10,.png,96,96,RGB
D:\AI_Materials_Microscopy\data\raw\Dataset\K_Bainite_10\559_K_Bainite_10.png,K_Bainite_10\559_K_Bainite_10.png,559_K_Bainite_10.png,559_K_Bainite_10,.png,96,96,RGB
D:\AI_Materials_Microscopy\data\raw\Dataset\K_Bainite_10\560_K_Bainite_10.png,K_Bainite_10\560_K_Bainite_10.png,560_K_Bainite_10.png,560_K_Bainite_10,.png,256,256,RGB
D:\AI_Materials_Microscopy\data\raw\Dataset\K_Bainite_10\561_K_Bainite_10.png,K_Bainite_10\561_K_Bainite_10.png,561_K_Bainite_10.png,561_K_Bainite_10,.png,256,256,RGB
D:\AI_Materials_Microscopy\data\raw\Dataset\K_Bainite_10\562_K_Bainite_10.png,K_Bainite_10\562_K_Bainite_10.png,562_K_Bainite_10.png,562_K_Bainite_10,.png,256,256,RGB
D:\AI_Materials_Microscopy\data\raw\Dataset\K_Bainite_10\563_K_Bainite_10.png,K_Bainite_10\563_K_Bainite_10.png,563_K_Bainite_10.png,563_K_Bainite_10,.png,256,256,RGB
D:\AI_Materials_Microscopy\data\raw\Dataset\K_Bainite_10\564_K_Bainite_10.png,K_Bainite_10\564_K_Bainite_10.png,564_K_Bainite_10.png,564_K_Bainite_10,.png,256,256,RGB
D:\AI_Materials_Microscopy\data\raw\Dataset\K_Bainite_10\565_K_Bainite_10.png,K_Bainite_10\565_K_Bainite_10.png,565_K_Bainite_10.png,565_K_Bainite_10,.png,256,256,RGB
D:\AI_Materials_Microscopy\data\raw\Dataset\K_Bainite_10\566_K_Bainite_10.png,K_Bainite_10\566_K_Bainite_10.png,566_K_Bainite_10.png,566_K_Bainite_10,.png,256,256,RGB
D:\AI_Materials_Microscopy\data\raw\Dataset\K_Bainite_10\567_K_Bainite_10.png,K_Bainite_10\567_K_Bainite_10.png,567_K_Bainite_10.png,567_K_Bainite_10,.png,256,256,RGB
D:\AI_Materials_Microscopy\data\raw\Dataset\K_Bainite_10\568_K_Bainite_10.png,K_Bainite_10\568_K_Bainite_10.png,568_K_Bainite_10.png,568_K_Bainite_10,.png,256,256,RGB
D:\AI_Materials_Microscopy\data\raw\Dataset\K_Bainite_10\569_K_Bainite_10.png,K_Bainite_10\569_K_Bainite_10.png,569_K_Bainite_10.png,569_K_Bainite_10,.png,256,256,RGB
D:\AI_Materials_Microscopy\data\raw\Dataset\K_Bainite_11\551_K_Bainite_11.png,K_Bainite_11\551_K_Bainite_11.png,551_K_Bainite_11.png,551_K_Bainite_11,.png,96,96,RGB
D:\AI_Materials_Microscopy\data\raw\Dataset\K_Bainite_11\552_K_Bainite_11.png,K_Bainite_11\552_K_Bainite_11.png,552_K_Bainite_11.png,552_K_Bainite_11,.png,96,96,RGB
D:\AI_Materials_Microscopy\data\raw\Dataset\K_Bainite_11\553_K_Bainite_11.png,K_Bainite_11\553_K_Bainite_11.png,553_K_Bainite_11.png,553_K_Bainite_11,.png,96,96,RGB
D:\AI_Materials_Microscopy\data\raw\Dataset\K_Bainite_11\554_K_Bainite_11.png,K_Bainite_11\554_K_Bainite_11.png,554_K_Bainite_11.png,554_K_Bainite_11,.png,96,96,RGB
D:\AI_Materials_Microscopy\data\raw\Dataset\K_Bainite_11\555_K_Bainite_11.png,K_Bainite_11\555_K_Bainite_11.png,555_K_Bainite_11.png,555_K_Bainite_11,.png,96,96,RGB
D:\AI_Materials_Microscopy\data\raw\Dataset\K_Bainite_11\556_K_Bainite_11.png,K_Bainite_11\556_K_Bainite_11.png,556_K_Bainite_11.png,556_K_Bainite_11,.png,96,96,RGB
D:\AI_Materials_Microscopy\data\raw\Dataset\K_Bainite_11\557_K_Bainite_11.png,K_Bainite_11\557_K_Bainite_11.png,557_K_Bainite_11.png,557_K_Bainite_11,.png,96,96,RGB
D:\AI_Materials_Microscopy\data\raw\Dataset\K_Bainite_11\558_K_Bainite_11.png,K_Bainite_11\558_K_Bainite_11.png,558_K_Bainite_11.png,558_K_Bainite_11,.png,96,96,RGB
D:\AI_Materials_Microscopy\data\raw\Dataset\K_Bainite_11\559_K_Bainite_11.png,K_Bainite_11\559_K_Bainite_11.png,559_K_Bainite_11.png,559_K_Bainite_11,.png,96,96,RGB
D:\AI_Materials_Microscopy\data\raw\Dataset\K_Bainite_11\560_K_Bainite_11.png,K_Bainite_11\560_K_Bainite_11.png,560_K_Bainite_11.png,560_K_Bainite_11,.png,256,256,RGB
D:\AI_Materials_Microscopy\data\raw\Dataset\K_Bainite_11\561_K_Bainite_11.png,K_Bainite_11\561_K_Bainite_11.png,561_K_Bainite_11.png,561_K_Bainite_11,.png,256,256,RGB
D:\AI_Materials_Microscopy\data\raw\Dataset\K_Bainite_11\562_K_Bainite_11.png,K_Bainite_11\562_K_Bainite_11.png,562_K_Bainite_11.png,562_K_Bainite_11,.png,256,256,RGB
D:\AI_Materials_Microscopy\data\raw\Dataset\K_Bainite_11\563_K_Bainite_11.png,K_Bainite_11\563_K_Bainite_11.png,563_K_Bainite_11.png,563_K_Bainite_11,.png,256,256,RGB
D:\AI_Materials_Microscopy\data\raw\Dataset\K_Bainite_11\564_K_Bainite_11.png,K_Bainite_11\564_K_Bainite_11.png,564_K_Bainite_11.png,564_K_Bainite_11,.png,256,256,RGB
D:\AI_Materials_Microscopy\data\raw\Dataset\K_Bainite_11\565_K_Bainite_11.png,K_Bainite_11\565_K_Bainite_11.png,565_K_Bainite_11.png,565_K_Bainite_11,.png,256,256,RGB
D:\AI_Materials_Microscopy\data\raw\Dataset\K_Bainite_11\566_K_Bainite_11.png,K_Bainite_11\566_K_Bainite_11.png,566_K_Bainite_11.png,566_K_Bainite_11,.png,256,256,RGB
D:\AI_Materials_Microscopy\data\raw\Dataset\K_Bainite_11\567_K_Bainite_11.png,K_Bainite_11\567_K_Bainite_11.png,567_K_Bainite_11.png,567_K_Bainite_11,.png,256,256,RGB
D:\AI_Materials_Microscopy\data\raw\Dataset\K_Bainite_11\568_K_Bainite_11.png,K_Bainite_11\568_K_Bainite_11.png,568_K_Bainite_11.png,568_K_Bainite_11,.png,256,256,RGB
D:\AI_Materials_Microscopy\data\raw\Dataset\K_Bainite_11\569_K_Bainite_11.png,K_Bainite_11\569_K_Bainite_11.png,569_K_Bainite_11.png,569_K_Bainite_11,.png,256,256,RGB
D:\AI_Materials_Microscopy\data\raw\Dataset\K_Bainite_12\551_K_Bainite_12.png,K_Bainite_12\551_K_Bainite_12.png,551_K_Bainite_12.png,551_K_Bainite_12,.png,96,96,RGB
D:\AI_Materials_Microscopy\data\raw\Dataset\K_Bainite_12\552_K_Bainite_12.png,K_Bainite_12\552_K_Bainite_12.png,552_K_Bainite_12.png,552_K_Bainite_12,.png,96,96,RGB
D:\AI_Materials_Microscopy\data\raw\Dataset\K_Bainite_12\553_K_Bainite_12.png,K_Bainite_12\553_K_Bainite_12.png,553_K_Bainite_12.png,553_K_Bainite_12,.png,96,96,RGB
D:\AI_Materials_Microscopy\data\raw\Dataset\K_Bainite_12\554_K_Bainite_12.png,K_Bainite_12\554_K_Bainite_12.png,554_K_Bainite_12.png,554_K_Bainite_12,.png,96,96,RGB
D:\AI_Materials_Microscopy\data\raw\Dataset\K_Bainite_12\555_K_Bainite_12.png,K_Bainite_12\555_K_Bainite_12.png,555_K_Bainite_12.png,555_K_Bainite_12,.png,96,96,RGB
D:\AI_Materials_Microscopy\data\raw\Dataset\K_Bainite_12\556_K_Bainite_12.png,K_Bainite_12\556_K_Bainite_12.png,556_K_Bainite_12.png,556_K_Bainite_12,.png,96,96,RGB
D:\AI_Materials_Microscopy\data\raw\Dataset\K_Bainite_12\557_K_Bainite_12.png,K_Bainite_12\557_K_Bainite_12.png,557_K_Bainite_12.png,557_K_Bainite_12,.png,96,96,RGB
D:\AI_Materials_Microscopy\data\raw\Dataset\K_Bainite_12\558_K_Bainite_12.png,K_Bainite_12\558_K_Bainite_12.png,558_K_Bainite_12.png,558_K_Bainite_12,.png,96,96,RGB
D:\AI_Materials_Microscopy\data\raw\Dataset\K_Bainite_12\559_K_Bainite_12.png,K_Bainite_12\559_K_Bainite_12.png,559_K_Bainite_12.png,559_K_Bainite_12,.png,96,96,RGB
D:\AI_Materials_Microscopy\data\raw\Dataset\K_Bainite_12\560_K_Bainite_12.png,K_Bainite_12\560_K_Bainite_12.png,560_K_Bainite_12.png,560_K_Bainite_12,.png,256,256,RGB
D:\AI_Materials_Microscopy\data\raw\Dataset\K_Bainite_12\561_K_Bainite_12.png,K_Bainite_12\561_K_Bainite_12.png,561_K_Bainite_12.png,561_K_Bainite_12,.png,256,256,RGB
D:\AI_Materials_Microscopy\data\raw\Dataset\K_Bainite_12\562_K_Bainite_12.png,K_Bainite_12\562_K_Bainite_12.png,562_K_Bainite_12.png,562_K_Bainite_12,.png,256,256,RGB
D:\AI_Materials_Microscopy\data\raw\Dataset\K_Bainite_12\563_K_Bainite_12.png,K_Bainite_12\563_K_Bainite_12.png,563_K_Bainite_12.png,563_K_Bainite_12,.png,256,256,RGB
D:\AI_Materials_Microscopy\data\raw\Dataset\K_Bainite_12\564_K_Bainite_12.png,K_Bainite_12\564_K_Bainite_12.png,564_K_Bainite_12.png,564_K_Bainite_12,.png,256,256,RGB
D:\AI_Materials_Microscopy\data\raw\Dataset\K_Bainite_12\565_K_Bainite_12.png,K_Bainite_12\565_K_Bainite_12.png,565_K_Bainite_12.png,565_K_Bainite_12,.png,256,256,RGB
D:\AI_Materials_Microscopy\data\raw\Dataset\K_Bainite_12\566_K_Bainite_12.png,K_Bainite_12\566_K_Bainite_12.png,566_K_Bainite_12.png,566_K_Bainite_12,.png,256,256,RGB
D:\AI_Materials_Microscopy\data\raw\Dataset\K_Bainite_12\567_K_Bainite_12.png,K_Bainite_12\567_K_Bainite_12.png,567_K_Bainite_12.png,567_K_Bainite_12,.png,256,256,RGB
D:\AI_Materials_Microscopy\data\raw\Dataset\K_Bainite_12\568_K_Bainite_12.png,K_Bainite_12\568_K_Bainite_12.png,568_K_Bainite_12.png,568_K_Bainite_12,.png,256,256,RGB
D:\AI_Materials_Microscopy\data\raw\Dataset\K_Bainite_12\569_K_Bainite_12.png,K_Bainite_12\569_K_Bainite_12.png,569_K_Bainite_12.png,569_K_Bainite_12,.png,256,256,RGB
D:\AI_Materials_Microscopy\data\raw\Dataset\K_Bainite_2\551_K_Bainite_02.png,K_Bainite_2\551_K_Bainite_02.png,551_K_Bainite_02.png,551_K_Bainite_02,.png,96,96,RGB
D:\AI_Materials_Microscopy\data\raw\Dataset\K_Bainite_2\552_K_Bainite_02.png,K_Bainite_2\552_K_Bainite_02.png,552_K_Bainite_02.png,552_K_Bainite_02,.png,96,96,RGB
D:\AI_Materials_Microscopy\data\raw\Dataset\K_Bainite_2\553_K_Bainite_02.png,K_Bainite_2\553_K_Bainite_02.png,553_K_Bainite_02.png,553_K_Bainite_02,.png,96,96,RGB
D:\AI_Materials_Microscopy\data\raw\Dataset\K_Bainite_2\554_K_Bainite_02.png,K_Bainite_2\554_K_Bainite_02.png,554_K_Bainite_02.png,554_K_Bainite_02,.png,96,96,RGB
D:\AI_Materials_Microscopy\data\raw\Dataset\K_Bainite_2\555_K_Bainite_02.png,K_Bainite_2\555_K_Bainite_02.png,555_K_Bainite_02.png,555_K_Bainite_02,.png,96,96,RGB
D:\AI_Materials_Microscopy\data\raw\Dataset\K_Bainite_2\556_K_Bainite_02.png,K_Bainite_2\556_K_Bainite_02.png,556_K_Bainite_02.png,556_K_Bainite_02,.png,96,96,RGB
D:\AI_Materials_Microscopy\data\raw\Dataset\K_Bainite_2\557_K_Bainite_02.png,K_Bainite_2\557_K_Bainite_02.png,557_K_Bainite_02.png,557_K_Bainite_02,.png,96,96,RGB
D:\AI_Materials_Microscopy\data\raw\Dataset\K_Bainite_2\558_K_Bainite_02.png,K_Bainite_2\558_K_Bainite_02.png,558_K_Bainite_02.png,558_K_Bainite_02,.png,96,96,RGB
D:\AI_Materials_Microscopy\data\raw\Dataset\K_Bainite_2\559_K_Bainite_02.png,K_Bainite_2\559_K_Bainite_02.png,559_K_Bainite_02.png,559_K_Bainite_02,.png,96,96,RGB
D:\AI_Materials_Microscopy\data\raw\Dataset\K_Bainite_2\560_K_Bainite_02.png,K_Bainite_2\560_K_Bainite_02.png,560_K_Bainite_02.png,560_K_Bainite_02,.png,256,256,RGB
D:\AI_Materials_Microscopy\data\raw\Dataset\K_Bainite_2\561_K_Bainite_02.png,K_Bainite_2\561_K_Bainite_02.png,561_K_Bainite_02.png,561_K_Bainite_02,.png,256,256,RGB
D:\AI_Materials_Microscopy\data\raw\Dataset\K_Bainite_2\562_K_Bainite_02.png,K_Bainite_2\562_K_Bainite_02.png,562_K_Bainite_02.png,562_K_Bainite_02,.png,256,256,RGB
D:\AI_Materials_Microscopy\data\raw\Dataset\K_Bainite_2\563_K_Bainite_02.png,K_Bainite_2\563_K_Bainite_02.png,563_K_Bainite_02.png,563_K_Bainite_02,.png,256,256,RGB
D:\AI_Materials_Microscopy\data\raw\Dataset\K_Bainite_2\564_K_Bainite_02.png,K_Bainite_2\564_K_Bainite_02.png,564_K_Bainite_02.png,564_K_Bainite_02,.png,256,256,RGB
D:\AI_Materials_Microscopy\data\raw\Dataset\K_Bainite_2\565_K_Bainite_02.png,K_Bainite_2\565_K_Bainite_02.png,565_K_Bainite_02.png,565_K_Bainite_02,.png,256,256,RGB
D:\AI_Materials_Microscopy\data\raw\Dataset\K_Bainite_2\566_K_Bainite_02.png,K_Bainite_2\566_K_Bainite_02.png,566_K_Bainite_02.png,566_K_Bainite_02,.png,256,256,RGB
D:\AI_Materials_Microscopy\data\raw\Dataset\K_Bainite_2\567_K_Bainite_02.png,K_Bainite_2\567_K_Bainite_02.png,567_K_Bainite_02.png,567_K_Bainite_02,.png,256,256,RGB
D:\AI_Materials_Microscopy\data\raw\Dataset\K_Bainite_2\568_K_Bainite_02.png,K_Bainite_2\568_K_Bainite_02.png,568_K_Bainite_02.png,568_K_Bainite_02,.png,256,256,RGB
D:\AI_Materials_Microscopy\data\raw\Dataset\K_Bainite_2\569_K_Bainite_02.png,K_Bainite_2\569_K_Bainite_02.png,569_K_Bainite_02.png,569_K_Bainite_02,.png,256,256,RGB
D:\AI_Materials_Microscopy\data\raw\Dataset\K_Bainite_3\551_K_Bainite_03.png,K_Bainite_3\551_K_Bainite_03.png,551_K_Bainite_03.png,551_K_Bainite_03,.png,96,96,RGB
D:\AI_Materials_Microscopy\data\raw\Dataset\K_Bainite_3\552_K_Bainite_03.png,K_Bainite_3\552_K_Bainite_03.png,552_K_Bainite_03.png,552_K_Bainite_03,.png,96,96,RGB
D:\AI_Materials_Microscopy\data\raw\Dataset\K_Bainite_3\553_K_Bainite_03.png,K_Bainite_3\553_K_Bainite_03.png,553_K_Bainite_03.png,553_K_Bainite_03,.png,96,96,RGB
D:\AI_Materials_Microscopy\data\raw\Dataset\K_Bainite_3\554_K_Bainite_03.png,K_Bainite_3\554_K_Bainite_03.png,554_K_Bainite_03.png,554_K_Bainite_03,.png,96,96,RGB
D:\AI_Materials_Microscopy\data\raw\Dataset\K_Bainite_3\555_K_Bainite_03.png,K_Bainite_3\555_K_Bainite_03.png,555_K_Bainite_03.png,555_K_Bainite_03,.png,96,96,RGB
D:\AI_Materials_Microscopy\data\raw\Dataset\K_Bainite_3\556_K_Bainite_03.png,K_Bainite_3\556_K_Bainite_03.png,556_K_Bainite_03.png,556_K_Bainite_03,.png,96,96,RGB
D:\AI_Materials_Microscopy\data\raw\Dataset\K_Bainite_3\557_K_Bainite_03.png,K_Bainite_3\557_K_Bainite_03.png,557_K_Bainite_03.png,557_K_Bainite_03,.png,96,96,RGB
D:\AI_Materials_Microscopy\data\raw\Dataset\K_Bainite_3\558_K_Bainite_03.png,K_Bainite_3\558_K_Bainite_03.png,558_K_Bainite_03.png,558_K_Bainite_03,.png,96,96,RGB
D:\AI_Materials_Microscopy\data\raw\Dataset\K_Bainite_3\559_K_Bainite_03.png,K_Bainite_3\559_K_Bainite_03.png,559_K_Bainite_03.png,559_K_Bainite_03,.png,96,96,RGB
D:\AI_Materials_Microscopy\data\raw\Dataset\K_Bainite_3\560_K_Bainite_03.png,K_Bainite_3\560_K_Bainite_03.png,560_K_Bainite_03.png,560_K_Bainite_03,.png,256,256,RGB
D:\AI_Materials_Microscopy\data\raw\Dataset\K_Bainite_3\561_K_Bainite_03.png,K_Bainite_3\561_K_Bainite_03.png,561_K_Bainite_03.png,561_K_Bainite_03,.png,256,256,RGB
D:\AI_Materials_Microscopy\data\raw\Dataset\K_Bainite_3\562_K_Bainite_03.png,K_Bainite_3\562_K_Bainite_03.png,562_K_Bainite_03.png,562_K_Bainite_03,.png,256,256,RGB
D:\AI_Materials_Microscopy\data\raw\Dataset\K_Bainite_3\563_K_Bainite_03.png,K_Bainite_3\563_K_Bainite_03.png,563_K_Bainite_03.png,563_K_Bainite_03,.png,256,256,RGB
D:\AI_Materials_Microscopy\data\raw\Dataset\K_Bainite_3\564_K_Bainite_03.png,K_Bainite_3\564_K_Bainite_03.png,564_K_Bainite_03.png,564_K_Bainite_03,.png,256,256,RGB
D:\AI_Materials_Microscopy\data\raw\Dataset\K_Bainite_3\565_K_Bainite_03.png,K_Bainite_3\565_K_Bainite_03.png,565_K_Bainite_03.png,565_K_Bainite_03,.png,256,256,RGB
D:\AI_Materials_Microscopy\data\raw\Dataset\K_Bainite_3\566_K_Bainite_03.png,K_Bainite_3\566_K_Bainite_03.png,566_K_Bainite_03.png,566_K_Bainite_03,.png,256,256,RGB
D:\AI_Materials_Microscopy\data\raw\Dataset\K_Bainite_3\567_K_Bainite_03.png,K_Bainite_3\567_K_Bainite_03.png,567_K_Bainite_03.png,567_K_Bainite_03,.png,256,256,RGB
D:\AI_Materials_Microscopy\data\raw\Dataset\K_Bainite_3\568_K_Bainite_03.png,K_Bainite_3\568_K_Bainite_03.png,568_K_Bainite_03.png,568_K_Bainite_03,.png,256,256,RGB
D:\AI_Materials_Microscopy\data\raw\Dataset\K_Bainite_3\569_K_Bainite_03.png,K_Bainite_3\569_K_Bainite_03.png,569_K_Bainite_03.png,569_K_Bainite_03,.png,256,256,RGB
D:\AI_Materials_Microscopy\data\raw\Dataset\K_Bainite_4\551_K_Bainite_04.png,K_Bainite_4\551_K_Bainite_04.png,551_K_Bainite_04.png,551_K_Bainite_04,.png,96,96,RGB
D:\AI_Materials_Microscopy\data\raw\Dataset\K_Bainite_4\552_K_Bainite_04.png,K_Bainite_4\552_K_Bainite_04.png,552_K_Bainite_04.png,552_K_Bainite_04,.png,96,96,RGB
D:\AI_Materials_Microscopy\data\raw\Dataset\K_Bainite_4\553_K_Bainite_04.png,K_Bainite_4\553_K_Bainite_04.png,553_K_Bainite_04.png,553_K_Bainite_04,.png,96,96,RGB
D:\AI_Materials_Microscopy\data\raw\Dataset\K_Bainite_4\554_K_Bainite_04.png,K_Bainite_4\554_K_Bainite_04.png,554_K_Bainite_04.png,554_K_Bainite_04,.png,96,96,RGB
D:\AI_Materials_Microscopy\data\raw\Dataset\K_Bainite_4\555_K_Bainite_04.png,K_Bainite_4\555_K_Bainite_04.png,555_K_Bainite_04.png,555_K_Bainite_04,.png,96,96,RGB
D:\AI_Materials_Microscopy\data\raw\Dataset\K_Bainite_4\556_K_Bainite_04.png,K_Bainite_4\556_K_Bainite_04.png,556_K_Bainite_04.png,556_K_Bainite_04,.png,96,96,RGB
D:\AI_Materials_Microscopy\data\raw\Dataset\K_Bainite_4\557_K_Bainite_04.png,K_Bainite_4\557_K_Bainite_04.png,557_K_Bainite_04.png,557_K_Bainite_04,.png,96,96,RGB
D:\AI_Materials_Microscopy\data\raw\Dataset\K_Bainite_4\558_K_Bainite_04.png,K_Bainite_4\558_K_Bainite_04.png,558_K_Bainite_04.png,558_K_Bainite_04,.png,96,96,RGB
D:\AI_Materials_Microscopy\data\raw\Dataset\K_Bainite_4\559_K_Bainite_04.png,K_Bainite_4\559_K_Bainite_04.png,559_K_Bainite_04.png,559_K_Bainite_04,.png,96,96,RGB
D:\AI_Materials_Microscopy\data\raw\Dataset\K_Bainite_4\560_K_Bainite_04.png,K_Bainite_4\560_K_Bainite_04.png,560_K_Bainite_04.png,560_K_Bainite_04,.png,256,256,RGB
D:\AI_Materials_Microscopy\data\raw\Dataset\K_Bainite_4\561_K_Bainite_04.png,K_Bainite_4\561_K_Bainite_04.png,561_K_Bainite_04.png,561_K_Bainite_04,.png,256,256,RGB
D:\AI_Materials_Microscopy\data\raw\Dataset\K_Bainite_4\562_K_Bainite_04.png,K_Bainite_4\562_K_Bainite_04.png,562_K_Bainite_04.png,562_K_Bainite_04,.png,256,256,RGB
D:\AI_Materials_Microscopy\data\raw\Dataset\K_Bainite_4\563_K_Bainite_04.png,K_Bainite_4\563_K_Bainite_04.png,563_K_Bainite_04.png,563_K_Bainite_04,.png,256,256,RGB
D:\AI_Materials_Microscopy\data\raw\Dataset\K_Bainite_4\564_K_Bainite_04.png,K_Bainite_4\564_K_Bainite_04.png,564_K_Bainite_04.png,564_K_Bainite_04,.png,256,256,RGB
D:\AI_Materials_Microscopy\data\raw\Dataset\K_Bainite_4\565_K_Bainite_04.png,K_Bainite_4\565_K_Bainite_04.png,565_K_Bainite_04.png,565_K_Bainite_04,.png,256,256,RGB
D:\AI_Materials_Microscopy\data\raw\Dataset\K_Bainite_4\566_K_Bainite_04.png,K_Bainite_4\566_K_Bainite_04.png,566_K_Bainite_04.png,566_K_Bainite_04,.png,256,256,RGB
D:\AI_Materials_Microscopy\data\raw\Dataset\K_Bainite_4\567_K_Bainite_04.png,K_Bainite_4\567_K_Bainite_04.png,567_K_Bainite_04.png,567_K_Bainite_04,.png,256,256,RGB
D:\AI_Materials_Microscopy\data\raw\Dataset\K_Bainite_4\568_K_Bainite_04.png,K_Bainite_4\568_K_Bainite_04.png,568_K_Bainite_04.png,568_K_Bainite_04,.png,256,256,RGB
D:\AI_Materials_Microscopy\data\raw\Dataset\K_Bainite_4\569_K_Bainite_04.png,K_Bainite_4\569_K_Bainite_04.png,569_K_Bainite_04.png,569_K_Bainite_04,.png,256,256,RGB
D:\AI_Materials_Microscopy\data\raw\Dataset\K_Bainite_5\551_K_Bainite_05.png,K_Bainite_5\551_K_Bainite_05.png,551_K_Bainite_05.png,551_K_Bainite_05,.png,96,96,RGB
D:\AI_Materials_Microscopy\data\raw\Dataset\K_Bainite_5\552_K_Bainite_05.png,K_Bainite_5\552_K_Bainite_05.png,552_K_Bainite_05.png,552_K_Bainite_05,.png,96,96,RGB
D:\AI_Materials_Microscopy\data\raw\Dataset\K_Bainite_5\553_K_Bainite_05.png,K_Bainite_5\553_K_Bainite_05.png,553_K_Bainite_05.png,553_K_Bainite_05,.png,96,96,RGB
D:\AI_Materials_Microscopy\data\raw\Dataset\K_Bainite_5\554_K_Bainite_05.png,K_Bainite_5\554_K_Bainite_05.png,554_K_Bainite_05.png,554_K_Bainite_05,.png,96,96,RGB
D:\AI_Materials_Microscopy\data\raw\Dataset\K_Bainite_5\555_K_Bainite_05.png,K_Bainite_5\555_K_Bainite_05.png,555_K_Bainite_05.png,555_K_Bainite_05,.png,96,96,RGB
D:\AI_Materials_Microscopy\data\raw\Dataset\K_Bainite_5\556_K_Bainite_05.png,K_Bainite_5\556_K_Bainite_05.png,556_K_Bainite_05.png,556_K_Bainite_05,.png,96,96,RGB
D:\AI_Materials_Microscopy\data\raw\Dataset\K_Bainite_5\557_K_Bainite_05.png,K_Bainite_5\557_K_Bainite_05.png,557_K_Bainite_05.png,557_K_Bainite_05,.png,96,96,RGB
D:\AI_Materials_Microscopy\data\raw\Dataset\K_Bainite_5\558_K_Bainite_05.png,K_Bainite_5\558_K_Bainite_05.png,558_K_Bainite_05.png,558_K_Bainite_05,.png,96,96,RGB
D:\AI_Materials_Microscopy\data\raw\Dataset\K_Bainite_5\559_K_Bainite_05.png,K_Bainite_5\559_K_Bainite_05.png,559_K_Bainite_05.png,559_K_Bainite_05,.png,96,96,RGB
D:\AI_Materials_Microscopy\data\raw\Dataset\K_Bainite_5\560_K_Bainite_05.png,K_Bainite_5\560_K_Bainite_05.png,560_K_Bainite_05.png,560_K_Bainite_05,.png,256,256,RGB
D:\AI_Materials_Microscopy\data\raw\Dataset\K_Bainite_5\561_K_Bainite_05.png,K_Bainite_5\561_K_Bainite_05.png,561_K_Bainite_05.png,561_K_Bainite_05,.png,256,256,RGB
D:\AI_Materials_Microscopy\data\raw\Dataset\K_Bainite_5\562_K_Bainite_05.png,K_Bainite_5\562_K_Bainite_05.png,562_K_Bainite_05.png,562_K_Bainite_05,.png,256,256,RGB
D:\AI_Materials_Microscopy\data\raw\Dataset\K_Bainite_5\563_K_Bainite_05.png,K_Bainite_5\563_K_Bainite_05.png,563_K_Bainite_05.png,563_K_Bainite_05,.png,256,256,RGB
D:\AI_Materials_Microscopy\data\raw\Dataset\K_Bainite_5\564_K_Bainite_05.png,K_Bainite_5\564_K_Bainite_05.png,564_K_Bainite_05.png,564_K_Bainite_05,.png,256,256,RGB
D:\AI_Materials_Microscopy\data\raw\Dataset\K_Bainite_5\565_K_Bainite_05.png,K_Bainite_5\565_K_Bainite_05.png,565_K_Bainite_05.png,565_K_Bainite_05,.png,256,256,RGB
D:\AI_Materials_Microscopy\data\raw\Dataset\K_Bainite_5\566_K_Bainite_05.png,K_Bainite_5\566_K_Bainite_05.png,566_K_Bainite_05.png,566_K_Bainite_05,.png,256,256,RGB
D:\AI_Materials_Microscopy\data\raw\Dataset\K_Bainite_5\567_K_Bainite_05.png,K_Bainite_5\567_K_Bainite_05.png,567_K_Bainite_05.png,567_K_Bainite_05,.png,256,256,RGB
D:\AI_Materials_Microscopy\data\raw\Dataset\K_Bainite_5\568_K_Bainite_05.png,K_Bainite_5\568_K_Bainite_05.png,568_K_Bainite_05.png,568_K_Bainite_05,.png,256,256,RGB
D:\AI_Materials_Microscopy\data\raw\Dataset\K_Bainite_5\569_K_Bainite_05.png,K_Bainite_5\569_K_Bainite_05.png,569_K_Bainite_05.png,569_K_Bainite_05,.png,256,256,RGB
D:\AI_Materials_Microscopy\data\raw\Dataset\K_Bainite_6\551_K_Bainite_06.png,K_Bainite_6\551_K_Bainite_06.png,551_K_Bainite_06.png,551_K_Bainite_06,.png,96,96,RGB
D:\AI_Materials_Microscopy\data\raw\Dataset\K_Bainite_6\552_K_Bainite_06.png,K_Bainite_6\552_K_Bainite_06.png,552_K_Bainite_06.png,552_K_Bainite_06,.png,96,96,RGB
D:\AI_Materials_Microscopy\data\raw\Dataset\K_Bainite_6\553_K_Bainite_06.png,K_Bainite_6\553_K_Bainite_06.png,553_K_Bainite_06.png,553_K_Bainite_06,.png,96,96,RGB
D:\AI_Materials_Microscopy\data\raw\Dataset\K_Bainite_6\554_K_Bainite_06.png,K_Bainite_6\554_K_Bainite_06.png,554_K_Bainite_06.png,554_K_Bainite_06,.png,96,96,RGB
D:\AI_Materials_Microscopy\data\raw\Dataset\K_Bainite_6\555_K_Bainite_06.png,K_Bainite_6\555_K_Bainite_06.png,555_K_Bainite_06.png,555_K_Bainite_06,.png,96,96,RGB
D:\AI_Materials_Microscopy\data\raw\Dataset\K_Bainite_6\556_K_Bainite_06.png,K_Bainite_6\556_K_Bainite_06.png,556_K_Bainite_06.png,556_K_Bainite_06,.png,96,96,RGB
D:\AI_Materials_Microscopy\data\raw\Dataset\K_Bainite_6\557_K_Bainite_06.png,K_Bainite_6\557_K_Bainite_06.png,557_K_Bainite_06.png,557_K_Bainite_06,.png,96,96,RGB
D:\AI_Materials_Microscopy\data\raw\Dataset\K_Bainite_6\558_K_Bainite_06.png,K_Bainite_6\558_K_Bainite_06.png,558_K_Bainite_06.png,558_K_Bainite_06,.png,96,96,RGB
D:\AI_Materials_Microscopy\data\raw\Dataset\K_Bainite_6\559_K_Bainite_06.png,K_Bainite_6\559_K_Bainite_06.png,559_K_Bainite_06.png,559_K_Bainite_06,.png,96,96,RGB
D:\AI_Materials_Microscopy\data\raw\Dataset\K_Bainite_6\560_K_Bainite_06.png,K_Bainite_6\560_K_Bainite_06.png,560_K_Bainite_06.png,560_K_Bainite_06,.png,256,256,RGB
D:\AI_Materials_Microscopy\data\raw\Dataset\K_Bainite_6\561_K_Bainite_06.png,K_Bainite_6\561_K_Bainite_06.png,561_K_Bainite_06.png,561_K_Bainite_06,.png,256,256,RGB
D:\AI_Materials_Microscopy\data\raw\Dataset\K_Bainite_6\562_K_Bainite_06.png,K_Bainite_6\562_K_Bainite_06.png,562_K_Bainite_06.png,562_K_Bainite_06,.png,256,256,RGB
D:\AI_Materials_Microscopy\data\raw\Dataset\K_Bainite_6\563_K_Bainite_06.png,K_Bainite_6\563_K_Bainite_06.png,563_K_Bainite_06.png,563_K_Bainite_06,.png,256,256,RGB
D:\AI_Materials_Microscopy\data\raw\Dataset\K_Bainite_6\564_K_Bainite_06.png,K_Bainite_6\564_K_Bainite_06.png,564_K_Bainite_06.png,564_K_Bainite_06,.png,256,256,RGB
D:\AI_Materials_Microscopy\data\raw\Dataset\K_Bainite_6\565_K_Bainite_06.png,K_Bainite_6\565_K_Bainite_06.png,565_K_Bainite_06.png,565_K_Bainite_06,.png,256,256,RGB
D:\AI_Materials_Microscopy\data\raw\Dataset\K_Bainite_6\566_K_Bainite_06.png,K_Bainite_6\566_K_Bainite_06.png,566_K_Bainite_06.png,566_K_Bainite_06,.png,256,256,RGB
D:\AI_Materials_Microscopy\data\raw\Dataset\K_Bainite_6\567_K_Bainite_06.png,K_Bainite_6\567_K_Bainite_06.png,567_K_Bainite_06.png,567_K_Bainite_06,.png,256,256,RGB
D:\AI_Materials_Microscopy\data\raw\Dataset\K_Bainite_6\568_K_Bainite_06.png,K_Bainite_6\568_K_Bainite_06.png,568_K_Bainite_06.png,568_K_Bainite_06,.png,256,256,RGB
D:\AI_Materials_Microscopy\data\raw\Dataset\K_Bainite_6\569_K_Bainite_06.png,K_Bainite_6\569_K_Bainite_06.png,569_K_Bainite_06.png,569_K_Bainite_06,.png,256,256,RGB
D:\AI_Materials_Microscopy\data\raw\Dataset\K_Bainite_7\551_K_Bainite_07.png,K_Bainite_7\551_K_Bainite_07.png,551_K_Bainite_07.png,551_K_Bainite_07,.png,96,96,RGB
D:\AI_Materials_Microscopy\data\raw\Dataset\K_Bainite_7\552_K_Bainite_07.png,K_Bainite_7\552_K_Bainite_07.png,552_K_Bainite_07.png,552_K_Bainite_07,.png,96,96,RGB
D:\AI_Materials_Microscopy\data\raw\Dataset\K_Bainite_7\553_K_Bainite_07.png,K_Bainite_7\553_K_Bainite_07.png,553_K_Bainite_07.png,553_K_Bainite_07,.png,96,96,RGB
D:\AI_Materials_Microscopy\data\raw\Dataset\K_Bainite_7\554_K_Bainite_07.png,K_Bainite_7\554_K_Bainite_07.png,554_K_Bainite_07.png,554_K_Bainite_07,.png,96,96,RGB
D:\AI_Materials_Microscopy\data\raw\Dataset\K_Bainite_7\555_K_Bainite_07.png,K_Bainite_7\555_K_Bainite_07.png,555_K_Bainite_07.png,555_K_Bainite_07,.png,96,96,RGB
D:\AI_Materials_Microscopy\data\raw\Dataset\K_Bainite_7\556_K_Bainite_07.png,K_Bainite_7\556_K_Bainite_07.png,556_K_Bainite_07.png,556_K_Bainite_07,.png,96,96,RGB
D:\AI_Materials_Microscopy\data\raw\Dataset\K_Bainite_7\557_K_Bainite_07.png,K_Bainite_7\557_K_Bainite_07.png,557_K_Bainite_07.png,557_K_Bainite_07,.png,96,96,RGB
D:\AI_Materials_Microscopy\data\raw\Dataset\K_Bainite_7\558_K_Bainite_07.png,K_Bainite_7\558_K_Bainite_07.png,558_K_Bainite_07.png,558_K_Bainite_07,.png,96,96,RGB
D:\AI_Materials_Microscopy\data\raw\Dataset\K_Bainite_7\559_K_Bainite_07.png,K_Bainite_7\559_K_Bainite_07.png,559_K_Bainite_07.png,559_K_Bainite_07,.png,96,96,RGB
D:\AI_Materials_Microscopy\data\raw\Dataset\K_Bainite_7\560_K_Bainite_07.png,K_Bainite_7\560_K_Bainite_07.png,560_K_Bainite_07.png,560_K_Bainite_07,.png,256,256,RGB
D:\AI_Materials_Microscopy\data\raw\Dataset\K_Bainite_7\561_K_Bainite_07.png,K_Bainite_7\561_K_Bainite_07.png,561_K_Bainite_07.png,561_K_Bainite_07,.png,256,256,RGB
D:\AI_Materials_Microscopy\data\raw\Dataset\K_Bainite_7\562_K_Bainite_07.png,K_Bainite_7\562_K_Bainite_07.png,562_K_Bainite_07.png,562_K_Bainite_07,.png,256,256,RGB
D:\AI_Materials_Microscopy\data\raw\Dataset\K_Bainite_7\563_K_Bainite_07.png,K_Bainite_7\563_K_Bainite_07.png,563_K_Bainite_07.png,563_K_Bainite_07,.png,256,256,RGB
D:\AI_Materials_Microscopy\data\raw\Dataset\K_Bainite_7\564_K_Bainite_07.png,K_Bainite_7\564_K_Bainite_07.png,564_K_Bainite_07.png,564_K_Bainite_07,.png,256,256,RGB
D:\AI_Materials_Microscopy\data\raw\Dataset\K_Bainite_7\565_K_Bainite_07.png,K_Bainite_7\565_K_Bainite_07.png,565_K_Bainite_07.png,565_K_Bainite_07,.png,256,256,RGB
D:\AI_Materials_Microscopy\data\raw\Dataset\K_Bainite_7\566_K_Bainite_07.png,K_Bainite_7\566_K_Bainite_07.png,566_K_Bainite_07.png,566_K_Bainite_07,.png,256,256,RGB
D:\AI_Materials_Microscopy\data\raw\Dataset\K_Bainite_7\567_K_Bainite_07.png,K_Bainite_7\567_K_Bainite_07.png,567_K_Bainite_07.png,567_K_Bainite_07,.png,256,256,RGB
D:\AI_Materials_Microscopy\data\raw\Dataset\K_Bainite_7\568_K_Bainite_07.png,K_Bainite_7\568_K_Bainite_07.png,568_K_Bainite_07.png,568_K_Bainite_07,.png,256,256,RGB
D:\AI_Materials_Microscopy\data\raw\Dataset\K_Bainite_7\569_K_Bainite_07.png,K_Bainite_7\569_K_Bainite_07.png,569_K_Bainite_07.png,569_K_Bainite_07,.png,256,256,RGB
D:\AI_Materials_Microscopy\data\raw\Dataset\K_Bainite_8\551_K_Bainite_08.png,K_Bainite_8\551_K_Bainite_08.png,551_K_Bainite_08.png,551_K_Bainite_08,.png,96,96,RGB
D:\AI_Materials_Microscopy\data\raw\Dataset\K_Bainite_8\552_K_Bainite_08.png,K_Bainite_8\552_K_Bainite_08.png,552_K_Bainite_08.png,552_K_Bainite_08,.png,96,96,RGB
D:\AI_Materials_Microscopy\data\raw\Dataset\K_Bainite_8\553_K_Bainite_08.png,K_Bainite_8\553_K_Bainite_08.png,553_K_Bainite_08.png,553_K_Bainite_08,.png,96,96,RGB
D:\AI_Materials_Microscopy\data\raw\Dataset\K_Bainite_8\554_K_Bainite_08.png,K_Bainite_8\554_K_Bainite_08.png,554_K_Bainite_08.png,554_K_Bainite_08,.png,96,96,RGB
D:\AI_Materials_Microscopy\data\raw\Dataset\K_Bainite_8\555_K_Bainite_08.png,K_Bainite_8\555_K_Bainite_08.png,555_K_Bainite_08.png,555_K_Bainite_08,.png,96,96,RGB
D:\AI_Materials_Microscopy\data\raw\Dataset\K_Bainite_8\556_K_Bainite_08.png,K_Bainite_8\556_K_Bainite_08.png,556_K_Bainite_08.png,556_K_Bainite_08,.png,96,96,RGB
D:\AI_Materials_Microscopy\data\raw\Dataset\K_Bainite_8\557_K_Bainite_08.png,K_Bainite_8\557_K_Bainite_08.png,557_K_Bainite_08.png,557_K_Bainite_08,.png,96,96,RGB
D:\AI_Materials_Microscopy\data\raw\Dataset\K_Bainite_8\558_K_Bainite_08.png,K_Bainite_8\558_K_Bainite_08.png,558_K_Bainite_08.png,558_K_Bainite_08,.png,96,96,RGB
D:\AI_Materials_Microscopy\data\raw\Dataset\K_Bainite_8\559_K_Bainite_08.png,K_Bainite_8\559_K_Bainite_08.png,559_K_Bainite_08.png,559_K_Bainite_08,.png,96,96,RGB
D:\AI_Materials_Microscopy\data\raw\Dataset\K_Bainite_8\560_K_Bainite_08.png,K_Bainite_8\560_K_Bainite_08.png,560_K_Bainite_08.png,560_K_Bainite_08,.png,256,256,RGB
D:\AI_Materials_Microscopy\data\raw\Dataset\K_Bainite_8\561_K_Bainite_08.png,K_Bainite_8\561_K_Bainite_08.png,561_K_Bainite_08.png,561_K_Bainite_08,.png,256,256,RGB
D:\AI_Materials_Microscopy\data\raw\Dataset\K_Bainite_8\562_K_Bainite_08.png,K_Bainite_8\562_K_Bainite_08.png,562_K_Bainite_08.png,562_K_Bainite_08,.png,256,256,RGB
D:\AI_Materials_Microscopy\data\raw\Dataset\K_Bainite_8\563_K_Bainite_08.png,K_Bainite_8\563_K_Bainite_08.png,563_K_Bainite_08.png,563_K_Bainite_08,.png,256,256,RGB
D:\AI_Materials_Microscopy\data\raw\Dataset\K_Bainite_8\564_K_Bainite_08.png,K_Bainite_8\564_K_Bainite_08.png,564_K_Bainite_08.png,564_K_Bainite_08,.png,256,256,RGB
D:\AI_Materials_Microscopy\data\raw\Dataset\K_Bainite_8\565_K_Bainite_08.png,K_Bainite_8\565_K_Bainite_08.png,565_K_Bainite_08.png,565_K_Bainite_08,.png,256,256,RGB
D:\AI_Materials_Microscopy\data\raw\Dataset\K_Bainite_8\566_K_Bainite_08.png,K_Bainite_8\566_K_Bainite_08.png,566_K_Bainite_08.png,566_K_Bainite_08,.png,256,256,RGB
D:\AI_Materials_Microscopy\data\raw\Dataset\K_Bainite_8\567_K_Bainite_08.png,K_Bainite_8\567_K_Bainite_08.png,567_K_Bainite_08.png,567_K_Bainite_08,.png,256,256,RGB
D:\AI_Materials_Microscopy\data\raw\Dataset\K_Bainite_8\568_K_Bainite_08.png,K_Bainite_8\568_K_Bainite_08.png,568_K_Bainite_08.png,568_K_Bainite_08,.png,256,256,RGB
D:\AI_Materials_Microscopy\data\raw\Dataset\K_Bainite_8\569_K_Bainite_08.png,K_Bainite_8\569_K_Bainite_08.png,569_K_Bainite_08.png,569_K_Bainite_08,.png,256,256,RGB
D:\AI_Materials_Microscopy\data\raw\Dataset\K_Bainite_9\551_K_Bainite_09.png,K_Bainite_9\551_K_Bainite_09.png,551_K_Bainite_09.png,551_K_Bainite_09,.png,96,96,RGB
D:\AI_Materials_Microscopy\data\raw\Dataset\K_Bainite_9\552_K_Bainite_09.png,K_Bainite_9\552_K_Bainite_09.png,552_K_Bainite_09.png,552_K_Bainite_09,.png,96,96,RGB
D:\AI_Materials_Microscopy\data\raw\Dataset\K_Bainite_9\553_K_Bainite_09.png,K_Bainite_9\553_K_Bainite_09.png,553_K_Bainite_09.png,553_K_Bainite_09,.png,96,96,RGB
D:\AI_Materials_Microscopy\data\raw\Dataset\K_Bainite_9\554_K_Bainite_09.png,K_Bainite_9\554_K_Bainite_09.png,554_K_Bainite_09.png,554_K_Bainite_09,.png,96,96,RGB
D:\AI_Materials_Microscopy\data\raw\Dataset\K_Bainite_9\555_K_Bainite_09.png,K_Bainite_9\555_K_Bainite_09.png,555_K_Bainite_09.png,555_K_Bainite_09,.png,96,96,RGB
D:\AI_Materials_Microscopy\data\raw\Dataset\K_Bainite_9\556_K_Bainite_09.png,K_Bainite_9\556_K_Bainite_09.png,556_K_Bainite_09.png,556_K_Bainite_09,.png,96,96,RGB
D:\AI_Materials_Microscopy\data\raw\Dataset\K_Bainite_9\557_K_Bainite_09.png,K_Bainite_9\557_K_Bainite_09.png,557_K_Bainite_09.png,557_K_Bainite_09,.png,96,96,RGB
D:\AI_Materials_Microscopy\data\raw\Dataset\K_Bainite_9\558_K_Bainite_09.png,K_Bainite_9\558_K_Bainite_09.png,558_K_Bainite_09.png,558_K_Bainite_09,.png,96,96,RGB
D:\AI_Materials_Microscopy\data\raw\Dataset\K_Bainite_9\559_K_Bainite_09.png,K_Bainite_9\559_K_Bainite_09.png,559_K_Bainite_09.png,559_K_Bainite_09,.png,96,96,RGB
D:\AI_Materials_Microscopy\data\raw\Dataset\K_Bainite_9\560_K_Bainite_09.png,K_Bainite_9\560_K_Bainite_09.png,560_K_Bainite_09.png,560_K_Bainite_09,.png,256,256,RGB
D:\AI_Materials_Microscopy\data\raw\Dataset\K_Bainite_9\561_K_Bainite_09.png,K_Bainite_9\561_K_Bainite_09.png,561_K_Bainite_09.png,561_K_Bainite_09,.png,256,256,RGB
D:\AI_Materials_Microscopy\data\raw\Dataset\K_Bainite_9\562_K_Bainite_09.png,K_Bainite_9\562_K_Bainite_09.png,562_K_Bainite_09.png,562_K_Bainite_09,.png,256,256,RGB
D:\AI_Materials_Microscopy\data\raw\Dataset\K_Bainite_9\563_K_Bainite_09.png,K_Bainite_9\563_K_Bainite_09.png,563_K_Bainite_09.png,563_K_Bainite_09,.png,256,256,RGB
D:\AI_Materials_Microscopy\data\raw\Dataset\K_Bainite_9\564_K_Bainite_09.png,K_Bainite_9\564_K_Bainite_09.png,564_K_Bainite_09.png,564_K_Bainite_09,.png,256,256,RGB
D:\AI_Materials_Microscopy\data\raw\Dataset\K_Bainite_9\565_K_Bainite_09.png,K_Bainite_9\565_K_Bainite_09.png,565_K_Bainite_09.png,565_K_Bainite_09,.png,256,256,RGB
D:\AI_Materials_Microscopy\data\raw\Dataset\K_Bainite_9\566_K_Bainite_09.png,K_Bainite_9\566_K_Bainite_09.png,566_K_Bainite_09.png,566_K_Bainite_09,.png,256,256,RGB
D:\AI_Materials_Microscopy\data\raw\Dataset\K_Bainite_9\567_K_Bainite_09.png,K_Bainite_9\567_K_Bainite_09.png,567_K_Bainite_09.png,567_K_Bainite_09,.png,256,256,RGB
D:\AI_Materials_Microscopy\data\raw\Dataset\K_Bainite_9\568_K_Bainite_09.png,K_Bainite_9\568_K_Bainite_09.png,568_K_Bainite_09.png,568_K_Bainite_09,.png,256,256,RGB
D:\AI_Materials_Microscopy\data\raw\Dataset\K_Bainite_9\569_K_Bainite_09.png,K_Bainite_9\569_K_Bainite_09.png,569_K_Bainite_09.png,569_K_Bainite_09,.png,256,256,RGB
D:\AI_Materials_Microscopy\data\raw\Dataset\L_Bainite_1\570_L_Bainite_01.png,L_Bainite_1\570_L_Bainite_01.png,570_L_Bainite_01.png,570_L_Bainite_01,.png,96,96,RGB
D:\AI_Materials_Microscopy\data\raw\Dataset\L_Bainite_1\571_L_Bainite_01.png,L_Bainite_1\571_L_Bainite_01.png,571_L_Bainite_01.png,571_L_Bainite_01,.png,96,96,RGB
D:\AI_Materials_Microscopy\data\raw\Dataset\L_Bainite_1\572_L_Bainite_01.png,L_Bainite_1\572_L_Bainite_01.png,572_L_Bainite_01.png,572_L_Bainite_01,.png,96,96,RGB
D:\AI_Materials_Microscopy\data\raw\Dataset\L_Bainite_1\573_L_Bainite_01.png,L_Bainite_1\573_L_Bainite_01.png,573_L_Bainite_01.png,573_L_Bainite_01,.png,96,96,RGB
D:\AI_Materials_Microscopy\data\raw\Dataset\L_Bainite_1\574_L_Bainite_01.png,L_Bainite_1\574_L_Bainite_01.png,574_L_Bainite_01.png,574_L_Bainite_01,.png,96,96,RGB
D:\AI_Materials_Microscopy\data\raw\Dataset\L_Bainite_1\575_L_Bainite_01.png,L_Bainite_1\575_L_Bainite_01.png,575_L_Bainite_01.png,575_L_Bainite_01,.png,96,96,RGB
D:\AI_Materials_Microscopy\data\raw\Dataset\L_Bainite_1\576_L_Bainite_01.png,L_Bainite_1\576_L_Bainite_01.png,576_L_Bainite_01.png,576_L_Bainite_01,.png,96,96,RGB
D:\AI_Materials_Microscopy\data\raw\Dataset\L_Bainite_1\577_L_Bainite_01.png,L_Bainite_1\577_L_Bainite_01.png,577_L_Bainite_01.png,577_L_Bainite_01,.png,96,96,RGB
D:\AI_Materials_Microscopy\data\raw\Dataset\L_Bainite_1\578_L_Bainite_01.png,L_Bainite_1\578_L_Bainite_01.png,578_L_Bainite_01.png,578_L_Bainite_01,.png,96,96,RGB
D:\AI_Materials_Microscopy\data\raw\Dataset\L_Bainite_1\579_L_Bainite_01.png,L_Bainite_1\579_L_Bainite_01.png,579_L_Bainite_01.png,579_L_Bainite_01,.png,256,256,RGB
D:\AI_Materials_Microscopy\data\raw\Dataset\L_Bainite_1\580_L_Bainite_01.png,L_Bainite_1\580_L_Bainite_01.png,580_L_Bainite_01.png,580_L_Bainite_01,.png,256,256,RGB
D:\AI_Materials_Microscopy\data\raw\Dataset\L_Bainite_1\581_L_Bainite_01.png,L_Bainite_1\581_L_Bainite_01.png,581_L_Bainite_01.png,581_L_Bainite_01,.png,256,256,RGB
D:\AI_Materials_Microscopy\data\raw\Dataset\L_Bainite_1\582_L_Bainite_01.png,L_Bainite_1\582_L_Bainite_01.png,582_L_Bainite_01.png,582_L_Bainite_01,.png,256,256,RGB
D:\AI_Materials_Microscopy\data\raw\Dataset\L_Bainite_1\583_L_Bainite_01.png,L_Bainite_1\583_L_Bainite_01.png,583_L_Bainite_01.png,583_L_Bainite_01,.png,256,256,RGB
D:\AI_Materials_Microscopy\data\raw\Dataset\L_Bainite_1\584_L_Bainite_01.png,L_Bainite_1\584_L_Bainite_01.png,584_L_Bainite_01.png,584_L_Bainite_01,.png,256,256,RGB
D:\AI_Materials_Microscopy\data\raw\Dataset\L_Bainite_1\585_L_Bainite_01.png,L_Bainite_1\585_L_Bainite_01.png,585_L_Bainite_01.png,585_L_Bainite_01,.png,256,256,RGB
D:\AI_Materials_Microscopy\data\raw\Dataset\L_Bainite_1\586_L_Bainite_01.png,L_Bainite_1\586_L_Bainite_01.png,586_L_Bainite_01.png,586_L_Bainite_01,.png,256,256,RGB
D:\AI_Materials_Microscopy\data\raw\Dataset\L_Bainite_1\587_L_Bainite_01.png,L_Bainite_1\587_L_Bainite_01.png,587_L_Bainite_01.png,587_L_Bainite_01,.png,256,256,RGB
D:\AI_Materials_Microscopy\data\raw\Dataset\L_Bainite_1\588_L_Bainite_01.png,L_Bainite_1\588_L_Bainite_01.png,588_L_Bainite_01.png,588_L_Bainite_01,.png,256,256,RGB
D:\AI_Materials_Microscopy\data\raw\Dataset\L_Bainite_10\570_L_Bainite_10.png,L_Bainite_10\570_L_Bainite_10.png,570_L_Bainite_10.png,570_L_Bainite_10,.png,96,96,RGB
D:\AI_Materials_Microscopy\data\raw\Dataset\L_Bainite_10\571_L_Bainite_10.png,L_Bainite_10\571_L_Bainite_10.png,571_L_Bainite_10.png,571_L_Bainite_10,.png,96,96,RGB
D:\AI_Materials_Microscopy\data\raw\Dataset\L_Bainite_10\572_L_Bainite_10.png,L_Bainite_10\572_L_Bainite_10.png,572_L_Bainite_10.png,572_L_Bainite_10,.png,96,96,RGB
D:\AI_Materials_Microscopy\data\raw\Dataset\L_Bainite_10\573_L_Bainite_10.png,L_Bainite_10\573_L_Bainite_10.png,573_L_Bainite_10.png,573_L_Bainite_10,.png,96,96,RGB
D:\AI_Materials_Microscopy\data\raw\Dataset\L_Bainite_10\574_L_Bainite_10.png,L_Bainite_10\574_L_Bainite_10.png,574_L_Bainite_10.png,574_L_Bainite_10,.png,96,96,RGB
D:\AI_Materials_Microscopy\data\raw\Dataset\L_Bainite_10\575_L_Bainite_10.png,L_Bainite_10\575_L_Bainite_10.png,575_L_Bainite_10.png,575_L_Bainite_10,.png,96,96,RGB
D:\AI_Materials_Microscopy\data\raw\Dataset\L_Bainite_10\576_L_Bainite_10.png,L_Bainite_10\576_L_Bainite_10.png,576_L_Bainite_10.png,576_L_Bainite_10,.png,96,96,RGB
D:\AI_Materials_Microscopy\data\raw\Dataset\L_Bainite_10\577_L_Bainite_10.png,L_Bainite_10\577_L_Bainite_10.png,577_L_Bainite_10.png,577_L_Bainite_10,.png,96,96,RGB
D:\AI_Materials_Microscopy\data\raw\Dataset\L_Bainite_10\578_L_Bainite_10.png,L_Bainite_10\578_L_Bainite_10.png,578_L_Bainite_10.png,578_L_Bainite_10,.png,96,96,RGB
D:\AI_Materials_Microscopy\data\raw\Dataset\L_Bainite_10\579_L_Bainite_10.png,L_Bainite_10\579_L_Bainite_10.png,579_L_Bainite_10.png,579_L_Bainite_10,.png,256,256,RGB
D:\AI_Materials_Microscopy\data\raw\Dataset\L_Bainite_10\580_L_Bainite_10.png,L_Bainite_10\580_L_Bainite_10.png,580_L_Bainite_10.png,580_L_Bainite_10,.png,256,256,RGB
D:\AI_Materials_Microscopy\data\raw\Dataset\L_Bainite_10\581_L_Bainite_10.png,L_Bainite_10\581_L_Bainite_10.png,581_L_Bainite_10.png,581_L_Bainite_10,.png,256,256,RGB
D:\AI_Materials_Microscopy\data\raw\Dataset\L_Bainite_10\582_L_Bainite_10.png,L_Bainite_10\582_L_Bainite_10.png,582_L_Bainite_10.png,582_L_Bainite_10,.png,256,256,RGB
D:\AI_Materials_Microscopy\data\raw\Dataset\L_Bainite_10\583_L_Bainite_10.png,L_Bainite_10\583_L_Bainite_10.png,583_L_Bainite_10.png,583_L_Bainite_10,.png,256,256,RGB
D:\AI_Materials_Microscopy\data\raw\Dataset\L_Bainite_10\584_L_Bainite_10.png,L_Bainite_10\584_L_Bainite_10.png,584_L_Bainite_10.png,584_L_Bainite_10,.png,256,256,RGB
D:\AI_Materials_Microscopy\data\raw\Dataset\L_Bainite_10\585_L_Bainite_10.png,L_Bainite_10\585_L_Bainite_10.png,585_L_Bainite_10.png,585_L_Bainite_10,.png,256,256,RGB
D:\AI_Materials_Microscopy\data\raw\Dataset\L_Bainite_10\586_L_Bainite_10.png,L_Bainite_10\586_L_Bainite_10.png,586_L_Bainite_10.png,586_L_Bainite_10,.png,256,256,RGB
D:\AI_Materials_Microscopy\data\raw\Dataset\L_Bainite_10\587_L_Bainite_10.png,L_Bainite_10\587_L_Bainite_10.png,587_L_Bainite_10.png,587_L_Bainite_10,.png,256,256,RGB
D:\AI_Materials_Microscopy\data\raw\Dataset\L_Bainite_10\588_L_Bainite_10.png,L_Bainite_10\588_L_Bainite_10.png,588_L_Bainite_10.png,588_L_Bainite_10,.png,256,256,RGB
D:\AI_Materials_Microscopy\data\raw\Dataset\L_Bainite_11\570_L_Bainite_11.png,L_Bainite_11\570_L_Bainite_11.png,570_L_Bainite_11.png,570_L_Bainite_11,.png,96,96,RGB
D:\AI_Materials_Microscopy\data\raw\Dataset\L_Bainite_11\571_L_Bainite_11.png,L_Bainite_11\571_L_Bainite_11.png,571_L_Bainite_11.png,571_L_Bainite_11,.png,96,96,RGB
D:\AI_Materials_Microscopy\data\raw\Dataset\L_Bainite_11\572_L_Bainite_11.png,L_Bainite_11\572_L_Bainite_11.png,572_L_Bainite_11.png,572_L_Bainite_11,.png,96,96,RGB
D:\AI_Materials_Microscopy\data\raw\Dataset\L_Bainite_11\573_L_Bainite_11.png,L_Bainite_11\573_L_Bainite_11.png,573_L_Bainite_11.png,573_L_Bainite_11,.png,96,96,RGB
D:\AI_Materials_Microscopy\data\raw\Dataset\L_Bainite_11\574_L_Bainite_11.png,L_Bainite_11\574_L_Bainite_11.png,574_L_Bainite_11.png,574_L_Bainite_11,.png,96,96,RGB
D:\AI_Materials_Microscopy\data\raw\Dataset\L_Bainite_11\575_L_Bainite_11.png,L_Bainite_11\575_L_Bainite_11.png,575_L_Bainite_11.png,575_L_Bainite_11,.png,96,96,RGB
D:\AI_Materials_Microscopy\data\raw\Dataset\L_Bainite_11\576_L_Bainite_11.png,L_Bainite_11\576_L_Bainite_11.png,576_L_Bainite_11.png,576_L_Bainite_11,.png,96,96,RGB
D:\AI_Materials_Microscopy\data\raw\Dataset\L_Bainite_11\577_L_Bainite_11.png,L_Bainite_11\577_L_Bainite_11.png,577_L_Bainite_11.png,577_L_Bainite_11,.png,96,96,RGB
D:\AI_Materials_Microscopy\data\raw\Dataset\L_Bainite_11\578_L_Bainite_11.png,L_Bainite_11\578_L_Bainite_11.png,578_L_Bainite_11.png,578_L_Bainite_11,.png,96,96,RGB
D:\AI_Materials_Microscopy\data\raw\Dataset\L_Bainite_11\579_L_Bainite_11.png,L_Bainite_11\579_L_Bainite_11.png,579_L_Bainite_11.png,579_L_Bainite_11,.png,256,256,RGB
D:\AI_Materials_Microscopy\data\raw\Dataset\L_Bainite_11\580_L_Bainite_11.png,L_Bainite_11\580_L_Bainite_11.png,580_L_Bainite_11.png,580_L_Bainite_11,.png,256,256,RGB
D:\AI_Materials_Microscopy\data\raw\Dataset\L_Bainite_11\581_L_Bainite_11.png,L_Bainite_11\581_L_Bainite_11.png,581_L_Bainite_11.png,581_L_Bainite_11,.png,256,256,RGB
D:\AI_Materials_Microscopy\data\raw\Dataset\L_Bainite_11\582_L_Bainite_11.png,L_Bainite_11\582_L_Bainite_11.png,582_L_Bainite_11.png,582_L_Bainite_11,.png,256,256,RGB
D:\AI_Materials_Microscopy\data\raw\Dataset\L_Bainite_11\583_L_Bainite_11.png,L_Bainite_11\583_L_Bainite_11.png,583_L_Bainite_11.png,583_L_Bainite_11,.png,256,256,RGB
D:\AI_Materials_Microscopy\data\raw\Dataset\L_Bainite_11\584_L_Bainite_11.png,L_Bainite_11\584_L_Bainite_11.png,584_L_Bainite_11.png,584_L_Bainite_11,.png,256,256,RGB
D:\AI_Materials_Microscopy\data\raw\Dataset\L_Bainite_11\585_L_Bainite_11.png,L_Bainite_11\585_L_Bainite_11.png,585_L_Bainite_11.png,585_L_Bainite_11,.png,256,256,RGB
D:\AI_Materials_Microscopy\data\raw\Dataset\L_Bainite_11\586_L_Bainite_11.png,L_Bainite_11\586_L_Bainite_11.png,586_L_Bainite_11.png,586_L_Bainite_11,.png,256,256,RGB
D:\AI_Materials_Microscopy\data\raw\Dataset\L_Bainite_11\587_L_Bainite_11.png,L_Bainite_11\587_L_Bainite_11.png,587_L_Bainite_11.png,587_L_Bainite_11,.png,256,256,RGB
D:\AI_Materials_Microscopy\data\raw\Dataset\L_Bainite_11\588_L_Bainite_11.png,L_Bainite_11\588_L_Bainite_11.png,588_L_Bainite_11.png,588_L_Bainite_11,.png,256,256,RGB
D:\AI_Materials_Microscopy\data\raw\Dataset\L_Bainite_12\570_L_Bainite_12.png,L_Bainite_12\570_L_Bainite_12.png,570_L_Bainite_12.png,570_L_Bainite_12,.png,96,96,RGB
D:\AI_Materials_Microscopy\data\raw\Dataset\L_Bainite_12\571_L_Bainite_12.png,L_Bainite_12\571_L_Bainite_12.png,571_L_Bainite_12.png,571_L_Bainite_12,.png,96,96,RGB
D:\AI_Materials_Microscopy\data\raw\Dataset\L_Bainite_12\572_L_Bainite_12.png,L_Bainite_12\572_L_Bainite_12.png,572_L_Bainite_12.png,572_L_Bainite_12,.png,96,96,RGB
D:\AI_Materials_Microscopy\data\raw\Dataset\L_Bainite_12\573_L_Bainite_12.png,L_Bainite_12\573_L_Bainite_12.png,573_L_Bainite_12.png,573_L_Bainite_12,.png,96,96,RGB
D:\AI_Materials_Microscopy\data\raw\Dataset\L_Bainite_12\574_L_Bainite_12.png,L_Bainite_12\574_L_Bainite_12.png,574_L_Bainite_12.png,574_L_Bainite_12,.png,96,96,RGB
D:\AI_Materials_Microscopy\data\raw\Dataset\L_Bainite_12\575_L_Bainite_12.png,L_Bainite_12\575_L_Bainite_12.png,575_L_Bainite_12.png,575_L_Bainite_12,.png,96,96,RGB
D:\AI_Materials_Microscopy\data\raw\Dataset\L_Bainite_12\576_L_Bainite_12.png,L_Bainite_12\576_L_Bainite_12.png,576_L_Bainite_12.png,576_L_Bainite_12,.png,96,96,RGB
D:\AI_Materials_Microscopy\data\raw\Dataset\L_Bainite_12\577_L_Bainite_12.png,L_Bainite_12\577_L_Bainite_12.png,577_L_Bainite_12.png,577_L_Bainite_12,.png,96,96,RGB
D:\AI_Materials_Microscopy\data\raw\Dataset\L_Bainite_12\578_L_Bainite_12.png,L_Bainite_12\578_L_Bainite_12.png,578_L_Bainite_12.png,578_L_Bainite_12,.png,96,96,RGB
D:\AI_Materials_Microscopy\data\raw\Dataset\L_Bainite_12\579_L_Bainite_12.png,L_Bainite_12\579_L_Bainite_12.png,579_L_Bainite_12.png,579_L_Bainite_12,.png,256,256,RGB
D:\AI_Materials_Microscopy\data\raw\Dataset\L_Bainite_12\580_L_Bainite_12.png,L_Bainite_12\580_L_Bainite_12.png,580_L_Bainite_12.png,580_L_Bainite_12,.png,256,256,RGB
D:\AI_Materials_Microscopy\data\raw\Dataset\L_Bainite_12\581_L_Bainite_12.png,L_Bainite_12\581_L_Bainite_12.png,581_L_Bainite_12.png,581_L_Bainite_12,.png,256,256,RGB
D:\AI_Materials_Microscopy\data\raw\Dataset\L_Bainite_12\582_L_Bainite_12.png,L_Bainite_12\582_L_Bainite_12.png,582_L_Bainite_12.png,582_L_Bainite_12,.png,256,256,RGB
D:\AI_Materials_Microscopy\data\raw\Dataset\L_Bainite_12\583_L_Bainite_12.png,L_Bainite_12\583_L_Bainite_12.png,583_L_Bainite_12.png,583_L_Bainite_12,.png,256,256,RGB
D:\AI_Materials_Microscopy\data\raw\Dataset\L_Bainite_12\584_L_Bainite_12.png,L_Bainite_12\584_L_Bainite_12.png,584_L_Bainite_12.png,584_L_Bainite_12,.png,256,256,RGB
D:\AI_Materials_Microscopy\data\raw\Dataset\L_Bainite_12\585_L_Bainite_12.png,L_Bainite_12\585_L_Bainite_12.png,585_L_Bainite_12.png,585_L_Bainite_12,.png,256,256,RGB
D:\AI_Materials_Microscopy\data\raw\Dataset\L_Bainite_12\586_L_Bainite_12.png,L_Bainite_12\586_L_Bainite_12.png,586_L_Bainite_12.png,586_L_Bainite_12,.png,256,256,RGB
D:\AI_Materials_Microscopy\data\raw\Dataset\L_Bainite_12\587_L_Bainite_12.png,L_Bainite_12\587_L_Bainite_12.png,587_L_Bainite_12.png,587_L_Bainite_12,.png,256,256,RGB
D:\AI_Materials_Microscopy\data\raw\Dataset\L_Bainite_12\588_L_Bainite_12.png,L_Bainite_12\588_L_Bainite_12.png,588_L_Bainite_12.png,588_L_Bainite_12,.png,256,256,RGB
D:\AI_Materials_Microscopy\data\raw\Dataset\L_Bainite_13\570_L_Bainite_13.png,L_Bainite_13\570_L_Bainite_13.png,570_L_Bainite_13.png,570_L_Bainite_13,.png,96,96,RGB
D:\AI_Materials_Microscopy\data\raw\Dataset\L_Bainite_13\571_L_Bainite_13.png,L_Bainite_13\571_L_Bainite_13.png,571_L_Bainite_13.png,571_L_Bainite_13,.png,96,96,RGB
D:\AI_Materials_Microscopy\data\raw\Dataset\L_Bainite_13\572_L_Bainite_13.png,L_Bainite_13\572_L_Bainite_13.png,572_L_Bainite_13.png,572_L_Bainite_13,.png,96,96,RGB
D:\AI_Materials_Microscopy\data\raw\Dataset\L_Bainite_13\573_L_Bainite_13.png,L_Bainite_13\573_L_Bainite_13.png,573_L_Bainite_13.png,573_L_Bainite_13,.png,96,96,RGB
D:\AI_Materials_Microscopy\data\raw\Dataset\L_Bainite_13\574_L_Bainite_13.png,L_Bainite_13\574_L_Bainite_13.png,574_L_Bainite_13.png,574_L_Bainite_13,.png,96,96,RGB
D:\AI_Materials_Microscopy\data\raw\Dataset\L_Bainite_13\575_L_Bainite_13.png,L_Bainite_13\575_L_Bainite_13.png,575_L_Bainite_13.png,575_L_Bainite_13,.png,96,96,RGB
D:\AI_Materials_Microscopy\data\raw\Dataset\L_Bainite_13\576_L_Bainite_13.png,L_Bainite_13\576_L_Bainite_13.png,576_L_Bainite_13.png,576_L_Bainite_13,.png,96,96,RGB
D:\AI_Materials_Microscopy\data\raw\Dataset\L_Bainite_13\577_L_Bainite_13.png,L_Bainite_13\577_L_Bainite_13.png,577_L_Bainite_13.png,577_L_Bainite_13,.png,96,96,RGB
D:\AI_Materials_Microscopy\data\raw\Dataset\L_Bainite_13\578_L_Bainite_13.png,L_Bainite_13\578_L_Bainite_13.png,578_L_Bainite_13.png,578_L_Bainite_13,.png,96,96,RGB
D:\AI_Materials_Microscopy\data\raw\Dataset\L_Bainite_13\579_L_Bainite_13.png,L_Bainite_13\579_L_Bainite_13.png,579_L_Bainite_13.png,579_L_Bainite_13,.png,256,256,RGB
D:\AI_Materials_Microscopy\data\raw\Dataset\L_Bainite_13\580_L_Bainite_13.png,L_Bainite_13\580_L_Bainite_13.png,580_L_Bainite_13.png,580_L_Bainite_13,.png,256,256,RGB
D:\AI_Materials_Microscopy\data\raw\Dataset\L_Bainite_13\581_L_Bainite_13.png,L_Bainite_13\581_L_Bainite_13.png,581_L_Bainite_13.png,581_L_Bainite_13,.png,256,256,RGB
D:\AI_Materials_Microscopy\data\raw\Dataset\L_Bainite_13\582_L_Bainite_13.png,L_Bainite_13\582_L_Bainite_13.png,582_L_Bainite_13.png,582_L_Bainite_13,.png,256,256,RGB
D:\AI_Materials_Microscopy\data\raw\Dataset\L_Bainite_13\583_L_Bainite_13.png,L_Bainite_13\583_L_Bainite_13.png,583_L_Bainite_13.png,583_L_Bainite_13,.png,256,256,RGB
D:\AI_Materials_Microscopy\data\raw\Dataset\L_Bainite_13\584_L_Bainite_13.png,L_Bainite_13\584_L_Bainite_13.png,584_L_Bainite_13.png,584_L_Bainite_13,.png,256,256,RGB
D:\AI_Materials_Microscopy\data\raw\Dataset\L_Bainite_13\585_L_Bainite_13.png,L_Bainite_13\585_L_Bainite_13.png,585_L_Bainite_13.png,585_L_Bainite_13,.png,256,256,RGB
D:\AI_Materials_Microscopy\data\raw\Dataset\L_Bainite_13\586_L_Bainite_13.png,L_Bainite_13\586_L_Bainite_13.png,586_L_Bainite_13.png,586_L_Bainite_13,.png,256,256,RGB
D:\AI_Materials_Microscopy\data\raw\Dataset\L_Bainite_13\587_L_Bainite_13.png,L_Bainite_13\587_L_Bainite_13.png,587_L_Bainite_13.png,587_L_Bainite_13,.png,256,256,RGB
D:\AI_Materials_Microscopy\data\raw\Dataset\L_Bainite_13\588_L_Bainite_13.png,L_Bainite_13\588_L_Bainite_13.png,588_L_Bainite_13.png,588_L_Bainite_13,.png,256,256,RGB
D:\AI_Materials_Microscopy\data\raw\Dataset\L_Bainite_14\570_L_Bainite_14.png,L_Bainite_14\570_L_Bainite_14.png,570_L_Bainite_14.png,570_L_Bainite_14,.png,96,96,RGB
D:\AI_Materials_Microscopy\data\raw\Dataset\L_Bainite_14\571_L_Bainite_14.png,L_Bainite_14\571_L_Bainite_14.png,571_L_Bainite_14.png,571_L_Bainite_14,.png,96,96,RGB
D:\AI_Materials_Microscopy\data\raw\Dataset\L_Bainite_14\572_L_Bainite_14.png,L_Bainite_14\572_L_Bainite_14.png,572_L_Bainite_14.png,572_L_Bainite_14,.png,96,96,RGB
D:\AI_Materials_Microscopy\data\raw\Dataset\L_Bainite_14\573_L_Bainite_14.png,L_Bainite_14\573_L_Bainite_14.png,573_L_Bainite_14.png,573_L_Bainite_14,.png,96,96,RGB
D:\AI_Materials_Microscopy\data\raw\Dataset\L_Bainite_14\574_L_Bainite_14.png,L_Bainite_14\574_L_Bainite_14.png,574_L_Bainite_14.png,574_L_Bainite_14,.png,96,96,RGB
D:\AI_Materials_Microscopy\data\raw\Dataset\L_Bainite_14\575_L_Bainite_14.png,L_Bainite_14\575_L_Bainite_14.png,575_L_Bainite_14.png,575_L_Bainite_14,.png,96,96,RGB
D:\AI_Materials_Microscopy\data\raw\Dataset\L_Bainite_14\576_L_Bainite_14.png,L_Bainite_14\576_L_Bainite_14.png,576_L_Bainite_14.png,576_L_Bainite_14,.png,96,96,RGB
D:\AI_Materials_Microscopy\data\raw\Dataset\L_Bainite_14\577_L_Bainite_14.png,L_Bainite_14\577_L_Bainite_14.png,577_L_Bainite_14.png,577_L_Bainite_14,.png,96,96,RGB
D:\AI_Materials_Microscopy\data\raw\Dataset\L_Bainite_14\578_L_Bainite_14.png,L_Bainite_14\578_L_Bainite_14.png,578_L_Bainite_14.png,578_L_Bainite_14,.png,96,96,RGB
D:\AI_Materials_Microscopy\data\raw\Dataset\L_Bainite_14\579_L_Bainite_14.png,L_Bainite_14\579_L_Bainite_14.png,579_L_Bainite_14.png,579_L_Bainite_14,.png,256,256,RGB
D:\AI_Materials_Microscopy\data\raw\Dataset\L_Bainite_14\580_L_Bainite_14.png,L_Bainite_14\580_L_Bainite_14.png,580_L_Bainite_14.png,580_L_Bainite_14,.png,256,256,RGB
D:\AI_Materials_Microscopy\data\raw\Dataset\L_Bainite_14\581_L_Bainite_14.png,L_Bainite_14\581_L_Bainite_14.png,581_L_Bainite_14.png,581_L_Bainite_14,.png,256,256,RGB
D:\AI_Materials_Microscopy\data\raw\Dataset\L_Bainite_14\582_L_Bainite_14.png,L_Bainite_14\582_L_Bainite_14.png,582_L_Bainite_14.png,582_L_Bainite_14,.png,256,256,RGB
D:\AI_Materials_Microscopy\data\raw\Dataset\L_Bainite_14\583_L_Bainite_14.png,L_Bainite_14\583_L_Bainite_14.png,583_L_Bainite_14.png,583_L_Bainite_14,.png,256,256,RGB
D:\AI_Materials_Microscopy\data\raw\Dataset\L_Bainite_14\584_L_Bainite_14.png,L_Bainite_14\584_L_Bainite_14.png,584_L_Bainite_14.png,584_L_Bainite_14,.png,256,256,RGB
D:\AI_Materials_Microscopy\data\raw\Dataset\L_Bainite_14\585_L_Bainite_14.png,L_Bainite_14\585_L_Bainite_14.png,585_L_Bainite_14.png,585_L_Bainite_14,.png,256,256,RGB
D:\AI_Materials_Microscopy\data\raw\Dataset\L_Bainite_14\586_L_Bainite_14.png,L_Bainite_14\586_L_Bainite_14.png,586_L_Bainite_14.png,586_L_Bainite_14,.png,256,256,RGB
D:\AI_Materials_Microscopy\data\raw\Dataset\L_Bainite_14\587_L_Bainite_14.png,L_Bainite_14\587_L_Bainite_14.png,587_L_Bainite_14.png,587_L_Bainite_14,.png,256,256,RGB
D:\AI_Materials_Microscopy\data\raw\Dataset\L_Bainite_14\588_L_Bainite_14.png,L_Bainite_14\588_L_Bainite_14.png,588_L_Bainite_14.png,588_L_Bainite_14,.png,256,256,RGB
D:\AI_Materials_Microscopy\data\raw\Dataset\L_Bainite_2\570_L_Bainite_02.png,L_Bainite_2\570_L_Bainite_02.png,570_L_Bainite_02.png,570_L_Bainite_02,.png,96,96,RGB
D:\AI_Materials_Microscopy\data\raw\Dataset\L_Bainite_2\571_L_Bainite_02.png,L_Bainite_2\571_L_Bainite_02.png,571_L_Bainite_02.png,571_L_Bainite_02,.png,96,96,RGB
D:\AI_Materials_Microscopy\data\raw\Dataset\L_Bainite_2\572_L_Bainite_02.png,L_Bainite_2\572_L_Bainite_02.png,572_L_Bainite_02.png,572_L_Bainite_02,.png,96,96,RGB
D:\AI_Materials_Microscopy\data\raw\Dataset\L_Bainite_2\573_L_Bainite_02.png,L_Bainite_2\573_L_Bainite_02.png,573_L_Bainite_02.png,573_L_Bainite_02,.png,96,96,RGB
D:\AI_Materials_Microscopy\data\raw\Dataset\L_Bainite_2\574_L_Bainite_02.png,L_Bainite_2\574_L_Bainite_02.png,574_L_Bainite_02.png,574_L_Bainite_02,.png,96,96,RGB
D:\AI_Materials_Microscopy\data\raw\Dataset\L_Bainite_2\575_L_Bainite_02.png,L_Bainite_2\575_L_Bainite_02.png,575_L_Bainite_02.png,575_L_Bainite_02,.png,96,96,RGB
D:\AI_Materials_Microscopy\data\raw\Dataset\L_Bainite_2\576_L_Bainite_02.png,L_Bainite_2\576_L_Bainite_02.png,576_L_Bainite_02.png,576_L_Bainite_02,.png,96,96,RGB
D:\AI_Materials_Microscopy\data\raw\Dataset\L_Bainite_2\577_L_Bainite_02.png,L_Bainite_2\577_L_Bainite_02.png,577_L_Bainite_02.png,577_L_Bainite_02,.png,96,96,RGB
D:\AI_Materials_Microscopy\data\raw\Dataset\L_Bainite_2\578_L_Bainite_02.png,L_Bainite_2\578_L_Bainite_02.png,578_L_Bainite_02.png,578_L_Bainite_02,.png,96,96,RGB
D:\AI_Materials_Microscopy\data\raw\Dataset\L_Bainite_2\579_L_Bainite_02.png,L_Bainite_2\579_L_Bainite_02.png,579_L_Bainite_02.png,579_L_Bainite_02,.png,256,256,RGB
D:\AI_Materials_Microscopy\data\raw\Dataset\L_Bainite_2\580_L_Bainite_02.png,L_Bainite_2\580_L_Bainite_02.png,580_L_Bainite_02.png,580_L_Bainite_02,.png,256,256,RGB
D:\AI_Materials_Microscopy\data\raw\Dataset\L_Bainite_2\581_L_Bainite_02.png,L_Bainite_2\581_L_Bainite_02.png,581_L_Bainite_02.png,581_L_Bainite_02,.png,256,256,RGB
D:\AI_Materials_Microscopy\data\raw\Dataset\L_Bainite_2\582_L_Bainite_02.png,L_Bainite_2\582_L_Bainite_02.png,582_L_Bainite_02.png,582_L_Bainite_02,.png,256,256,RGB
D:\AI_Materials_Microscopy\data\raw\Dataset\L_Bainite_2\583_L_Bainite_02.png,L_Bainite_2\583_L_Bainite_02.png,583_L_Bainite_02.png,583_L_Bainite_02,.png,256,256,RGB
D:\AI_Materials_Microscopy\data\raw\Dataset\L_Bainite_2\584_L_Bainite_02.png,L_Bainite_2\584_L_Bainite_02.png,584_L_Bainite_02.png,584_L_Bainite_02,.png,256,256,RGB
D:\AI_Materials_Microscopy\data\raw\Dataset\L_Bainite_2\585_L_Bainite_02.png,L_Bainite_2\585_L_Bainite_02.png,585_L_Bainite_02.png,585_L_Bainite_02,.png,256,256,RGB
D:\AI_Materials_Microscopy\data\raw\Dataset\L_Bainite_2\586_L_Bainite_02.png,L_Bainite_2\586_L_Bainite_02.png,586_L_Bainite_02.png,586_L_Bainite_02,.png,256,256,RGB
D:\AI_Materials_Microscopy\data\raw\Dataset\L_Bainite_2\587_L_Bainite_02.png,L_Bainite_2\587_L_Bainite_02.png,587_L_Bainite_02.png,587_L_Bainite_02,.png,256,256,RGB
D:\AI_Materials_Microscopy\data\raw\Dataset\L_Bainite_2\588_L_Bainite_02.png,L_Bainite_2\588_L_Bainite_02.png,588_L_Bainite_02.png,588_L_Bainite_02,.png,256,256,RGB
D:\AI_Materials_Microscopy\data\raw\Dataset\L_Bainite_3\570_L_Bainite_03.png,L_Bainite_3\570_L_Bainite_03.png,570_L_Bainite_03.png,570_L_Bainite_03,.png,96,96,RGB
D:\AI_Materials_Microscopy\data\raw\Dataset\L_Bainite_3\571_L_Bainite_03.png,L_Bainite_3\571_L_Bainite_03.png,571_L_Bainite_03.png,571_L_Bainite_03,.png,96,96,RGB
D:\AI_Materials_Microscopy\data\raw\Dataset\L_Bainite_3\572_L_Bainite_03.png,L_Bainite_3\572_L_Bainite_03.png,572_L_Bainite_03.png,572_L_Bainite_03,.png,96,96,RGB
D:\AI_Materials_Microscopy\data\raw\Dataset\L_Bainite_3\573_L_Bainite_03.png,L_Bainite_3\573_L_Bainite_03.png,573_L_Bainite_03.png,573_L_Bainite_03,.png,96,96,RGB
D:\AI_Materials_Microscopy\data\raw\Dataset\L_Bainite_3\574_L_Bainite_03.png,L_Bainite_3\574_L_Bainite_03.png,574_L_Bainite_03.png,574_L_Bainite_03,.png,96,96,RGB
D:\AI_Materials_Microscopy\data\raw\Dataset\L_Bainite_3\575_L_Bainite_03.png,L_Bainite_3\575_L_Bainite_03.png,575_L_Bainite_03.png,575_L_Bainite_03,.png,96,96,RGB
D:\AI_Materials_Microscopy\data\raw\Dataset\L_Bainite_3\576_L_Bainite_03.png,L_Bainite_3\576_L_Bainite_03.png,576_L_Bainite_03.png,576_L_Bainite_03,.png,96,96,RGB
D:\AI_Materials_Microscopy\data\raw\Dataset\L_Bainite_3\577_L_Bainite_03.png,L_Bainite_3\577_L_Bainite_03.png,577_L_Bainite_03.png,577_L_Bainite_03,.png,96,96,RGB
D:\AI_Materials_Microscopy\data\raw\Dataset\L_Bainite_3\578_L_Bainite_03.png,L_Bainite_3\578_L_Bainite_03.png,578_L_Bainite_03.png,578_L_Bainite_03,.png,96,96,RGB
D:\AI_Materials_Microscopy\data\raw\Dataset\L_Bainite_3\579_L_Bainite_03.png,L_Bainite_3\579_L_Bainite_03.png,579_L_Bainite_03.png,579_L_Bainite_03,.png,256,256,RGB
D:\AI_Materials_Microscopy\data\raw\Dataset\L_Bainite_3\580_L_Bainite_03.png,L_Bainite_3\580_L_Bainite_03.png,580_L_Bainite_03.png,580_L_Bainite_03,.png,256,256,RGB
D:\AI_Materials_Microscopy\data\raw\Dataset\L_Bainite_3\581_L_Bainite_03.png,L_Bainite_3\581_L_Bainite_03.png,581_L_Bainite_03.png,581_L_Bainite_03,.png,256,256,RGB
D:\AI_Materials_Microscopy\data\raw\Dataset\L_Bainite_3\582_L_Bainite_03.png,L_Bainite_3\582_L_Bainite_03.png,582_L_Bainite_03.png,582_L_Bainite_03,.png,256,256,RGB
D:\AI_Materials_Microscopy\data\raw\Dataset\L_Bainite_3\583_L_Bainite_03.png,L_Bainite_3\583_L_Bainite_03.png,583_L_Bainite_03.png,583_L_Bainite_03,.png,256,256,RGB
D:\AI_Materials_Microscopy\data\raw\Dataset\L_Bainite_3\584_L_Bainite_03.png,L_Bainite_3\584_L_Bainite_03.png,584_L_Bainite_03.png,584_L_Bainite_03,.png,256,256,RGB
D:\AI_Materials_Microscopy\data\raw\Dataset\L_Bainite_3\585_L_Bainite_03.png,L_Bainite_3\585_L_Bainite_03.png,585_L_Bainite_03.png,585_L_Bainite_03,.png,256,256,RGB
D:\AI_Materials_Microscopy\data\raw\Dataset\L_Bainite_3\586_L_Bainite_03.png,L_Bainite_3\586_L_Bainite_03.png,586_L_Bainite_03.png,586_L_Bainite_03,.png,256,256,RGB
D:\AI_Materials_Microscopy\data\raw\Dataset\L_Bainite_3\587_L_Bainite_03.png,L_Bainite_3\587_L_Bainite_03.png,587_L_Bainite_03.png,587_L_Bainite_03,.png,256,256,RGB
D:\AI_Materials_Microscopy\data\raw\Dataset\L_Bainite_3\588_L_Bainite_03.png,L_Bainite_3\588_L_Bainite_03.png,588_L_Bainite_03.png,588_L_Bainite_03,.png,256,256,RGB
D:\AI_Materials_Microscopy\data\raw\Dataset\L_Bainite_4\570_L_Bainite_04.png,L_Bainite_4\570_L_Bainite_04.png,570_L_Bainite_04.png,570_L_Bainite_04,.png,96,96,RGB
D:\AI_Materials_Microscopy\data\raw\Dataset\L_Bainite_4\571_L_Bainite_04.png,L_Bainite_4\571_L_Bainite_04.png,571_L_Bainite_04.png,571_L_Bainite_04,.png,96,96,RGB
D:\AI_Materials_Microscopy\data\raw\Dataset\L_Bainite_4\572_L_Bainite_04.png,L_Bainite_4\572_L_Bainite_04.png,572_L_Bainite_04.png,572_L_Bainite_04,.png,96,96,RGB
D:\AI_Materials_Microscopy\data\raw\Dataset\L_Bainite_4\573_L_Bainite_04.png,L_Bainite_4\573_L_Bainite_04.png,573_L_Bainite_04.png,573_L_Bainite_04,.png,96,96,RGB
D:\AI_Materials_Microscopy\data\raw\Dataset\L_Bainite_4\574_L_Bainite_04.png,L_Bainite_4\574_L_Bainite_04.png,574_L_Bainite_04.png,574_L_Bainite_04,.png,96,96,RGB
D:\AI_Materials_Microscopy\data\raw\Dataset\L_Bainite_4\575_L_Bainite_04.png,L_Bainite_4\575_L_Bainite_04.png,575_L_Bainite_04.png,575_L_Bainite_04,.png,96,96,RGB
D:\AI_Materials_Microscopy\data\raw\Dataset\L_Bainite_4\576_L_Bainite_04.png,L_Bainite_4\576_L_Bainite_04.png,576_L_Bainite_04.png,576_L_Bainite_04,.png,96,96,RGB
D:\AI_Materials_Microscopy\data\raw\Dataset\L_Bainite_4\577_L_Bainite_04.png,L_Bainite_4\577_L_Bainite_04.png,577_L_Bainite_04.png,577_L_Bainite_04,.png,96,96,RGB
D:\AI_Materials_Microscopy\data\raw\Dataset\L_Bainite_4\578_L_Bainite_04.png,L_Bainite_4\578_L_Bainite_04.png,578_L_Bainite_04.png,578_L_Bainite_04,.png,96,96,RGB
D:\AI_Materials_Microscopy\data\raw\Dataset\L_Bainite_4\579_L_Bainite_04.png,L_Bainite_4\579_L_Bainite_04.png,579_L_Bainite_04.png,579_L_Bainite_04,.png,256,256,RGB
D:\AI_Materials_Microscopy\data\raw\Dataset\L_Bainite_4\580_L_Bainite_04.png,L_Bainite_4\580_L_Bainite_04.png,580_L_Bainite_04.png,580_L_Bainite_04,.png,256,256,RGB
D:\AI_Materials_Microscopy\data\raw\Dataset\L_Bainite_4\581_L_Bainite_04.png,L_Bainite_4\581_L_Bainite_04.png,581_L_Bainite_04.png,581_L_Bainite_04,.png,256,256,RGB
D:\AI_Materials_Microscopy\data\raw\Dataset\L_Bainite_4\582_L_Bainite_04.png,L_Bainite_4\582_L_Bainite_04.png,582_L_Bainite_04.png,582_L_Bainite_04,.png,256,256,RGB
D:\AI_Materials_Microscopy\data\raw\Dataset\L_Bainite_4\583_L_Bainite_04.png,L_Bainite_4\583_L_Bainite_04.png,583_L_Bainite_04.png,583_L_Bainite_04,.png,256,256,RGB
D:\AI_Materials_Microscopy\data\raw\Dataset\L_Bainite_4\584_L_Bainite_04.png,L_Bainite_4\584_L_Bainite_04.png,584_L_Bainite_04.png,584_L_Bainite_04,.png,256,256,RGB
D:\AI_Materials_Microscopy\data\raw\Dataset\L_Bainite_4\585_L_Bainite_04.png,L_Bainite_4\585_L_Bainite_04.png,585_L_Bainite_04.png,585_L_Bainite_04,.png,256,256,RGB
D:\AI_Materials_Microscopy\data\raw\Dataset\L_Bainite_4\586_L_Bainite_04.png,L_Bainite_4\586_L_Bainite_04.png,586_L_Bainite_04.png,586_L_Bainite_04,.png,256,256,RGB
D:\AI_Materials_Microscopy\data\raw\Dataset\L_Bainite_4\587_L_Bainite_04.png,L_Bainite_4\587_L_Bainite_04.png,587_L_Bainite_04.png,587_L_Bainite_04,.png,256,256,RGB
D:\AI_Materials_Microscopy\data\raw\Dataset\L_Bainite_4\588_L_Bainite_04.png,L_Bainite_4\588_L_Bainite_04.png,588_L_Bainite_04.png,588_L_Bainite_04,.png,256,256,RGB
D:\AI_Materials_Microscopy\data\raw\Dataset\L_Bainite_5\570_L_Bainite_05.png,L_Bainite_5\570_L_Bainite_05.png,570_L_Bainite_05.png,570_L_Bainite_05,.png,96,96,RGB
D:\AI_Materials_Microscopy\data\raw\Dataset\L_Bainite_5\571_L_Bainite_05.png,L_Bainite_5\571_L_Bainite_05.png,571_L_Bainite_05.png,571_L_Bainite_05,.png,96,96,RGB
D:\AI_Materials_Microscopy\data\raw\Dataset\L_Bainite_5\572_L_Bainite_05.png,L_Bainite_5\572_L_Bainite_05.png,572_L_Bainite_05.png,572_L_Bainite_05,.png,96,96,RGB
D:\AI_Materials_Microscopy\data\raw\Dataset\L_Bainite_5\573_L_Bainite_05.png,L_Bainite_5\573_L_Bainite_05.png,573_L_Bainite_05.png,573_L_Bainite_05,.png,96,96,RGB
D:\AI_Materials_Microscopy\data\raw\Dataset\L_Bainite_5\574_L_Bainite_05.png,L_Bainite_5\574_L_Bainite_05.png,574_L_Bainite_05.png,574_L_Bainite_05,.png,96,96,RGB
D:\AI_Materials_Microscopy\data\raw\Dataset\L_Bainite_5\575_L_Bainite_05.png,L_Bainite_5\575_L_Bainite_05.png,575_L_Bainite_05.png,575_L_Bainite_05,.png,96,96,RGB
D:\AI_Materials_Microscopy\data\raw\Dataset\L_Bainite_5\576_L_Bainite_05.png,L_Bainite_5\576_L_Bainite_05.png,576_L_Bainite_05.png,576_L_Bainite_05,.png,96,96,RGB
D:\AI_Materials_Microscopy\data\raw\Dataset\L_Bainite_5\577_L_Bainite_05.png,L_Bainite_5\577_L_Bainite_05.png,577_L_Bainite_05.png,577_L_Bainite_05,.png,96,96,RGB
D:\AI_Materials_Microscopy\data\raw\Dataset\L_Bainite_5\578_L_Bainite_05.png,L_Bainite_5\578_L_Bainite_05.png,578_L_Bainite_05.png,578_L_Bainite_05,.png,96,96,RGB
D:\AI_Materials_Microscopy\data\raw\Dataset\L_Bainite_5\579_L_Bainite_05.png,L_Bainite_5\579_L_Bainite_05.png,579_L_Bainite_05.png,579_L_Bainite_05,.png,256,256,RGB
D:\AI_Materials_Microscopy\data\raw\Dataset\L_Bainite_5\580_L_Bainite_05.png,L_Bainite_5\580_L_Bainite_05.png,580_L_Bainite_05.png,580_L_Bainite_05,.png,256,256,RGB
D:\AI_Materials_Microscopy\data\raw\Dataset\L_Bainite_5\581_L_Bainite_05.png,L_Bainite_5\581_L_Bainite_05.png,581_L_Bainite_05.png,581_L_Bainite_05,.png,256,256,RGB
D:\AI_Materials_Microscopy\data\raw\Dataset\L_Bainite_5\582_L_Bainite_05.png,L_Bainite_5\582_L_Bainite_05.png,582_L_Bainite_05.png,582_L_Bainite_05,.png,256,256,RGB
D:\AI_Materials_Microscopy\data\raw\Dataset\L_Bainite_5\583_L_Bainite_05.png,L_Bainite_5\583_L_Bainite_05.png,583_L_Bainite_05.png,583_L_Bainite_05,.png,256,256,RGB
D:\AI_Materials_Microscopy\data\raw\Dataset\L_Bainite_5\584_L_Bainite_05.png,L_Bainite_5\584_L_Bainite_05.png,584_L_Bainite_05.png,584_L_Bainite_05,.png,256,256,RGB
D:\AI_Materials_Microscopy\data\raw\Dataset\L_Bainite_5\585_L_Bainite_05.png,L_Bainite_5\585_L_Bainite_05.png,585_L_Bainite_05.png,585_L_Bainite_05,.png,256,256,RGB
D:\AI_Materials_Microscopy\data\raw\Dataset\L_Bainite_5\586_L_Bainite_05.png,L_Bainite_5\586_L_Bainite_05.png,586_L_Bainite_05.png,586_L_Bainite_05,.png,256,256,RGB
D:\AI_Materials_Microscopy\data\raw\Dataset\L_Bainite_5\587_L_Bainite_05.png,L_Bainite_5\587_L_Bainite_05.png,587_L_Bainite_05.png,587_L_Bainite_05,.png,256,256,RGB
D:\AI_Materials_Microscopy\data\raw\Dataset\L_Bainite_5\588_L_Bainite_05.png,L_Bainite_5\588_L_Bainite_05.png,588_L_Bainite_05.png,588_L_Bainite_05,.png,256,256,RGB
D:\AI_Materials_Microscopy\data\raw\Dataset\L_Bainite_6\570_L_Bainite_06.png,L_Bainite_6\570_L_Bainite_06.png,570_L_Bainite_06.png,570_L_Bainite_06,.png,96,96,RGB
D:\AI_Materials_Microscopy\data\raw\Dataset\L_Bainite_6\571_L_Bainite_06.png,L_Bainite_6\571_L_Bainite_06.png,571_L_Bainite_06.png,571_L_Bainite_06,.png,96,96,RGB
D:\AI_Materials_Microscopy\data\raw\Dataset\L_Bainite_6\572_L_Bainite_06.png,L_Bainite_6\572_L_Bainite_06.png,572_L_Bainite_06.png,572_L_Bainite_06,.png,96,96,RGB
D:\AI_Materials_Microscopy\data\raw\Dataset\L_Bainite_6\573_L_Bainite_06.png,L_Bainite_6\573_L_Bainite_06.png,573_L_Bainite_06.png,573_L_Bainite_06,.png,96,96,RGB
D:\AI_Materials_Microscopy\data\raw\Dataset\L_Bainite_6\574_L_Bainite_06.png,L_Bainite_6\574_L_Bainite_06.png,574_L_Bainite_06.png,574_L_Bainite_06,.png,96,96,RGB
D:\AI_Materials_Microscopy\data\raw\Dataset\L_Bainite_6\575_L_Bainite_06.png,L_Bainite_6\575_L_Bainite_06.png,575_L_Bainite_06.png,575_L_Bainite_06,.png,96,96,RGB
D:\AI_Materials_Microscopy\data\raw\Dataset\L_Bainite_6\576_L_Bainite_06.png,L_Bainite_6\576_L_Bainite_06.png,576_L_Bainite_06.png,576_L_Bainite_06,.png,96,96,RGB
D:\AI_Materials_Microscopy\data\raw\Dataset\L_Bainite_6\577_L_Bainite_06.png,L_Bainite_6\577_L_Bainite_06.png,577_L_Bainite_06.png,577_L_Bainite_06,.png,96,96,RGB
D:\AI_Materials_Microscopy\data\raw\Dataset\L_Bainite_6\578_L_Bainite_06.png,L_Bainite_6\578_L_Bainite_06.png,578_L_Bainite_06.png,578_L_Bainite_06,.png,96,96,RGB
D:\AI_Materials_Microscopy\data\raw\Dataset\L_Bainite_6\579_L_Bainite_06.png,L_Bainite_6\579_L_Bainite_06.png,579_L_Bainite_06.png,579_L_Bainite_06,.png,256,256,RGB
D:\AI_Materials_Microscopy\data\raw\Dataset\L_Bainite_6\580_L_Bainite_06.png,L_Bainite_6\580_L_Bainite_06.png,580_L_Bainite_06.png,580_L_Bainite_06,.png,256,256,RGB
D:\AI_Materials_Microscopy\data\raw\Dataset\L_Bainite_6\581_L_Bainite_06.png,L_Bainite_6\581_L_Bainite_06.png,581_L_Bainite_06.png,581_L_Bainite_06,.png,256,256,RGB
D:\AI_Materials_Microscopy\data\raw\Dataset\L_Bainite_6\582_L_Bainite_06.png,L_Bainite_6\582_L_Bainite_06.png,582_L_Bainite_06.png,582_L_Bainite_06,.png,256,256,RGB
D:\AI_Materials_Microscopy\data\raw\Dataset\L_Bainite_6\583_L_Bainite_06.png,L_Bainite_6\583_L_Bainite_06.png,583_L_Bainite_06.png,583_L_Bainite_06,.png,256,256,RGB
D:\AI_Materials_Microscopy\data\raw\Dataset\L_Bainite_6\584_L_Bainite_06.png,L_Bainite_6\584_L_Bainite_06.png,584_L_Bainite_06.png,584_L_Bainite_06,.png,256,256,RGB
D:\AI_Materials_Microscopy\data\raw\Dataset\L_Bainite_6\585_L_Bainite_06.png,L_Bainite_6\585_L_Bainite_06.png,585_L_Bainite_06.png,585_L_Bainite_06,.png,256,256,RGB
D:\AI_Materials_Microscopy\data\raw\Dataset\L_Bainite_6\586_L_Bainite_06.png,L_Bainite_6\586_L_Bainite_06.png,586_L_Bainite_06.png,586_L_Bainite_06,.png,256,256,RGB
D:\AI_Materials_Microscopy\data\raw\Dataset\L_Bainite_6\587_L_Bainite_06.png,L_Bainite_6\587_L_Bainite_06.png,587_L_Bainite_06.png,587_L_Bainite_06,.png,256,256,RGB
D:\AI_Materials_Microscopy\data\raw\Dataset\L_Bainite_6\588_L_Bainite_06.png,L_Bainite_6\588_L_Bainite_06.png,588_L_Bainite_06.png,588_L_Bainite_06,.png,256,256,RGB
D:\AI_Materials_Microscopy\data\raw\Dataset\L_Bainite_7\570_L_Bainite_07.png,L_Bainite_7\570_L_Bainite_07.png,570_L_Bainite_07.png,570_L_Bainite_07,.png,96,96,RGB
D:\AI_Materials_Microscopy\data\raw\Dataset\L_Bainite_7\571_L_Bainite_07.png,L_Bainite_7\571_L_Bainite_07.png,571_L_Bainite_07.png,571_L_Bainite_07,.png,96,96,RGB
D:\AI_Materials_Microscopy\data\raw\Dataset\L_Bainite_7\572_L_Bainite_07.png,L_Bainite_7\572_L_Bainite_07.png,572_L_Bainite_07.png,572_L_Bainite_07,.png,96,96,RGB
D:\AI_Materials_Microscopy\data\raw\Dataset\L_Bainite_7\573_L_Bainite_07.png,L_Bainite_7\573_L_Bainite_07.png,573_L_Bainite_07.png,573_L_Bainite_07,.png,96,96,RGB
D:\AI_Materials_Microscopy\data\raw\Dataset\L_Bainite_7\574_L_Bainite_07.png,L_Bainite_7\574_L_Bainite_07.png,574_L_Bainite_07.png,574_L_Bainite_07,.png,96,96,RGB
D:\AI_Materials_Microscopy\data\raw\Dataset\L_Bainite_7\575_L_Bainite_07.png,L_Bainite_7\575_L_Bainite_07.png,575_L_Bainite_07.png,575_L_Bainite_07,.png,96,96,RGB
D:\AI_Materials_Microscopy\data\raw\Dataset\L_Bainite_7\576_L_Bainite_07.png,L_Bainite_7\576_L_Bainite_07.png,576_L_Bainite_07.png,576_L_Bainite_07,.png,96,96,RGB
D:\AI_Materials_Microscopy\data\raw\Dataset\L_Bainite_7\577_L_Bainite_07.png,L_Bainite_7\577_L_Bainite_07.png,577_L_Bainite_07.png,577_L_Bainite_07,.png,96,96,RGB
D:\AI_Materials_Microscopy\data\raw\Dataset\L_Bainite_7\578_L_Bainite_07.png,L_Bainite_7\578_L_Bainite_07.png,578_L_Bainite_07.png,578_L_Bainite_07,.png,96,96,RGB
D:\AI_Materials_Microscopy\data\raw\Dataset\L_Bainite_7\579_L_Bainite_07.png,L_Bainite_7\579_L_Bainite_07.png,579_L_Bainite_07.png,579_L_Bainite_07,.png,256,256,RGB
D:\AI_Materials_Microscopy\data\raw\Dataset\L_Bainite_7\580_L_Bainite_07.png,L_Bainite_7\580_L_Bainite_07.png,580_L_Bainite_07.png,580_L_Bainite_07,.png,256,256,RGB
D:\AI_Materials_Microscopy\data\raw\Dataset\L_Bainite_7\581_L_Bainite_07.png,L_Bainite_7\581_L_Bainite_07.png,581_L_Bainite_07.png,581_L_Bainite_07,.png,256,256,RGB
D:\AI_Materials_Microscopy\data\raw\Dataset\L_Bainite_7\582_L_Bainite_07.png,L_Bainite_7\582_L_Bainite_07.png,582_L_Bainite_07.png,582_L_Bainite_07,.png,256,256,RGB
D:\AI_Materials_Microscopy\data\raw\Dataset\L_Bainite_7\583_L_Bainite_07.png,L_Bainite_7\583_L_Bainite_07.png,583_L_Bainite_07.png,583_L_Bainite_07,.png,256,256,RGB
D:\AI_Materials_Microscopy\data\raw\Dataset\L_Bainite_7\584_L_Bainite_07.png,L_Bainite_7\584_L_Bainite_07.png,584_L_Bainite_07.png,584_L_Bainite_07,.png,256,256,RGB
D:\AI_Materials_Microscopy\data\raw\Dataset\L_Bainite_7\585_L_Bainite_07.png,L_Bainite_7\585_L_Bainite_07.png,585_L_Bainite_07.png,585_L_Bainite_07,.png,256,256,RGB
D:\AI_Materials_Microscopy\data\raw\Dataset\L_Bainite_7\586_L_Bainite_07.png,L_Bainite_7\586_L_Bainite_07.png,586_L_Bainite_07.png,586_L_Bainite_07,.png,256,256,RGB
D:\AI_Materials_Microscopy\data\raw\Dataset\L_Bainite_7\587_L_Bainite_07.png,L_Bainite_7\587_L_Bainite_07.png,587_L_Bainite_07.png,587_L_Bainite_07,.png,256,256,RGB
D:\AI_Materials_Microscopy\data\raw\Dataset\L_Bainite_7\588_L_Bainite_07.png,L_Bainite_7\588_L_Bainite_07.png,588_L_Bainite_07.png,588_L_Bainite_07,.png,256,256,RGB
D:\AI_Materials_Microscopy\data\raw\Dataset\L_Bainite_8\570_L_Bainite_08.png,L_Bainite_8\570_L_Bainite_08.png,570_L_Bainite_08.png,570_L_Bainite_08,.png,96,96,RGB
D:\AI_Materials_Microscopy\data\raw\Dataset\L_Bainite_8\571_L_Bainite_08.png,L_Bainite_8\571_L_Bainite_08.png,571_L_Bainite_08.png,571_L_Bainite_08,.png,96,96,RGB
D:\AI_Materials_Microscopy\data\raw\Dataset\L_Bainite_8\572_L_Bainite_08.png,L_Bainite_8\572_L_Bainite_08.png,572_L_Bainite_08.png,572_L_Bainite_08,.png,96,96,RGB
D:\AI_Materials_Microscopy\data\raw\Dataset\L_Bainite_8\573_L_Bainite_08.png,L_Bainite_8\573_L_Bainite_08.png,573_L_Bainite_08.png,573_L_Bainite_08,.png,96,96,RGB
D:\AI_Materials_Microscopy\data\raw\Dataset\L_Bainite_8\574_L_Bainite_08.png,L_Bainite_8\574_L_Bainite_08.png,574_L_Bainite_08.png,574_L_Bainite_08,.png,96,96,RGB
D:\AI_Materials_Microscopy\data\raw\Dataset\L_Bainite_8\575_L_Bainite_08.png,L_Bainite_8\575_L_Bainite_08.png,575_L_Bainite_08.png,575_L_Bainite_08,.png,96,96,RGB
D:\AI_Materials_Microscopy\data\raw\Dataset\L_Bainite_8\576_L_Bainite_08.png,L_Bainite_8\576_L_Bainite_08.png,576_L_Bainite_08.png,576_L_Bainite_08,.png,96,96,RGB
D:\AI_Materials_Microscopy\data\raw\Dataset\L_Bainite_8\577_L_Bainite_08.png,L_Bainite_8\577_L_Bainite_08.png,577_L_Bainite_08.png,577_L_Bainite_08,.png,96,96,RGB
D:\AI_Materials_Microscopy\data\raw\Dataset\L_Bainite_8\578_L_Bainite_08.png,L_Bainite_8\578_L_Bainite_08.png,578_L_Bainite_08.png,578_L_Bainite_08,.png,96,96,RGB
D:\AI_Materials_Microscopy\data\raw\Dataset\L_Bainite_8\579_L_Bainite_08.png,L_Bainite_8\579_L_Bainite_08.png,579_L_Bainite_08.png,579_L_Bainite_08,.png,256,256,RGB
D:\AI_Materials_Microscopy\data\raw\Dataset\L_Bainite_8\580_L_Bainite_08.png,L_Bainite_8\580_L_Bainite_08.png,580_L_Bainite_08.png,580_L_Bainite_08,.png,256,256,RGB
D:\AI_Materials_Microscopy\data\raw\Dataset\L_Bainite_8\581_L_Bainite_08.png,L_Bainite_8\581_L_Bainite_08.png,581_L_Bainite_08.png,581_L_Bainite_08,.png,256,256,RGB
D:\AI_Materials_Microscopy\data\raw\Dataset\L_Bainite_8\582_L_Bainite_08.png,L_Bainite_8\582_L_Bainite_08.png,582_L_Bainite_08.png,582_L_Bainite_08,.png,256,256,RGB
D:\AI_Materials_Microscopy\data\raw\Dataset\L_Bainite_8\583_L_Bainite_08.png,L_Bainite_8\583_L_Bainite_08.png,583_L_Bainite_08.png,583_L_Bainite_08,.png,256,256,RGB
D:\AI_Materials_Microscopy\data\raw\Dataset\L_Bainite_8\584_L_Bainite_08.png,L_Bainite_8\584_L_Bainite_08.png,584_L_Bainite_08.png,584_L_Bainite_08,.png,256,256,RGB
D:\AI_Materials_Microscopy\data\raw\Dataset\L_Bainite_8\585_L_Bainite_08.png,L_Bainite_8\585_L_Bainite_08.png,585_L_Bainite_08.png,585_L_Bainite_08,.png,256,256,RGB
D:\AI_Materials_Microscopy\data\raw\Dataset\L_Bainite_8\586_L_Bainite_08.png,L_Bainite_8\586_L_Bainite_08.png,586_L_Bainite_08.png,586_L_Bainite_08,.png,256,256,RGB
D:\AI_Materials_Microscopy\data\raw\Dataset\L_Bainite_8\587_L_Bainite_08.png,L_Bainite_8\587_L_Bainite_08.png,587_L_Bainite_08.png,587_L_Bainite_08,.png,256,256,RGB
D:\AI_Materials_Microscopy\data\raw\Dataset\L_Bainite_8\588_L_Bainite_08.png,L_Bainite_8\588_L_Bainite_08.png,588_L_Bainite_08.png,588_L_Bainite_08,.png,256,256,RGB
D:\AI_Materials_Microscopy\data\raw\Dataset\L_Bainite_9\570_L_Bainite_09.png,L_Bainite_9\570_L_Bainite_09.png,570_L_Bainite_09.png,570_L_Bainite_09,.png,96,96,RGB
D:\AI_Materials_Microscopy\data\raw\Dataset\L_Bainite_9\571_L_Bainite_09.png,L_Bainite_9\571_L_Bainite_09.png,571_L_Bainite_09.png,571_L_Bainite_09,.png,96,96,RGB
D:\AI_Materials_Microscopy\data\raw\Dataset\L_Bainite_9\572_L_Bainite_09.png,L_Bainite_9\572_L_Bainite_09.png,572_L_Bainite_09.png,572_L_Bainite_09,.png,96,96,RGB
D:\AI_Materials_Microscopy\data\raw\Dataset\L_Bainite_9\573_L_Bainite_09.png,L_Bainite_9\573_L_Bainite_09.png,573_L_Bainite_09.png,573_L_Bainite_09,.png,96,96,RGB
D:\AI_Materials_Microscopy\data\raw\Dataset\L_Bainite_9\574_L_Bainite_09.png,L_Bainite_9\574_L_Bainite_09.png,574_L_Bainite_09.png,574_L_Bainite_09,.png,96,96,RGB
D:\AI_Materials_Microscopy\data\raw\Dataset\L_Bainite_9\575_L_Bainite_09.png,L_Bainite_9\575_L_Bainite_09.png,575_L_Bainite_09.png,575_L_Bainite_09,.png,96,96,RGB
D:\AI_Materials_Microscopy\data\raw\Dataset\L_Bainite_9\576_L_Bainite_09.png,L_Bainite_9\576_L_Bainite_09.png,576_L_Bainite_09.png,576_L_Bainite_09,.png,96,96,RGB
D:\AI_Materials_Microscopy\data\raw\Dataset\L_Bainite_9\577_L_Bainite_09.png,L_Bainite_9\577_L_Bainite_09.png,577_L_Bainite_09.png,577_L_Bainite_09,.png,96,96,RGB
D:\AI_Materials_Microscopy\data\raw\Dataset\L_Bainite_9\578_L_Bainite_09.png,L_Bainite_9\578_L_Bainite_09.png,578_L_Bainite_09.png,578_L_Bainite_09,.png,96,96,RGB
D:\AI_Materials_Microscopy\data\raw\Dataset\L_Bainite_9\579_L_Bainite_09.png,L_Bainite_9\579_L_Bainite_09.png,579_L_Bainite_09.png,579_L_Bainite_09,.png,256,256,RGB
D:\AI_Materials_Microscopy\data\raw\Dataset\L_Bainite_9\580_L_Bainite_09.png,L_Bainite_9\580_L_Bainite_09.png,580_L_Bainite_09.png,580_L_Bainite_09,.png,256,256,RGB
D:\AI_Materials_Microscopy\data\raw\Dataset\L_Bainite_9\581_L_Bainite_09.png,L_Bainite_9\581_L_Bainite_09.png,581_L_Bainite_09.png,581_L_Bainite_09,.png,256,256,RGB
D:\AI_Materials_Microscopy\data\raw\Dataset\L_Bainite_9\582_L_Bainite_09.png,L_Bainite_9\582_L_Bainite_09.png,582_L_Bainite_09.png,582_L_Bainite_09,.png,256,256,RGB
D:\AI_Materials_Microscopy\data\raw\Dataset\L_Bainite_9\583_L_Bainite_09.png,L_Bainite_9\583_L_Bainite_09.png,583_L_Bainite_09.png,583_L_Bainite_09,.png,256,256,RGB
D:\AI_Materials_Microscopy\data\raw\Dataset\L_Bainite_9\584_L_Bainite_09.png,L_Bainite_9\584_L_Bainite_09.png,584_L_Bainite_09.png,584_L_Bainite_09,.png,256,256,RGB
D:\AI_Materials_Microscopy\data\raw\Dataset\L_Bainite_9\585_L_Bainite_09.png,L_Bainite_9\585_L_Bainite_09.png,585_L_Bainite_09.png,585_L_Bainite_09,.png,256,256,RGB
D:\AI_Materials_Microscopy\data\raw\Dataset\L_Bainite_9\586_L_Bainite_09.png,L_Bainite_9\586_L_Bainite_09.png,586_L_Bainite_09.png,586_L_Bainite_09,.png,256,256,RGB
D:\AI_Materials_Microscopy\data\raw\Dataset\L_Bainite_9\587_L_Bainite_09.png,L_Bainite_9\587_L_Bainite_09.png,587_L_Bainite_09.png,587_L_Bainite_09,.png,256,256,RGB
D:\AI_Materials_Microscopy\data\raw\Dataset\L_Bainite_9\588_L_Bainite_09.png,L_Bainite_9\588_L_Bainite_09.png,588_L_Bainite_09.png,588_L_Bainite_09,.png,256,256,RGB
D:\AI_Materials_Microscopy\data\raw\Dataset\M_Bainite_1\589_M_Bainite_01.png,M_Bainite_1\589_M_Bainite_01.png,589_M_Bainite_01.png,589_M_Bainite_01,.png,96,96,RGB
D:\AI_Materials_Microscopy\data\raw\Dataset\M_Bainite_1\590_M_Bainite_01.png,M_Bainite_1\590_M_Bainite_01.png,590_M_Bainite_01.png,590_M_Bainite_01,.png,96,96,RGB
D:\AI_Materials_Microscopy\data\raw\Dataset\M_Bainite_1\591_M_Bainite_01.png,M_Bainite_1\591_M_Bainite_01.png,591_M_Bainite_01.png,591_M_Bainite_01,.png,96,96,RGB
D:\AI_Materials_Microscopy\data\raw\Dataset\M_Bainite_1\592_M_Bainite_01.png,M_Bainite_1\592_M_Bainite_01.png,592_M_Bainite_01.png,592_M_Bainite_01,.png,96,96,RGB
D:\AI_Materials_Microscopy\data\raw\Dataset\M_Bainite_1\593_M_Bainite_01.png,M_Bainite_1\593_M_Bainite_01.png,593_M_Bainite_01.png,593_M_Bainite_01,.png,96,96,RGB
D:\AI_Materials_Microscopy\data\raw\Dataset\M_Bainite_1\594_M_Bainite_01.png,M_Bainite_1\594_M_Bainite_01.png,594_M_Bainite_01.png,594_M_Bainite_01,.png,96,96,RGB
D:\AI_Materials_Microscopy\data\raw\Dataset\M_Bainite_1\595_M_Bainite_01.png,M_Bainite_1\595_M_Bainite_01.png,595_M_Bainite_01.png,595_M_Bainite_01,.png,96,96,RGB
D:\AI_Materials_Microscopy\data\raw\Dataset\M_Bainite_1\596_M_Bainite_01.png,M_Bainite_1\596_M_Bainite_01.png,596_M_Bainite_01.png,596_M_Bainite_01,.png,96,96,RGB
D:\AI_Materials_Microscopy\data\raw\Dataset\M_Bainite_1\597_M_Bainite_01.png,M_Bainite_1\597_M_Bainite_01.png,597_M_Bainite_01.png,597_M_Bainite_01,.png,96,96,RGB
D:\AI_Materials_Microscopy\data\raw\Dataset\M_Bainite_1\607_M_Bainite_01.png,M_Bainite_1\607_M_Bainite_01.png,607_M_Bainite_01.png,607_M_Bainite_01,.png,256,256,RGB
D:\AI_Materials_Microscopy\data\raw\Dataset\M_Bainite_1\608_M_Bainite_01.png,M_Bainite_1\608_M_Bainite_01.png,608_M_Bainite_01.png,608_M_Bainite_01,.png,256,256,RGB
D:\AI_Materials_Microscopy\data\raw\Dataset\M_Bainite_1\609_M_Bainite_01.png,M_Bainite_1\609_M_Bainite_01.png,609_M_Bainite_01.png,609_M_Bainite_01,.png,256,256,RGB
D:\AI_Materials_Microscopy\data\raw\Dataset\M_Bainite_1\610_M_Bainite_01.png,M_Bainite_1\610_M_Bainite_01.png,610_M_Bainite_01.png,610_M_Bainite_01,.png,256,256,RGB
D:\AI_Materials_Microscopy\data\raw\Dataset\M_Bainite_1\611_M_Bainite_01.png,M_Bainite_1\611_M_Bainite_01.png,611_M_Bainite_01.png,611_M_Bainite_01,.png,256,256,RGB
D:\AI_Materials_Microscopy\data\raw\Dataset\M_Bainite_1\612_M_Bainite_01.png,M_Bainite_1\612_M_Bainite_01.png,612_M_Bainite_01.png,612_M_Bainite_01,.png,256,256,RGB
D:\AI_Materials_Microscopy\data\raw\Dataset\M_Bainite_1\613_M_Bainite_01.png,M_Bainite_1\613_M_Bainite_01.png,613_M_Bainite_01.png,613_M_Bainite_01,.png,256,256,RGB
D:\AI_Materials_Microscopy\data\raw\Dataset\M_Bainite_1\614_M_Bainite_01.png,M_Bainite_1\614_M_Bainite_01.png,614_M_Bainite_01.png,614_M_Bainite_01,.png,256,256,RGB
D:\AI_Materials_Microscopy\data\raw\Dataset\M_Bainite_1\615_M_Bainite_01.png,M_Bainite_1\615_M_Bainite_01.png,615_M_Bainite_01.png,615_M_Bainite_01,.png,256,256,RGB
D:\AI_Materials_Microscopy\data\raw\Dataset\M_Bainite_1\625_M_Bainite_01.png,M_Bainite_1\625_M_Bainite_01.png,625_M_Bainite_01.png,625_M_Bainite_01,.png,256,256,RGB
D:\AI_Materials_Microscopy\data\raw\Dataset\M_Bainite_2\589_M_Bainite_02.png,M_Bainite_2\589_M_Bainite_02.png,589_M_Bainite_02.png,589_M_Bainite_02,.png,96,96,RGB
D:\AI_Materials_Microscopy\data\raw\Dataset\M_Bainite_2\590_M_Bainite_02.png,M_Bainite_2\590_M_Bainite_02.png,590_M_Bainite_02.png,590_M_Bainite_02,.png,96,96,RGB
D:\AI_Materials_Microscopy\data\raw\Dataset\M_Bainite_2\591_M_Bainite_02.png,M_Bainite_2\591_M_Bainite_02.png,591_M_Bainite_02.png,591_M_Bainite_02,.png,96,96,RGB
D:\AI_Materials_Microscopy\data\raw\Dataset\M_Bainite_2\592_M_Bainite_02.png,M_Bainite_2\592_M_Bainite_02.png,592_M_Bainite_02.png,592_M_Bainite_02,.png,96,96,RGB
D:\AI_Materials_Microscopy\data\raw\Dataset\M_Bainite_2\593_M_Bainite_02.png,M_Bainite_2\593_M_Bainite_02.png,593_M_Bainite_02.png,593_M_Bainite_02,.png,96,96,RGB
D:\AI_Materials_Microscopy\data\raw\Dataset\M_Bainite_2\594_M_Bainite_02.png,M_Bainite_2\594_M_Bainite_02.png,594_M_Bainite_02.png,594_M_Bainite_02,.png,96,96,RGB
D:\AI_Materials_Microscopy\data\raw\Dataset\M_Bainite_2\595_M_Bainite_02.png,M_Bainite_2\595_M_Bainite_02.png,595_M_Bainite_02.png,595_M_Bainite_02,.png,96,96,RGB
D:\AI_Materials_Microscopy\data\raw\Dataset\M_Bainite_2\596_M_Bainite_02.png,M_Bainite_2\596_M_Bainite_02.png,596_M_Bainite_02.png,596_M_Bainite_02,.png,96,96,RGB
D:\AI_Materials_Microscopy\data\raw\Dataset\M_Bainite_2\597_M_Bainite_02.png,M_Bainite_2\597_M_Bainite_02.png,597_M_Bainite_02.png,597_M_Bainite_02,.png,96,96,RGB
D:\AI_Materials_Microscopy\data\raw\Dataset\M_Bainite_2\607_M_Bainite_02.png,M_Bainite_2\607_M_Bainite_02.png,607_M_Bainite_02.png,607_M_Bainite_02,.png,256,256,RGB
D:\AI_Materials_Microscopy\data\raw\Dataset\M_Bainite_2\608_M_Bainite_02.png,M_Bainite_2\608_M_Bainite_02.png,608_M_Bainite_02.png,608_M_Bainite_02,.png,256,256,RGB
D:\AI_Materials_Microscopy\data\raw\Dataset\M_Bainite_2\609_M_Bainite_02.png,M_Bainite_2\609_M_Bainite_02.png,609_M_Bainite_02.png,609_M_Bainite_02,.png,256,256,RGB
D:\AI_Materials_Microscopy\data\raw\Dataset\M_Bainite_2\610_M_Bainite_02.png,M_Bainite_2\610_M_Bainite_02.png,610_M_Bainite_02.png,610_M_Bainite_02,.png,256,256,RGB
D:\AI_Materials_Microscopy\data\raw\Dataset\M_Bainite_2\611_M_Bainite_02.png,M_Bainite_2\611_M_Bainite_02.png,611_M_Bainite_02.png,611_M_Bainite_02,.png,256,256,RGB
D:\AI_Materials_Microscopy\data\raw\Dataset\M_Bainite_2\612_M_Bainite_02.png,M_Bainite_2\612_M_Bainite_02.png,612_M_Bainite_02.png,612_M_Bainite_02,.png,256,256,RGB
D:\AI_Materials_Microscopy\data\raw\Dataset\M_Bainite_2\613_M_Bainite_02.png,M_Bainite_2\613_M_Bainite_02.png,613_M_Bainite_02.png,613_M_Bainite_02,.png,256,256,RGB
D:\AI_Materials_Microscopy\data\raw\Dataset\M_Bainite_2\614_M_Bainite_02.png,M_Bainite_2\614_M_Bainite_02.png,614_M_Bainite_02.png,614_M_Bainite_02,.png,256,256,RGB
D:\AI_Materials_Microscopy\data\raw\Dataset\M_Bainite_2\615_M_Bainite_02.png,M_Bainite_2\615_M_Bainite_02.png,615_M_Bainite_02.png,615_M_Bainite_02,.png,256,256,RGB
D:\AI_Materials_Microscopy\data\raw\Dataset\M_Bainite_2\625_M_Bainite_02.png,M_Bainite_2\625_M_Bainite_02.png,625_M_Bainite_02.png,625_M_Bainite_02,.png,256,256,RGB
D:\AI_Materials_Microscopy\data\raw\Dataset\M_Bainite_3\589_M_Bainite_03.png,M_Bainite_3\589_M_Bainite_03.png,589_M_Bainite_03.png,589_M_Bainite_03,.png,96,96,RGB
D:\AI_Materials_Microscopy\data\raw\Dataset\M_Bainite_3\590_M_Bainite_03.png,M_Bainite_3\590_M_Bainite_03.png,590_M_Bainite_03.png,590_M_Bainite_03,.png,96,96,RGB
D:\AI_Materials_Microscopy\data\raw\Dataset\M_Bainite_3\591_M_Bainite_03.png,M_Bainite_3\591_M_Bainite_03.png,591_M_Bainite_03.png,591_M_Bainite_03,.png,96,96,RGB
D:\AI_Materials_Microscopy\data\raw\Dataset\M_Bainite_3\592_M_Bainite_03.png,M_Bainite_3\592_M_Bainite_03.png,592_M_Bainite_03.png,592_M_Bainite_03,.png,96,96,RGB
D:\AI_Materials_Microscopy\data\raw\Dataset\M_Bainite_3\593_M_Bainite_03.png,M_Bainite_3\593_M_Bainite_03.png,593_M_Bainite_03.png,593_M_Bainite_03,.png,96,96,RGB
D:\AI_Materials_Microscopy\data\raw\Dataset\M_Bainite_3\594_M_Bainite_03.png,M_Bainite_3\594_M_Bainite_03.png,594_M_Bainite_03.png,594_M_Bainite_03,.png,96,96,RGB
D:\AI_Materials_Microscopy\data\raw\Dataset\M_Bainite_3\595_M_Bainite_03.png,M_Bainite_3\595_M_Bainite_03.png,595_M_Bainite_03.png,595_M_Bainite_03,.png,96,96,RGB
D:\AI_Materials_Microscopy\data\raw\Dataset\M_Bainite_3\596_M_Bainite_03.png,M_Bainite_3\596_M_Bainite_03.png,596_M_Bainite_03.png,596_M_Bainite_03,.png,96,96,RGB
D:\AI_Materials_Microscopy\data\raw\Dataset\M_Bainite_3\597_M_Bainite_03.png,M_Bainite_3\597_M_Bainite_03.png,597_M_Bainite_03.png,597_M_Bainite_03,.png,96,96,RGB
D:\AI_Materials_Microscopy\data\raw\Dataset\M_Bainite_3\607_M_Bainite_03.png,M_Bainite_3\607_M_Bainite_03.png,607_M_Bainite_03.png,607_M_Bainite_03,.png,256,256,RGB
D:\AI_Materials_Microscopy\data\raw\Dataset\M_Bainite_3\608_M_Bainite_03.png,M_Bainite_3\608_M_Bainite_03.png,608_M_Bainite_03.png,608_M_Bainite_03,.png,256,256,RGB
D:\AI_Materials_Microscopy\data\raw\Dataset\M_Bainite_3\609_M_Bainite_03.png,M_Bainite_3\609_M_Bainite_03.png,609_M_Bainite_03.png,609_M_Bainite_03,.png,256,256,RGB
D:\AI_Materials_Microscopy\data\raw\Dataset\M_Bainite_3\610_M_Bainite_03.png,M_Bainite_3\610_M_Bainite_03.png,610_M_Bainite_03.png,610_M_Bainite_03,.png,256,256,RGB
D:\AI_Materials_Microscopy\data\raw\Dataset\M_Bainite_3\611_M_Bainite_03.png,M_Bainite_3\611_M_Bainite_03.png,611_M_Bainite_03.png,611_M_Bainite_03,.png,256,256,RGB
D:\AI_Materials_Microscopy\data\raw\Dataset\M_Bainite_3\612_M_Bainite_03.png,M_Bainite_3\612_M_Bainite_03.png,612_M_Bainite_03.png,612_M_Bainite_03,.png,256,256,RGB
D:\AI_Materials_Microscopy\data\raw\Dataset\M_Bainite_3\613_M_Bainite_03.png,M_Bainite_3\613_M_Bainite_03.png,613_M_Bainite_03.png,613_M_Bainite_03,.png,256,256,RGB
D:\AI_Materials_Microscopy\data\raw\Dataset\M_Bainite_3\614_M_Bainite_03.png,M_Bainite_3\614_M_Bainite_03.png,614_M_Bainite_03.png,614_M_Bainite_03,.png,256,256,RGB
D:\AI_Materials_Microscopy\data\raw\Dataset\M_Bainite_3\615_M_Bainite_03.png,M_Bainite_3\615_M_Bainite_03.png,615_M_Bainite_03.png,615_M_Bainite_03,.png,256,256,RGB
D:\AI_Materials_Microscopy\data\raw\Dataset\M_Bainite_3\625_M_Bainite_03.png,M_Bainite_3\625_M_Bainite_03.png,625_M_Bainite_03.png,625_M_Bainite_03,.png,256,256,RGB
D:\AI_Materials_Microscopy\data\raw\Dataset\M_Bainite_4\589_M_Bainite_04.png,M_Bainite_4\589_M_Bainite_04.png,589_M_Bainite_04.png,589_M_Bainite_04,.png,96,96,RGB
D:\AI_Materials_Microscopy\data\raw\Dataset\M_Bainite_4\590_M_Bainite_04.png,M_Bainite_4\590_M_Bainite_04.png,590_M_Bainite_04.png,590_M_Bainite_04,.png,96,96,RGB
D:\AI_Materials_Microscopy\data\raw\Dataset\M_Bainite_4\591_M_Bainite_04.png,M_Bainite_4\591_M_Bainite_04.png,591_M_Bainite_04.png,591_M_Bainite_04,.png,96,96,RGB
D:\AI_Materials_Microscopy\data\raw\Dataset\M_Bainite_4\592_M_Bainite_04.png,M_Bainite_4\592_M_Bainite_04.png,592_M_Bainite_04.png,592_M_Bainite_04,.png,96,96,RGB
D:\AI_Materials_Microscopy\data\raw\Dataset\M_Bainite_4\593_M_Bainite_04.png,M_Bainite_4\593_M_Bainite_04.png,593_M_Bainite_04.png,593_M_Bainite_04,.png,96,96,RGB
D:\AI_Materials_Microscopy\data\raw\Dataset\M_Bainite_4\594_M_Bainite_04.png,M_Bainite_4\594_M_Bainite_04.png,594_M_Bainite_04.png,594_M_Bainite_04,.png,96,96,RGB
D:\AI_Materials_Microscopy\data\raw\Dataset\M_Bainite_4\595_M_Bainite_04.png,M_Bainite_4\595_M_Bainite_04.png,595_M_Bainite_04.png,595_M_Bainite_04,.png,96,96,RGB
D:\AI_Materials_Microscopy\data\raw\Dataset\M_Bainite_4\596_M_Bainite_04.png,M_Bainite_4\596_M_Bainite_04.png,596_M_Bainite_04.png,596_M_Bainite_04,.png,96,96,RGB
D:\AI_Materials_Microscopy\data\raw\Dataset\M_Bainite_4\597_M_Bainite_04.png,M_Bainite_4\597_M_Bainite_04.png,597_M_Bainite_04.png,597_M_Bainite_04,.png,96,96,RGB
D:\AI_Materials_Microscopy\data\raw\Dataset\M_Bainite_4\607_M_Bainite_04.png,M_Bainite_4\607_M_Bainite_04.png,607_M_Bainite_04.png,607_M_Bainite_04,.png,256,256,RGB
D:\AI_Materials_Microscopy\data\raw\Dataset\M_Bainite_4\608_M_Bainite_04.png,M_Bainite_4\608_M_Bainite_04.png,608_M_Bainite_04.png,608_M_Bainite_04,.png,256,256,RGB
D:\AI_Materials_Microscopy\data\raw\Dataset\M_Bainite_4\609_M_Bainite_04.png,M_Bainite_4\609_M_Bainite_04.png,609_M_Bainite_04.png,609_M_Bainite_04,.png,256,256,RGB
D:\AI_Materials_Microscopy\data\raw\Dataset\M_Bainite_4\610_M_Bainite_04.png,M_Bainite_4\610_M_Bainite_04.png,610_M_Bainite_04.png,610_M_Bainite_04,.png,256,256,RGB
D:\AI_Materials_Microscopy\data\raw\Dataset\M_Bainite_4\611_M_Bainite_04.png,M_Bainite_4\611_M_Bainite_04.png,611_M_Bainite_04.png,611_M_Bainite_04,.png,256,256,RGB
D:\AI_Materials_Microscopy\data\raw\Dataset\M_Bainite_4\612_M_Bainite_04.png,M_Bainite_4\612_M_Bainite_04.png,612_M_Bainite_04.png,612_M_Bainite_04,.png,256,256,RGB
D:\AI_Materials_Microscopy\data\raw\Dataset\M_Bainite_4\613_M_Bainite_04.png,M_Bainite_4\613_M_Bainite_04.png,613_M_Bainite_04.png,613_M_Bainite_04,.png,256,256,RGB
D:\AI_Materials_Microscopy\data\raw\Dataset\M_Bainite_4\614_M_Bainite_04.png,M_Bainite_4\614_M_Bainite_04.png,614_M_Bainite_04.png,614_M_Bainite_04,.png,256,256,RGB
D:\AI_Materials_Microscopy\data\raw\Dataset\M_Bainite_4\615_M_Bainite_04.png,M_Bainite_4\615_M_Bainite_04.png,615_M_Bainite_04.png,615_M_Bainite_04,.png,256,256,RGB
D:\AI_Materials_Microscopy\data\raw\Dataset\M_Bainite_4\625_M_Bainite_04.png,M_Bainite_4\625_M_Bainite_04.png,625_M_Bainite_04.png,625_M_Bainite_04,.png,256,256,RGB
D:\AI_Materials_Microscopy\data\raw\Dataset\M_Bainite_5\589_M_Bainite_05.png,M_Bainite_5\589_M_Bainite_05.png,589_M_Bainite_05.png,589_M_Bainite_05,.png,96,96,RGB
D:\AI_Materials_Microscopy\data\raw\Dataset\M_Bainite_5\590_M_Bainite_05.png,M_Bainite_5\590_M_Bainite_05.png,590_M_Bainite_05.png,590_M_Bainite_05,.png,96,96,RGB
D:\AI_Materials_Microscopy\data\raw\Dataset\M_Bainite_5\591_M_Bainite_05.png,M_Bainite_5\591_M_Bainite_05.png,591_M_Bainite_05.png,591_M_Bainite_05,.png,96,96,RGB
D:\AI_Materials_Microscopy\data\raw\Dataset\M_Bainite_5\592_M_Bainite_05.png,M_Bainite_5\592_M_Bainite_05.png,592_M_Bainite_05.png,592_M_Bainite_05,.png,96,96,RGB
D:\AI_Materials_Microscopy\data\raw\Dataset\M_Bainite_5\593_M_Bainite_05.png,M_Bainite_5\593_M_Bainite_05.png,593_M_Bainite_05.png,593_M_Bainite_05,.png,96,96,RGB
D:\AI_Materials_Microscopy\data\raw\Dataset\M_Bainite_5\594_M_Bainite_05.png,M_Bainite_5\594_M_Bainite_05.png,594_M_Bainite_05.png,594_M_Bainite_05,.png,96,96,RGB
D:\AI_Materials_Microscopy\data\raw\Dataset\M_Bainite_5\595_M_Bainite_05.png,M_Bainite_5\595_M_Bainite_05.png,595_M_Bainite_05.png,595_M_Bainite_05,.png,96,96,RGB
D:\AI_Materials_Microscopy\data\raw\Dataset\M_Bainite_5\596_M_Bainite_05.png,M_Bainite_5\596_M_Bainite_05.png,596_M_Bainite_05.png,596_M_Bainite_05,.png,96,96,RGB
D:\AI_Materials_Microscopy\data\raw\Dataset\M_Bainite_5\597_M_Bainite_05.png,M_Bainite_5\597_M_Bainite_05.png,597_M_Bainite_05.png,597_M_Bainite_05,.png,96,96,RGB
D:\AI_Materials_Microscopy\data\raw\Dataset\M_Bainite_5\607_M_Bainite_05.png,M_Bainite_5\607_M_Bainite_05.png,607_M_Bainite_05.png,607_M_Bainite_05,.png,256,256,RGB
D:\AI_Materials_Microscopy\data\raw\Dataset\M_Bainite_5\608_M_Bainite_05.png,M_Bainite_5\608_M_Bainite_05.png,608_M_Bainite_05.png,608_M_Bainite_05,.png,256,256,RGB
D:\AI_Materials_Microscopy\data\raw\Dataset\M_Bainite_5\609_M_Bainite_05.png,M_Bainite_5\609_M_Bainite_05.png,609_M_Bainite_05.png,609_M_Bainite_05,.png,256,256,RGB
D:\AI_Materials_Microscopy\data\raw\Dataset\M_Bainite_5\610_M_Bainite_05.png,M_Bainite_5\610_M_Bainite_05.png,610_M_Bainite_05.png,610_M_Bainite_05,.png,256,256,RGB
D:\AI_Materials_Microscopy\data\raw\Dataset\M_Bainite_5\611_M_Bainite_05.png,M_Bainite_5\611_M_Bainite_05.png,611_M_Bainite_05.png,611_M_Bainite_05,.png,256,256,RGB
D:\AI_Materials_Microscopy\data\raw\Dataset\M_Bainite_5\612_M_Bainite_05.png,M_Bainite_5\612_M_Bainite_05.png,612_M_Bainite_05.png,612_M_Bainite_05,.png,256,256,RGB
D:\AI_Materials_Microscopy\data\raw\Dataset\M_Bainite_5\613_M_Bainite_05.png,M_Bainite_5\613_M_Bainite_05.png,613_M_Bainite_05.png,613_M_Bainite_05,.png,256,256,RGB
D:\AI_Materials_Microscopy\data\raw\Dataset\M_Bainite_5\614_M_Bainite_05.png,M_Bainite_5\614_M_Bainite_05.png,614_M_Bainite_05.png,614_M_Bainite_05,.png,256,256,RGB
D:\AI_Materials_Microscopy\data\raw\Dataset\M_Bainite_5\615_M_Bainite_05.png,M_Bainite_5\615_M_Bainite_05.png,615_M_Bainite_05.png,615_M_Bainite_05,.png,256,256,RGB
D:\AI_Materials_Microscopy\data\raw\Dataset\M_Bainite_5\625_M_Bainite_05.png,M_Bainite_5\625_M_Bainite_05.png,625_M_Bainite_05.png,625_M_Bainite_05,.png,256,256,RGB
D:\AI_Materials_Microscopy\data\raw\Dataset\M_Bainite_6\589_M_Bainite_06.png,M_Bainite_6\589_M_Bainite_06.png,589_M_Bainite_06.png,589_M_Bainite_06,.png,96,96,RGB
D:\AI_Materials_Microscopy\data\raw\Dataset\M_Bainite_6\590_M_Bainite_06.png,M_Bainite_6\590_M_Bainite_06.png,590_M_Bainite_06.png,590_M_Bainite_06,.png,96,96,RGB
D:\AI_Materials_Microscopy\data\raw\Dataset\M_Bainite_6\591_M_Bainite_06.png,M_Bainite_6\591_M_Bainite_06.png,591_M_Bainite_06.png,591_M_Bainite_06,.png,96,96,RGB
D:\AI_Materials_Microscopy\data\raw\Dataset\M_Bainite_6\592_M_Bainite_06.png,M_Bainite_6\592_M_Bainite_06.png,592_M_Bainite_06.png,592_M_Bainite_06,.png,96,96,RGB
D:\AI_Materials_Microscopy\data\raw\Dataset\M_Bainite_6\593_M_Bainite_06.png,M_Bainite_6\593_M_Bainite_06.png,593_M_Bainite_06.png,593_M_Bainite_06,.png,96,96,RGB
D:\AI_Materials_Microscopy\data\raw\Dataset\M_Bainite_6\594_M_Bainite_06.png,M_Bainite_6\594_M_Bainite_06.png,594_M_Bainite_06.png,594_M_Bainite_06,.png,96,96,RGB
D:\AI_Materials_Microscopy\data\raw\Dataset\M_Bainite_6\595_M_Bainite_06.png,M_Bainite_6\595_M_Bainite_06.png,595_M_Bainite_06.png,595_M_Bainite_06,.png,96,96,RGB
D:\AI_Materials_Microscopy\data\raw\Dataset\M_Bainite_6\596_M_Bainite_06.png,M_Bainite_6\596_M_Bainite_06.png,596_M_Bainite_06.png,596_M_Bainite_06,.png,96,96,RGB
D:\AI_Materials_Microscopy\data\raw\Dataset\M_Bainite_6\597_M_Bainite_06.png,M_Bainite_6\597_M_Bainite_06.png,597_M_Bainite_06.png,597_M_Bainite_06,.png,96,96,RGB
D:\AI_Materials_Microscopy\data\raw\Dataset\M_Bainite_6\607_M_Bainite_06.png,M_Bainite_6\607_M_Bainite_06.png,607_M_Bainite_06.png,607_M_Bainite_06,.png,256,256,RGB
D:\AI_Materials_Microscopy\data\raw\Dataset\M_Bainite_6\608_M_Bainite_06.png,M_Bainite_6\608_M_Bainite_06.png,608_M_Bainite_06.png,608_M_Bainite_06,.png,256,256,RGB
D:\AI_Materials_Microscopy\data\raw\Dataset\M_Bainite_6\609_M_Bainite_06.png,M_Bainite_6\609_M_Bainite_06.png,609_M_Bainite_06.png,609_M_Bainite_06,.png,256,256,RGB
D:\AI_Materials_Microscopy\data\raw\Dataset\M_Bainite_6\610_M_Bainite_06.png,M_Bainite_6\610_M_Bainite_06.png,610_M_Bainite_06.png,610_M_Bainite_06,.png,256,256,RGB
D:\AI_Materials_Microscopy\data\raw\Dataset\M_Bainite_6\611_M_Bainite_06.png,M_Bainite_6\611_M_Bainite_06.png,611_M_Bainite_06.png,611_M_Bainite_06,.png,256,256,RGB
D:\AI_Materials_Microscopy\data\raw\Dataset\M_Bainite_6\612_M_Bainite_06.png,M_Bainite_6\612_M_Bainite_06.png,612_M_Bainite_06.png,612_M_Bainite_06,.png,256,256,RGB
D:\AI_Materials_Microscopy\data\raw\Dataset\M_Bainite_6\613_M_Bainite_06.png,M_Bainite_6\613_M_Bainite_06.png,613_M_Bainite_06.png,613_M_Bainite_06,.png,256,256,RGB
D:\AI_Materials_Microscopy\data\raw\Dataset\M_Bainite_6\614_M_Bainite_06.png,M_Bainite_6\614_M_Bainite_06.png,614_M_Bainite_06.png,614_M_Bainite_06,.png,256,256,RGB
D:\AI_Materials_Microscopy\data\raw\Dataset\M_Bainite_6\615_M_Bainite_06.png,M_Bainite_6\615_M_Bainite_06.png,615_M_Bainite_06.png,615_M_Bainite_06,.png,256,256,RGB
D:\AI_Materials_Microscopy\data\raw\Dataset\M_Bainite_6\625_M_Bainite_06.png,M_Bainite_6\625_M_Bainite_06.png,625_M_Bainite_06.png,625_M_Bainite_06,.png,256,256,RGB
D:\AI_Materials_Microscopy\data\raw\Dataset\M_Bainite_7\589_M_Bainite_07.png,M_Bainite_7\589_M_Bainite_07.png,589_M_Bainite_07.png,589_M_Bainite_07,.png,96,96,RGB
D:\AI_Materials_Microscopy\data\raw\Dataset\M_Bainite_7\590_M_Bainite_07.png,M_Bainite_7\590_M_Bainite_07.png,590_M_Bainite_07.png,590_M_Bainite_07,.png,96,96,RGB
D:\AI_Materials_Microscopy\data\raw\Dataset\M_Bainite_7\591_M_Bainite_07.png,M_Bainite_7\591_M_Bainite_07.png,591_M_Bainite_07.png,591_M_Bainite_07,.png,96,96,RGB
D:\AI_Materials_Microscopy\data\raw\Dataset\M_Bainite_7\592_M_Bainite_07.png,M_Bainite_7\592_M_Bainite_07.png,592_M_Bainite_07.png,592_M_Bainite_07,.png,96,96,RGB
D:\AI_Materials_Microscopy\data\raw\Dataset\M_Bainite_7\593_M_Bainite_07.png,M_Bainite_7\593_M_Bainite_07.png,593_M_Bainite_07.png,593_M_Bainite_07,.png,96,96,RGB
D:\AI_Materials_Microscopy\data\raw\Dataset\M_Bainite_7\594_M_Bainite_07.png,M_Bainite_7\594_M_Bainite_07.png,594_M_Bainite_07.png,594_M_Bainite_07,.png,96,96,RGB
D:\AI_Materials_Microscopy\data\raw\Dataset\M_Bainite_7\595_M_Bainite_07.png,M_Bainite_7\595_M_Bainite_07.png,595_M_Bainite_07.png,595_M_Bainite_07,.png,96,96,RGB
D:\AI_Materials_Microscopy\data\raw\Dataset\M_Bainite_7\596_M_Bainite_07.png,M_Bainite_7\596_M_Bainite_07.png,596_M_Bainite_07.png,596_M_Bainite_07,.png,96,96,RGB
D:\AI_Materials_Microscopy\data\raw\Dataset\M_Bainite_7\597_M_Bainite_07.png,M_Bainite_7\597_M_Bainite_07.png,597_M_Bainite_07.png,597_M_Bainite_07,.png,96,96,RGB
D:\AI_Materials_Microscopy\data\raw\Dataset\M_Bainite_7\607_M_Bainite_07.png,M_Bainite_7\607_M_Bainite_07.png,607_M_Bainite_07.png,607_M_Bainite_07,.png,256,256,RGB
D:\AI_Materials_Microscopy\data\raw\Dataset\M_Bainite_7\608_M_Bainite_07.png,M_Bainite_7\608_M_Bainite_07.png,608_M_Bainite_07.png,608_M_Bainite_07,.png,256,256,RGB
D:\AI_Materials_Microscopy\data\raw\Dataset\M_Bainite_7\609_M_Bainite_07.png,M_Bainite_7\609_M_Bainite_07.png,609_M_Bainite_07.png,609_M_Bainite_07,.png,256,256,RGB
D:\AI_Materials_Microscopy\data\raw\Dataset\M_Bainite_7\610_M_Bainite_07.png,M_Bainite_7\610_M_Bainite_07.png,610_M_Bainite_07.png,610_M_Bainite_07,.png,256,256,RGB
D:\AI_Materials_Microscopy\data\raw\Dataset\M_Bainite_7\611_M_Bainite_07.png,M_Bainite_7\611_M_Bainite_07.png,611_M_Bainite_07.png,611_M_Bainite_07,.png,256,256,RGB
D:\AI_Materials_Microscopy\data\raw\Dataset\M_Bainite_7\612_M_Bainite_07.png,M_Bainite_7\612_M_Bainite_07.png,612_M_Bainite_07.png,612_M_Bainite_07,.png,256,256,RGB
D:\AI_Materials_Microscopy\data\raw\Dataset\M_Bainite_7\613_M_Bainite_07.png,M_Bainite_7\613_M_Bainite_07.png,613_M_Bainite_07.png,613_M_Bainite_07,.png,256,256,RGB
D:\AI_Materials_Microscopy\data\raw\Dataset\M_Bainite_7\614_M_Bainite_07.png,M_Bainite_7\614_M_Bainite_07.png,614_M_Bainite_07.png,614_M_Bainite_07,.png,256,256,RGB
D:\AI_Materials_Microscopy\data\raw\Dataset\M_Bainite_7\615_M_Bainite_07.png,M_Bainite_7\615_M_Bainite_07.png,615_M_Bainite_07.png,615_M_Bainite_07,.png,256,256,RGB
D:\AI_Materials_Microscopy\data\raw\Dataset\M_Bainite_7\625_M_Bainite_07.png,M_Bainite_7\625_M_Bainite_07.png,625_M_Bainite_07.png,625_M_Bainite_07,.png,256,256,RGB
D:\AI_Materials_Microscopy\data\raw\Dataset\M_Bainite_8\589_M_Bainite_08.png,M_Bainite_8\589_M_Bainite_08.png,589_M_Bainite_08.png,589_M_Bainite_08,.png,96,96,RGB
D:\AI_Materials_Microscopy\data\raw\Dataset\M_Bainite_8\590_M_Bainite_08.png,M_Bainite_8\590_M_Bainite_08.png,590_M_Bainite_08.png,590_M_Bainite_08,.png,96,96,RGB
D:\AI_Materials_Microscopy\data\raw\Dataset\M_Bainite_8\591_M_Bainite_08.png,M_Bainite_8\591_M_Bainite_08.png,591_M_Bainite_08.png,591_M_Bainite_08,.png,96,96,RGB
D:\AI_Materials_Microscopy\data\raw\Dataset\M_Bainite_8\592_M_Bainite_08.png,M_Bainite_8\592_M_Bainite_08.png,592_M_Bainite_08.png,592_M_Bainite_08,.png,96,96,RGB
D:\AI_Materials_Microscopy\data\raw\Dataset\M_Bainite_8\593_M_Bainite_08.png,M_Bainite_8\593_M_Bainite_08.png,593_M_Bainite_08.png,593_M_Bainite_08,.png,96,96,RGB
D:\AI_Materials_Microscopy\data\raw\Dataset\M_Bainite_8\594_M_Bainite_08.png,M_Bainite_8\594_M_Bainite_08.png,594_M_Bainite_08.png,594_M_Bainite_08,.png,96,96,RGB
D:\AI_Materials_Microscopy\data\raw\Dataset\M_Bainite_8\595_M_Bainite_08.png,M_Bainite_8\595_M_Bainite_08.png,595_M_Bainite_08.png,595_M_Bainite_08,.png,96,96,RGB
D:\AI_Materials_Microscopy\data\raw\Dataset\M_Bainite_8\596_M_Bainite_08.png,M_Bainite_8\596_M_Bainite_08.png,596_M_Bainite_08.png,596_M_Bainite_08,.png,96,96,RGB
D:\AI_Materials_Microscopy\data\raw\Dataset\M_Bainite_8\597_M_Bainite_08.png,M_Bainite_8\597_M_Bainite_08.png,597_M_Bainite_08.png,597_M_Bainite_08,.png,96,96,RGB
D:\AI_Materials_Microscopy\data\raw\Dataset\M_Bainite_8\607_M_Bainite_08.png,M_Bainite_8\607_M_Bainite_08.png,607_M_Bainite_08.png,607_M_Bainite_08,.png,256,256,RGB
D:\AI_Materials_Microscopy\data\raw\Dataset\M_Bainite_8\608_M_Bainite_08.png,M_Bainite_8\608_M_Bainite_08.png,608_M_Bainite_08.png,608_M_Bainite_08,.png,256,256,RGB
D:\AI_Materials_Microscopy\data\raw\Dataset\M_Bainite_8\609_M_Bainite_08.png,M_Bainite_8\609_M_Bainite_08.png,609_M_Bainite_08.png,609_M_Bainite_08,.png,256,256,RGB
D:\AI_Materials_Microscopy\data\raw\Dataset\M_Bainite_8\610_M_Bainite_08.png,M_Bainite_8\610_M_Bainite_08.png,610_M_Bainite_08.png,610_M_Bainite_08,.png,256,256,RGB
D:\AI_Materials_Microscopy\data\raw\Dataset\M_Bainite_8\611_M_Bainite_08.png,M_Bainite_8\611_M_Bainite_08.png,611_M_Bainite_08.png,611_M_Bainite_08,.png,256,256,RGB
D:\AI_Materials_Microscopy\data\raw\Dataset\M_Bainite_8\612_M_Bainite_08.png,M_Bainite_8\612_M_Bainite_08.png,612_M_Bainite_08.png,612_M_Bainite_08,.png,256,256,RGB
D:\AI_Materials_Microscopy\data\raw\Dataset\M_Bainite_8\613_M_Bainite_08.png,M_Bainite_8\613_M_Bainite_08.png,613_M_Bainite_08.png,613_M_Bainite_08,.png,256,256,RGB
D:\AI_Materials_Microscopy\data\raw\Dataset\M_Bainite_8\614_M_Bainite_08.png,M_Bainite_8\614_M_Bainite_08.png,614_M_Bainite_08.png,614_M_Bainite_08,.png,256,256,RGB
D:\AI_Materials_Microscopy\data\raw\Dataset\M_Bainite_8\615_M_Bainite_08.png,M_Bainite_8\615_M_Bainite_08.png,615_M_Bainite_08.png,615_M_Bainite_08,.png,256,256,RGB
D:\AI_Materials_Microscopy\data\raw\Dataset\M_Bainite_8\625_M_Bainite_08.png,M_Bainite_8\625_M_Bainite_08.png,625_M_Bainite_08.png,625_M_Bainite_08,.png,256,256,RGB
D:\AI_Materials_Microscopy\data\raw\Dataset\M_Bainite_9\589_M_Bainite_09.png,M_Bainite_9\589_M_Bainite_09.png,589_M_Bainite_09.png,589_M_Bainite_09,.png,96,96,RGB
D:\AI_Materials_Microscopy\data\raw\Dataset\M_Bainite_9\590_M_Bainite_09.png,M_Bainite_9\590_M_Bainite_09.png,590_M_Bainite_09.png,590_M_Bainite_09,.png,96,96,RGB
D:\AI_Materials_Microscopy\data\raw\Dataset\M_Bainite_9\591_M_Bainite_09.png,M_Bainite_9\591_M_Bainite_09.png,591_M_Bainite_09.png,591_M_Bainite_09,.png,96,96,RGB
D:\AI_Materials_Microscopy\data\raw\Dataset\M_Bainite_9\592_M_Bainite_09.png,M_Bainite_9\592_M_Bainite_09.png,592_M_Bainite_09.png,592_M_Bainite_09,.png,96,96,RGB
D:\AI_Materials_Microscopy\data\raw\Dataset\M_Bainite_9\593_M_Bainite_09.png,M_Bainite_9\593_M_Bainite_09.png,593_M_Bainite_09.png,593_M_Bainite_09,.png,96,96,RGB
D:\AI_Materials_Microscopy\data\raw\Dataset\M_Bainite_9\594_M_Bainite_09.png,M_Bainite_9\594_M_Bainite_09.png,594_M_Bainite_09.png,594_M_Bainite_09,.png,96,96,RGB
D:\AI_Materials_Microscopy\data\raw\Dataset\M_Bainite_9\595_M_Bainite_09.png,M_Bainite_9\595_M_Bainite_09.png,595_M_Bainite_09.png,595_M_Bainite_09,.png,96,96,RGB
D:\AI_Materials_Microscopy\data\raw\Dataset\M_Bainite_9\596_M_Bainite_09.png,M_Bainite_9\596_M_Bainite_09.png,596_M_Bainite_09.png,596_M_Bainite_09,.png,96,96,RGB
D:\AI_Materials_Microscopy\data\raw\Dataset\M_Bainite_9\597_M_Bainite_09.png,M_Bainite_9\597_M_Bainite_09.png,597_M_Bainite_09.png,597_M_Bainite_09,.png,96,96,RGB
D:\AI_Materials_Microscopy\data\raw\Dataset\M_Bainite_9\607_M_Bainite_09.png,M_Bainite_9\607_M_Bainite_09.png,607_M_Bainite_09.png,607_M_Bainite_09,.png,256,256,RGB
D:\AI_Materials_Microscopy\data\raw\Dataset\M_Bainite_9\608_M_Bainite_09.png,M_Bainite_9\608_M_Bainite_09.png,608_M_Bainite_09.png,608_M_Bainite_09,.png,256,256,RGB
D:\AI_Materials_Microscopy\data\raw\Dataset\M_Bainite_9\609_M_Bainite_09.png,M_Bainite_9\609_M_Bainite_09.png,609_M_Bainite_09.png,609_M_Bainite_09,.png,256,256,RGB
D:\AI_Materials_Microscopy\data\raw\Dataset\M_Bainite_9\610_M_Bainite_09.png,M_Bainite_9\610_M_Bainite_09.png,610_M_Bainite_09.png,610_M_Bainite_09,.png,256,256,RGB
D:\AI_Materials_Microscopy\data\raw\Dataset\M_Bainite_9\611_M_Bainite_09.png,M_Bainite_9\611_M_Bainite_09.png,611_M_Bainite_09.png,611_M_Bainite_09,.png,256,256,RGB
D:\AI_Materials_Microscopy\data\raw\Dataset\M_Bainite_9\612_M_Bainite_09.png,M_Bainite_9\612_M_Bainite_09.png,612_M_Bainite_09.png,612_M_Bainite_09,.png,256,256,RGB
D:\AI_Materials_Microscopy\data\raw\Dataset\M_Bainite_9\613_M_Bainite_09.png,M_Bainite_9\613_M_Bainite_09.png,613_M_Bainite_09.png,613_M_Bainite_09,.png,256,256,RGB
D:\AI_Materials_Microscopy\data\raw\Dataset\M_Bainite_9\614_M_Bainite_09.png,M_Bainite_9\614_M_Bainite_09.png,614_M_Bainite_09.png,614_M_Bainite_09,.png,256,256,RGB
D:\AI_Materials_Microscopy\data\raw\Dataset\M_Bainite_9\615_M_Bainite_09.png,M_Bainite_9\615_M_Bainite_09.png,615_M_Bainite_09.png,615_M_Bainite_09,.png,256,256,RGB
D:\AI_Materials_Microscopy\data\raw\Dataset\M_Bainite_9\625_M_Bainite_09.png,M_Bainite_9\625_M_Bainite_09.png,625_M_Bainite_09.png,625_M_Bainite_09,.png,256,256,RGB
D:\AI_Materials_Microscopy\data\raw\Dataset\M_Martensite_1\589_M_Martensite_01.png,M_Martensite_1\589_M_Martensite_01.png,589_M_Martensite_01.png,589_M_Martensite_01,.png,96,96,RGB
D:\AI_Materials_Microscopy\data\raw\Dataset\M_Martensite_1\590_M_Martensite_01.png,M_Martensite_1\590_M_Martensite_01.png,590_M_Martensite_01.png,590_M_Martensite_01,.png,96,96,RGB
D:\AI_Materials_Microscopy\data\raw\Dataset\M_Martensite_1\591_M_Martensite_01.png,M_Martensite_1\591_M_Martensite_01.png,591_M_Martensite_01.png,591_M_Martensite_01,.png,96,96,RGB
D:\AI_Materials_Microscopy\data\raw\Dataset\M_Martensite_1\592_M_Martensite_01.png,M_Martensite_1\592_M_Martensite_01.png,592_M_Martensite_01.png,592_M_Martensite_01,.png,96,96,RGB
D:\AI_Materials_Microscopy\data\raw\Dataset\M_Martensite_1\593_M_Martensite_01.png,M_Martensite_1\593_M_Martensite_01.png,593_M_Martensite_01.png,593_M_Martensite_01,.png,96,96,RGB
D:\AI_Materials_Microscopy\data\raw\Dataset\M_Martensite_1\594_M_Martensite_01.png,M_Martensite_1\594_M_Martensite_01.png,594_M_Martensite_01.png,594_M_Martensite_01,.png,96,96,RGB
D:\AI_Materials_Microscopy\data\raw\Dataset\M_Martensite_1\595_M_Martensite_01.png,M_Martensite_1\595_M_Martensite_01.png,595_M_Martensite_01.png,595_M_Martensite_01,.png,96,96,RGB
D:\AI_Materials_Microscopy\data\raw\Dataset\M_Martensite_1\596_M_Martensite_01.png,M_Martensite_1\596_M_Martensite_01.png,596_M_Martensite_01.png,596_M_Martensite_01,.png,96,96,RGB
D:\AI_Materials_Microscopy\data\raw\Dataset\M_Martensite_1\597_M_Martensite_01.png,M_Martensite_1\597_M_Martensite_01.png,597_M_Martensite_01.png,597_M_Martensite_01,.png,96,96,RGB
D:\AI_Materials_Microscopy\data\raw\Dataset\M_Martensite_1\607_M_Martensite_01.png,M_Martensite_1\607_M_Martensite_01.png,607_M_Martensite_01.png,607_M_Martensite_01,.png,256,256,RGB
D:\AI_Materials_Microscopy\data\raw\Dataset\M_Martensite_1\608_M_Martensite_01.png,M_Martensite_1\608_M_Martensite_01.png,608_M_Martensite_01.png,608_M_Martensite_01,.png,256,256,RGB
D:\AI_Materials_Microscopy\data\raw\Dataset\M_Martensite_1\609_M_Martensite_01.png,M_Martensite_1\609_M_Martensite_01.png,609_M_Martensite_01.png,609_M_Martensite_01,.png,256,256,RGB
D:\AI_Materials_Microscopy\data\raw\Dataset\M_Martensite_1\610_M_Martensite_01.png,M_Martensite_1\610_M_Martensite_01.png,610_M_Martensite_01.png,610_M_Martensite_01,.png,256,256,RGB
D:\AI_Materials_Microscopy\data\raw\Dataset\M_Martensite_1\611_M_Martensite_01.png,M_Martensite_1\611_M_Martensite_01.png,611_M_Martensite_01.png,611_M_Martensite_01,.png,256,256,RGB
D:\AI_Materials_Microscopy\data\raw\Dataset\M_Martensite_1\612_M_Martensite_01.png,M_Martensite_1\612_M_Martensite_01.png,612_M_Martensite_01.png,612_M_Martensite_01,.png,256,256,RGB
D:\AI_Materials_Microscopy\data\raw\Dataset\M_Martensite_1\613_M_Martensite_01.png,M_Martensite_1\613_M_Martensite_01.png,613_M_Martensite_01.png,613_M_Martensite_01,.png,256,256,RGB
D:\AI_Materials_Microscopy\data\raw\Dataset\M_Martensite_1\614_M_Martensite_01.png,M_Martensite_1\614_M_Martensite_01.png,614_M_Martensite_01.png,614_M_Martensite_01,.png,256,256,RGB
D:\AI_Materials_Microscopy\data\raw\Dataset\M_Martensite_1\615_M_Martensite_01.png,M_Martensite_1\615_M_Martensite_01.png,615_M_Martensite_01.png,615_M_Martensite_01,.png,256,256,RGB
D:\AI_Materials_Microscopy\data\raw\Dataset\M_Martensite_1\625_M_Martensite_01.png,M_Martensite_1\625_M_Martensite_01.png,625_M_Martensite_01.png,625_M_Martensite_01,.png,256,256,RGB
D:\AI_Materials_Microscopy\data\raw\Dataset\M_Martensite_2\589_M_Martensite_02.png,M_Martensite_2\589_M_Martensite_02.png,589_M_Martensite_02.png,589_M_Martensite_02,.png,96,96,RGB
D:\AI_Materials_Microscopy\data\raw\Dataset\M_Martensite_2\590_M_Martensite_02.png,M_Martensite_2\590_M_Martensite_02.png,590_M_Martensite_02.png,590_M_Martensite_02,.png,96,96,RGB
D:\AI_Materials_Microscopy\data\raw\Dataset\M_Martensite_2\591_M_Martensite_02.png,M_Martensite_2\591_M_Martensite_02.png,591_M_Martensite_02.png,591_M_Martensite_02,.png,96,96,RGB
D:\AI_Materials_Microscopy\data\raw\Dataset\M_Martensite_2\592_M_Martensite_02.png,M_Martensite_2\592_M_Martensite_02.png,592_M_Martensite_02.png,592_M_Martensite_02,.png,96,96,RGB
D:\AI_Materials_Microscopy\data\raw\Dataset\M_Martensite_2\593_M_Martensite_02.png,M_Martensite_2\593_M_Martensite_02.png,593_M_Martensite_02.png,593_M_Martensite_02,.png,96,96,RGB
D:\AI_Materials_Microscopy\data\raw\Dataset\M_Martensite_2\594_M_Martensite_02.png,M_Martensite_2\594_M_Martensite_02.png,594_M_Martensite_02.png,594_M_Martensite_02,.png,96,96,RGB
D:\AI_Materials_Microscopy\data\raw\Dataset\M_Martensite_2\595_M_Martensite_02.png,M_Martensite_2\595_M_Martensite_02.png,595_M_Martensite_02.png,595_M_Martensite_02,.png,96,96,RGB
D:\AI_Materials_Microscopy\data\raw\Dataset\M_Martensite_2\596_M_Martensite_02.png,M_Martensite_2\596_M_Martensite_02.png,596_M_Martensite_02.png,596_M_Martensite_02,.png,96,96,RGB
D:\AI_Materials_Microscopy\data\raw\Dataset\M_Martensite_2\597_M_Martensite_02.png,M_Martensite_2\597_M_Martensite_02.png,597_M_Martensite_02.png,597_M_Martensite_02,.png,96,96,RGB
D:\AI_Materials_Microscopy\data\raw\Dataset\M_Martensite_2\607_M_Martensite_02.png,M_Martensite_2\607_M_Martensite_02.png,607_M_Martensite_02.png,607_M_Martensite_02,.png,256,256,RGB
D:\AI_Materials_Microscopy\data\raw\Dataset\M_Martensite_2\608_M_Martensite_02.png,M_Martensite_2\608_M_Martensite_02.png,608_M_Martensite_02.png,608_M_Martensite_02,.png,256,256,RGB
D:\AI_Materials_Microscopy\data\raw\Dataset\M_Martensite_2\609_M_Martensite_02.png,M_Martensite_2\609_M_Martensite_02.png,609_M_Martensite_02.png,609_M_Martensite_02,.png,256,256,RGB
D:\AI_Materials_Microscopy\data\raw\Dataset\M_Martensite_2\610_M_Martensite_02.png,M_Martensite_2\610_M_Martensite_02.png,610_M_Martensite_02.png,610_M_Martensite_02,.png,256,256,RGB
D:\AI_Materials_Microscopy\data\raw\Dataset\M_Martensite_2\611_M_Martensite_02.png,M_Martensite_2\611_M_Martensite_02.png,611_M_Martensite_02.png,611_M_Martensite_02,.png,256,256,RGB
D:\AI_Materials_Microscopy\data\raw\Dataset\M_Martensite_2\612_M_Martensite_02.png,M_Martensite_2\612_M_Martensite_02.png,612_M_Martensite_02.png,612_M_Martensite_02,.png,256,256,RGB
D:\AI_Materials_Microscopy\data\raw\Dataset\M_Martensite_2\613_M_Martensite_02.png,M_Martensite_2\613_M_Martensite_02.png,613_M_Martensite_02.png,613_M_Martensite_02,.png,256,256,RGB
D:\AI_Materials_Microscopy\data\raw\Dataset\M_Martensite_2\614_M_Martensite_02.png,M_Martensite_2\614_M_Martensite_02.png,614_M_Martensite_02.png,614_M_Martensite_02,.png,256,256,RGB
D:\AI_Materials_Microscopy\data\raw\Dataset\M_Martensite_2\615_M_Martensite_02.png,M_Martensite_2\615_M_Martensite_02.png,615_M_Martensite_02.png,615_M_Martensite_02,.png,256,256,RGB
D:\AI_Materials_Microscopy\data\raw\Dataset\M_Martensite_2\625_M_Martensite_02.png,M_Martensite_2\625_M_Martensite_02.png,625_M_Martensite_02.png,625_M_Martensite_02,.png,256,256,RGB
D:\AI_Materials_Microscopy\data\raw\Dataset\N_Bainite_1\627_N_Bainite_01.png,N_Bainite_1\627_N_Bainite_01.png,627_N_Bainite_01.png,627_N_Bainite_01,.png,96,96,RGB
D:\AI_Materials_Microscopy\data\raw\Dataset\N_Bainite_1\628_N_Bainite_01.png,N_Bainite_1\628_N_Bainite_01.png,628_N_Bainite_01.png,628_N_Bainite_01,.png,96,96,RGB
D:\AI_Materials_Microscopy\data\raw\Dataset\N_Bainite_1\629_N_Bainite_01.png,N_Bainite_1\629_N_Bainite_01.png,629_N_Bainite_01.png,629_N_Bainite_01,.png,96,96,RGB
D:\AI_Materials_Microscopy\data\raw\Dataset\N_Bainite_1\630_N_Bainite_01.png,N_Bainite_1\630_N_Bainite_01.png,630_N_Bainite_01.png,630_N_Bainite_01,.png,96,96,RGB
D:\AI_Materials_Microscopy\data\raw\Dataset\N_Bainite_1\631_N_Bainite_01.png,N_Bainite_1\631_N_Bainite_01.png,631_N_Bainite_01.png,631_N_Bainite_01,.png,96,96,RGB
D:\AI_Materials_Microscopy\data\raw\Dataset\N_Bainite_1\632_N_Bainite_01.png,N_Bainite_1\632_N_Bainite_01.png,632_N_Bainite_01.png,632_N_Bainite_01,.png,96,96,RGB
D:\AI_Materials_Microscopy\data\raw\Dataset\N_Bainite_1\633_N_Bainite_01.png,N_Bainite_1\633_N_Bainite_01.png,633_N_Bainite_01.png,633_N_Bainite_01,.png,96,96,RGB
D:\AI_Materials_Microscopy\data\raw\Dataset\N_Bainite_1\634_N_Bainite_01.png,N_Bainite_1\634_N_Bainite_01.png,634_N_Bainite_01.png,634_N_Bainite_01,.png,96,96,RGB
D:\AI_Materials_Microscopy\data\raw\Dataset\N_Bainite_1\635_N_Bainite_01.png,N_Bainite_1\635_N_Bainite_01.png,635_N_Bainite_01.png,635_N_Bainite_01,.png,96,96,RGB
D:\AI_Materials_Microscopy\data\raw\Dataset\N_Bainite_1\636_N_Bainite_01.png,N_Bainite_1\636_N_Bainite_01.png,636_N_Bainite_01.png,636_N_Bainite_01,.png,256,256,RGB
D:\AI_Materials_Microscopy\data\raw\Dataset\N_Bainite_1\637_N_Bainite_01.png,N_Bainite_1\637_N_Bainite_01.png,637_N_Bainite_01.png,637_N_Bainite_01,.png,256,256,RGB
D:\AI_Materials_Microscopy\data\raw\Dataset\N_Bainite_1\638_N_Bainite_01.png,N_Bainite_1\638_N_Bainite_01.png,638_N_Bainite_01.png,638_N_Bainite_01,.png,256,256,RGB
D:\AI_Materials_Microscopy\data\raw\Dataset\N_Bainite_1\639_N_Bainite_01.png,N_Bainite_1\639_N_Bainite_01.png,639_N_Bainite_01.png,639_N_Bainite_01,.png,256,256,RGB
D:\AI_Materials_Microscopy\data\raw\Dataset\N_Bainite_1\640_N_Bainite_01.png,N_Bainite_1\640_N_Bainite_01.png,640_N_Bainite_01.png,640_N_Bainite_01,.png,256,256,RGB
D:\AI_Materials_Microscopy\data\raw\Dataset\N_Bainite_1\641_N_Bainite_01.png,N_Bainite_1\641_N_Bainite_01.png,641_N_Bainite_01.png,641_N_Bainite_01,.png,256,256,RGB
D:\AI_Materials_Microscopy\data\raw\Dataset\N_Bainite_1\642_N_Bainite_01.png,N_Bainite_1\642_N_Bainite_01.png,642_N_Bainite_01.png,642_N_Bainite_01,.png,256,256,RGB
D:\AI_Materials_Microscopy\data\raw\Dataset\N_Bainite_1\643_N_Bainite_01.png,N_Bainite_1\643_N_Bainite_01.png,643_N_Bainite_01.png,643_N_Bainite_01,.png,256,256,RGB
D:\AI_Materials_Microscopy\data\raw\Dataset\N_Bainite_1\644_N_Bainite_01.png,N_Bainite_1\644_N_Bainite_01.png,644_N_Bainite_01.png,644_N_Bainite_01,.png,256,256,RGB
D:\AI_Materials_Microscopy\data\raw\Dataset\N_Bainite_1\645_N_Bainite_01.png,N_Bainite_1\645_N_Bainite_01.png,645_N_Bainite_01.png,645_N_Bainite_01,.png,256,256,RGB
D:\AI_Materials_Microscopy\data\raw\Dataset\N_Bainite_2\627_N_Bainite_02.png,N_Bainite_2\627_N_Bainite_02.png,627_N_Bainite_02.png,627_N_Bainite_02,.png,96,96,RGB
D:\AI_Materials_Microscopy\data\raw\Dataset\N_Bainite_2\628_N_Bainite_02.png,N_Bainite_2\628_N_Bainite_02.png,628_N_Bainite_02.png,628_N_Bainite_02,.png,96,96,RGB
D:\AI_Materials_Microscopy\data\raw\Dataset\N_Bainite_2\629_N_Bainite_02.png,N_Bainite_2\629_N_Bainite_02.png,629_N_Bainite_02.png,629_N_Bainite_02,.png,96,96,RGB
D:\AI_Materials_Microscopy\data\raw\Dataset\N_Bainite_2\630_N_Bainite_02.png,N_Bainite_2\630_N_Bainite_02.png,630_N_Bainite_02.png,630_N_Bainite_02,.png,96,96,RGB
D:\AI_Materials_Microscopy\data\raw\Dataset\N_Bainite_2\631_N_Bainite_02.png,N_Bainite_2\631_N_Bainite_02.png,631_N_Bainite_02.png,631_N_Bainite_02,.png,96,96,RGB
D:\AI_Materials_Microscopy\data\raw\Dataset\N_Bainite_2\632_N_Bainite_02.png,N_Bainite_2\632_N_Bainite_02.png,632_N_Bainite_02.png,632_N_Bainite_02,.png,96,96,RGB
D:\AI_Materials_Microscopy\data\raw\Dataset\N_Bainite_2\633_N_Bainite_02.png,N_Bainite_2\633_N_Bainite_02.png,633_N_Bainite_02.png,633_N_Bainite_02,.png,96,96,RGB
D:\AI_Materials_Microscopy\data\raw\Dataset\N_Bainite_2\634_N_Bainite_02.png,N_Bainite_2\634_N_Bainite_02.png,634_N_Bainite_02.png,634_N_Bainite_02,.png,96,96,RGB
D:\AI_Materials_Microscopy\data\raw\Dataset\N_Bainite_2\635_N_Bainite_02.png,N_Bainite_2\635_N_Bainite_02.png,635_N_Bainite_02.png,635_N_Bainite_02,.png,96,96,RGB
D:\AI_Materials_Microscopy\data\raw\Dataset\N_Bainite_2\636_N_Bainite_02.png,N_Bainite_2\636_N_Bainite_02.png,636_N_Bainite_02.png,636_N_Bainite_02,.png,256,256,RGB
D:\AI_Materials_Microscopy\data\raw\Dataset\N_Bainite_2\637_N_Bainite_02.png,N_Bainite_2\637_N_Bainite_02.png,637_N_Bainite_02.png,637_N_Bainite_02,.png,256,256,RGB
D:\AI_Materials_Microscopy\data\raw\Dataset\N_Bainite_2\638_N_Bainite_02.png,N_Bainite_2\638_N_Bainite_02.png,638_N_Bainite_02.png,638_N_Bainite_02,.png,256,256,RGB
D:\AI_Materials_Microscopy\data\raw\Dataset\N_Bainite_2\639_N_Bainite_02.png,N_Bainite_2\639_N_Bainite_02.png,639_N_Bainite_02.png,639_N_Bainite_02,.png,256,256,RGB
D:\AI_Materials_Microscopy\data\raw\Dataset\N_Bainite_2\640_N_Bainite_02.png,N_Bainite_2\640_N_Bainite_02.png,640_N_Bainite_02.png,640_N_Bainite_02,.png,256,256,RGB
D:\AI_Materials_Microscopy\data\raw\Dataset\N_Bainite_2\641_N_Bainite_02.png,N_Bainite_2\641_N_Bainite_02.png,641_N_Bainite_02.png,641_N_Bainite_02,.png,256,256,RGB
D:\AI_Materials_Microscopy\data\raw\Dataset\N_Bainite_2\642_N_Bainite_02.png,N_Bainite_2\642_N_Bainite_02.png,642_N_Bainite_02.png,642_N_Bainite_02,.png,256,256,RGB
D:\AI_Materials_Microscopy\data\raw\Dataset\N_Bainite_2\643_N_Bainite_02.png,N_Bainite_2\643_N_Bainite_02.png,643_N_Bainite_02.png,643_N_Bainite_02,.png,256,256,RGB
D:\AI_Materials_Microscopy\data\raw\Dataset\N_Bainite_2\644_N_Bainite_02.png,N_Bainite_2\644_N_Bainite_02.png,644_N_Bainite_02.png,644_N_Bainite_02,.png,256,256,RGB
D:\AI_Materials_Microscopy\data\raw\Dataset\N_Bainite_2\645_N_Bainite_02.png,N_Bainite_2\645_N_Bainite_02.png,645_N_Bainite_02.png,645_N_Bainite_02,.png,256,256,RGB
D:\AI_Materials_Microscopy\data\raw\Dataset\N_Bainite_3\627_N_Bainite_03.png,N_Bainite_3\627_N_Bainite_03.png,627_N_Bainite_03.png,627_N_Bainite_03,.png,96,96,RGB
D:\AI_Materials_Microscopy\data\raw\Dataset\N_Bainite_3\628_N_Bainite_03.png,N_Bainite_3\628_N_Bainite_03.png,628_N_Bainite_03.png,628_N_Bainite_03,.png,96,96,RGB
D:\AI_Materials_Microscopy\data\raw\Dataset\N_Bainite_3\629_N_Bainite_03.png,N_Bainite_3\629_N_Bainite_03.png,629_N_Bainite_03.png,629_N_Bainite_03,.png,96,96,RGB
D:\AI_Materials_Microscopy\data\raw\Dataset\N_Bainite_3\630_N_Bainite_03.png,N_Bainite_3\630_N_Bainite_03.png,630_N_Bainite_03.png,630_N_Bainite_03,.png,96,96,RGB
D:\AI_Materials_Microscopy\data\raw\Dataset\N_Bainite_3\631_N_Bainite_03.png,N_Bainite_3\631_N_Bainite_03.png,631_N_Bainite_03.png,631_N_Bainite_03,.png,96,96,RGB
D:\AI_Materials_Microscopy\data\raw\Dataset\N_Bainite_3\632_N_Bainite_03.png,N_Bainite_3\632_N_Bainite_03.png,632_N_Bainite_03.png,632_N_Bainite_03,.png,96,96,RGB
D:\AI_Materials_Microscopy\data\raw\Dataset\N_Bainite_3\633_N_Bainite_03.png,N_Bainite_3\633_N_Bainite_03.png,633_N_Bainite_03.png,633_N_Bainite_03,.png,96,96,RGB
D:\AI_Materials_Microscopy\data\raw\Dataset\N_Bainite_3\634_N_Bainite_03.png,N_Bainite_3\634_N_Bainite_03.png,634_N_Bainite_03.png,634_N_Bainite_03,.png,96,96,RGB
D:\AI_Materials_Microscopy\data\raw\Dataset\N_Bainite_3\635_N_Bainite_03.png,N_Bainite_3\635_N_Bainite_03.png,635_N_Bainite_03.png,635_N_Bainite_03,.png,96,96,RGB
D:\AI_Materials_Microscopy\data\raw\Dataset\N_Bainite_3\636_N_Bainite_03.png,N_Bainite_3\636_N_Bainite_03.png,636_N_Bainite_03.png,636_N_Bainite_03,.png,256,256,RGB
D:\AI_Materials_Microscopy\data\raw\Dataset\N_Bainite_3\637_N_Bainite_03.png,N_Bainite_3\637_N_Bainite_03.png,637_N_Bainite_03.png,637_N_Bainite_03,.png,256,256,RGB
D:\AI_Materials_Microscopy\data\raw\Dataset\N_Bainite_3\638_N_Bainite_03.png,N_Bainite_3\638_N_Bainite_03.png,638_N_Bainite_03.png,638_N_Bainite_03,.png,256,256,RGB
D:\AI_Materials_Microscopy\data\raw\Dataset\N_Bainite_3\639_N_Bainite_03.png,N_Bainite_3\639_N_Bainite_03.png,639_N_Bainite_03.png,639_N_Bainite_03,.png,256,256,RGB
D:\AI_Materials_Microscopy\data\raw\Dataset\N_Bainite_3\640_N_Bainite_03.png,N_Bainite_3\640_N_Bainite_03.png,640_N_Bainite_03.png,640_N_Bainite_03,.png,256,256,RGB
D:\AI_Materials_Microscopy\data\raw\Dataset\N_Bainite_3\641_N_Bainite_03.png,N_Bainite_3\641_N_Bainite_03.png,641_N_Bainite_03.png,641_N_Bainite_03,.png,256,256,RGB
D:\AI_Materials_Microscopy\data\raw\Dataset\N_Bainite_3\642_N_Bainite_03.png,N_Bainite_3\642_N_Bainite_03.png,642_N_Bainite_03.png,642_N_Bainite_03,.png,256,256,RGB
D:\AI_Materials_Microscopy\data\raw\Dataset\N_Bainite_3\643_N_Bainite_03.png,N_Bainite_3\643_N_Bainite_03.png,643_N_Bainite_03.png,643_N_Bainite_03,.png,256,256,RGB
D:\AI_Materials_Microscopy\data\raw\Dataset\N_Bainite_3\644_N_Bainite_03.png,N_Bainite_3\644_N_Bainite_03.png,644_N_Bainite_03.png,644_N_Bainite_03,.png,256,256,RGB
D:\AI_Materials_Microscopy\data\raw\Dataset\N_Bainite_3\645_N_Bainite_03.png,N_Bainite_3\645_N_Bainite_03.png,645_N_Bainite_03.png,645_N_Bainite_03,.png,256,256,RGB
D:\AI_Materials_Microscopy\data\raw\Dataset\N_Bainite_4\627_N_Bainite_04.png,N_Bainite_4\627_N_Bainite_04.png,627_N_Bainite_04.png,627_N_Bainite_04,.png,96,96,RGB
D:\AI_Materials_Microscopy\data\raw\Dataset\N_Bainite_4\628_N_Bainite_04.png,N_Bainite_4\628_N_Bainite_04.png,628_N_Bainite_04.png,628_N_Bainite_04,.png,96,96,RGB
D:\AI_Materials_Microscopy\data\raw\Dataset\N_Bainite_4\629_N_Bainite_04.png,N_Bainite_4\629_N_Bainite_04.png,629_N_Bainite_04.png,629_N_Bainite_04,.png,96,96,RGB
D:\AI_Materials_Microscopy\data\raw\Dataset\N_Bainite_4\630_N_Bainite_04.png,N_Bainite_4\630_N_Bainite_04.png,630_N_Bainite_04.png,630_N_Bainite_04,.png,96,96,RGB
D:\AI_Materials_Microscopy\data\raw\Dataset\N_Bainite_4\631_N_Bainite_04.png,N_Bainite_4\631_N_Bainite_04.png,631_N_Bainite_04.png,631_N_Bainite_04,.png,96,96,RGB
D:\AI_Materials_Microscopy\data\raw\Dataset\N_Bainite_4\632_N_Bainite_04.png,N_Bainite_4\632_N_Bainite_04.png,632_N_Bainite_04.png,632_N_Bainite_04,.png,96,96,RGB
D:\AI_Materials_Microscopy\data\raw\Dataset\N_Bainite_4\633_N_Bainite_04.png,N_Bainite_4\633_N_Bainite_04.png,633_N_Bainite_04.png,633_N_Bainite_04,.png,96,96,RGB
D:\AI_Materials_Microscopy\data\raw\Dataset\N_Bainite_4\634_N_Bainite_04.png,N_Bainite_4\634_N_Bainite_04.png,634_N_Bainite_04.png,634_N_Bainite_04,.png,96,96,RGB
D:\AI_Materials_Microscopy\data\raw\Dataset\N_Bainite_4\635_N_Bainite_04.png,N_Bainite_4\635_N_Bainite_04.png,635_N_Bainite_04.png,635_N_Bainite_04,.png,96,96,RGB
D:\AI_Materials_Microscopy\data\raw\Dataset\N_Bainite_4\636_N_Bainite_04.png,N_Bainite_4\636_N_Bainite_04.png,636_N_Bainite_04.png,636_N_Bainite_04,.png,256,256,RGB
D:\AI_Materials_Microscopy\data\raw\Dataset\N_Bainite_4\637_N_Bainite_04.png,N_Bainite_4\637_N_Bainite_04.png,637_N_Bainite_04.png,637_N_Bainite_04,.png,256,256,RGB
D:\AI_Materials_Microscopy\data\raw\Dataset\N_Bainite_4\638_N_Bainite_04.png,N_Bainite_4\638_N_Bainite_04.png,638_N_Bainite_04.png,638_N_Bainite_04,.png,256,256,RGB
D:\AI_Materials_Microscopy\data\raw\Dataset\N_Bainite_4\639_N_Bainite_04.png,N_Bainite_4\639_N_Bainite_04.png,639_N_Bainite_04.png,639_N_Bainite_04,.png,256,256,RGB
D:\AI_Materials_Microscopy\data\raw\Dataset\N_Bainite_4\640_N_Bainite_04.png,N_Bainite_4\640_N_Bainite_04.png,640_N_Bainite_04.png,640_N_Bainite_04,.png,256,256,RGB
D:\AI_Materials_Microscopy\data\raw\Dataset\N_Bainite_4\641_N_Bainite_04.png,N_Bainite_4\641_N_Bainite_04.png,641_N_Bainite_04.png,641_N_Bainite_04,.png,256,256,RGB
D:\AI_Materials_Microscopy\data\raw\Dataset\N_Bainite_4\642_N_Bainite_04.png,N_Bainite_4\642_N_Bainite_04.png,642_N_Bainite_04.png,642_N_Bainite_04,.png,256,256,RGB
D:\AI_Materials_Microscopy\data\raw\Dataset\N_Bainite_4\643_N_Bainite_04.png,N_Bainite_4\643_N_Bainite_04.png,643_N_Bainite_04.png,643_N_Bainite_04,.png,256,256,RGB
D:\AI_Materials_Microscopy\data\raw\Dataset\N_Bainite_4\644_N_Bainite_04.png,N_Bainite_4\644_N_Bainite_04.png,644_N_Bainite_04.png,644_N_Bainite_04,.png,256,256,RGB
D:\AI_Materials_Microscopy\data\raw\Dataset\N_Bainite_4\645_N_Bainite_04.png,N_Bainite_4\645_N_Bainite_04.png,645_N_Bainite_04.png,645_N_Bainite_04,.png,256,256,RGB
D:\AI_Materials_Microscopy\data\raw\Dataset\N_Bainite_5\627_N_Bainite_05.png,N_Bainite_5\627_N_Bainite_05.png,627_N_Bainite_05.png,627_N_Bainite_05,.png,96,96,RGB
D:\AI_Materials_Microscopy\data\raw\Dataset\N_Bainite_5\628_N_Bainite_05.png,N_Bainite_5\628_N_Bainite_05.png,628_N_Bainite_05.png,628_N_Bainite_05,.png,96,96,RGB
D:\AI_Materials_Microscopy\data\raw\Dataset\N_Bainite_5\629_N_Bainite_05.png,N_Bainite_5\629_N_Bainite_05.png,629_N_Bainite_05.png,629_N_Bainite_05,.png,96,96,RGB
D:\AI_Materials_Microscopy\data\raw\Dataset\N_Bainite_5\630_N_Bainite_05.png,N_Bainite_5\630_N_Bainite_05.png,630_N_Bainite_05.png,630_N_Bainite_05,.png,96,96,RGB
D:\AI_Materials_Microscopy\data\raw\Dataset\N_Bainite_5\631_N_Bainite_05.png,N_Bainite_5\631_N_Bainite_05.png,631_N_Bainite_05.png,631_N_Bainite_05,.png,96,96,RGB
D:\AI_Materials_Microscopy\data\raw\Dataset\N_Bainite_5\632_N_Bainite_05.png,N_Bainite_5\632_N_Bainite_05.png,632_N_Bainite_05.png,632_N_Bainite_05,.png,96,96,RGB
D:\AI_Materials_Microscopy\data\raw\Dataset\N_Bainite_5\633_N_Bainite_05.png,N_Bainite_5\633_N_Bainite_05.png,633_N_Bainite_05.png,633_N_Bainite_05,.png,96,96,RGB
D:\AI_Materials_Microscopy\data\raw\Dataset\N_Bainite_5\634_N_Bainite_05.png,N_Bainite_5\634_N_Bainite_05.png,634_N_Bainite_05.png,634_N_Bainite_05,.png,96,96,RGB
D:\AI_Materials_Microscopy\data\raw\Dataset\N_Bainite_5\635_N_Bainite_05.png,N_Bainite_5\635_N_Bainite_05.png,635_N_Bainite_05.png,635_N_Bainite_05,.png,96,96,RGB
D:\AI_Materials_Microscopy\data\raw\Dataset\N_Bainite_5\636_N_Bainite_05.png,N_Bainite_5\636_N_Bainite_05.png,636_N_Bainite_05.png,636_N_Bainite_05,.png,256,256,RGB
D:\AI_Materials_Microscopy\data\raw\Dataset\N_Bainite_5\637_N_Bainite_05.png,N_Bainite_5\637_N_Bainite_05.png,637_N_Bainite_05.png,637_N_Bainite_05,.png,256,256,RGB
D:\AI_Materials_Microscopy\data\raw\Dataset\N_Bainite_5\638_N_Bainite_05.png,N_Bainite_5\638_N_Bainite_05.png,638_N_Bainite_05.png,638_N_Bainite_05,.png,256,256,RGB
D:\AI_Materials_Microscopy\data\raw\Dataset\N_Bainite_5\639_N_Bainite_05.png,N_Bainite_5\639_N_Bainite_05.png,639_N_Bainite_05.png,639_N_Bainite_05,.png,256,256,RGB
D:\AI_Materials_Microscopy\data\raw\Dataset\N_Bainite_5\640_N_Bainite_05.png,N_Bainite_5\640_N_Bainite_05.png,640_N_Bainite_05.png,640_N_Bainite_05,.png,256,256,RGB
D:\AI_Materials_Microscopy\data\raw\Dataset\N_Bainite_5\641_N_Bainite_05.png,N_Bainite_5\641_N_Bainite_05.png,641_N_Bainite_05.png,641_N_Bainite_05,.png,256,256,RGB
D:\AI_Materials_Microscopy\data\raw\Dataset\N_Bainite_5\642_N_Bainite_05.png,N_Bainite_5\642_N_Bainite_05.png,642_N_Bainite_05.png,642_N_Bainite_05,.png,256,256,RGB
D:\AI_Materials_Microscopy\data\raw\Dataset\N_Bainite_5\643_N_Bainite_05.png,N_Bainite_5\643_N_Bainite_05.png,643_N_Bainite_05.png,643_N_Bainite_05,.png,256,256,RGB
D:\AI_Materials_Microscopy\data\raw\Dataset\N_Bainite_5\644_N_Bainite_05.png,N_Bainite_5\644_N_Bainite_05.png,644_N_Bainite_05.png,644_N_Bainite_05,.png,256,256,RGB
D:\AI_Materials_Microscopy\data\raw\Dataset\N_Bainite_5\645_N_Bainite_05.png,N_Bainite_5\645_N_Bainite_05.png,645_N_Bainite_05.png,645_N_Bainite_05,.png,256,256,RGB
D:\AI_Materials_Microscopy\data\raw\Dataset\N_Martensite_1\627_N_Martensite_01.png,N_Martensite_1\627_N_Martensite_01.png,627_N_Martensite_01.png,627_N_Martensite_01,.png,96,96,RGB
D:\AI_Materials_Microscopy\data\raw\Dataset\N_Martensite_1\628_N_Martensite_01.png,N_Martensite_1\628_N_Martensite_01.png,628_N_Martensite_01.png,628_N_Martensite_01,.png,96,96,RGB
D:\AI_Materials_Microscopy\data\raw\Dataset\N_Martensite_1\629_N_Martensite_01.png,N_Martensite_1\629_N_Martensite_01.png,629_N_Martensite_01.png,629_N_Martensite_01,.png,96,96,RGB
D:\AI_Materials_Microscopy\data\raw\Dataset\N_Martensite_1\630_N_Martensite_01.png,N_Martensite_1\630_N_Martensite_01.png,630_N_Martensite_01.png,630_N_Martensite_01,.png,96,96,RGB
D:\AI_Materials_Microscopy\data\raw\Dataset\N_Martensite_1\631_N_Martensite_01.png,N_Martensite_1\631_N_Martensite_01.png,631_N_Martensite_01.png,631_N_Martensite_01,.png,96,96,RGB
D:\AI_Materials_Microscopy\data\raw\Dataset\N_Martensite_1\632_N_Martensite_01.png,N_Martensite_1\632_N_Martensite_01.png,632_N_Martensite_01.png,632_N_Martensite_01,.png,96,96,RGB
D:\AI_Materials_Microscopy\data\raw\Dataset\N_Martensite_1\633_N_Martensite_01.png,N_Martensite_1\633_N_Martensite_01.png,633_N_Martensite_01.png,633_N_Martensite_01,.png,96,96,RGB
D:\AI_Materials_Microscopy\data\raw\Dataset\N_Martensite_1\634_N_Martensite_01.png,N_Martensite_1\634_N_Martensite_01.png,634_N_Martensite_01.png,634_N_Martensite_01,.png,96,96,RGB
D:\AI_Materials_Microscopy\data\raw\Dataset\N_Martensite_1\635_N_Martensite_01.png,N_Martensite_1\635_N_Martensite_01.png,635_N_Martensite_01.png,635_N_Martensite_01,.png,96,96,RGB
D:\AI_Materials_Microscopy\data\raw\Dataset\N_Martensite_1\636_N_Martensite_01.png,N_Martensite_1\636_N_Martensite_01.png,636_N_Martensite_01.png,636_N_Martensite_01,.png,256,256,RGB
D:\AI_Materials_Microscopy\data\raw\Dataset\N_Martensite_1\637_N_Martensite_01.png,N_Martensite_1\637_N_Martensite_01.png,637_N_Martensite_01.png,637_N_Martensite_01,.png,256,256,RGB
D:\AI_Materials_Microscopy\data\raw\Dataset\N_Martensite_1\638_N_Martensite_01.png,N_Martensite_1\638_N_Martensite_01.png,638_N_Martensite_01.png,638_N_Martensite_01,.png,256,256,RGB
D:\AI_Materials_Microscopy\data\raw\Dataset\N_Martensite_1\639_N_Martensite_01.png,N_Martensite_1\639_N_Martensite_01.png,639_N_Martensite_01.png,639_N_Martensite_01,.png,256,256,RGB
D:\AI_Materials_Microscopy\data\raw\Dataset\N_Martensite_1\640_N_Martensite_01.png,N_Martensite_1\640_N_Martensite_01.png,640_N_Martensite_01.png,640_N_Martensite_01,.png,256,256,RGB
D:\AI_Materials_Microscopy\data\raw\Dataset\N_Martensite_1\641_N_Martensite_01.png,N_Martensite_1\641_N_Martensite_01.png,641_N_Martensite_01.png,641_N_Martensite_01,.png,256,256,RGB
D:\AI_Materials_Microscopy\data\raw\Dataset\N_Martensite_1\642_N_Martensite_01.png,N_Martensite_1\642_N_Martensite_01.png,642_N_Martensite_01.png,642_N_Martensite_01,.png,256,256,RGB
D:\AI_Materials_Microscopy\data\raw\Dataset\N_Martensite_1\643_N_Martensite_01.png,N_Martensite_1\643_N_Martensite_01.png,643_N_Martensite_01.png,643_N_Martensite_01,.png,256,256,RGB
D:\AI_Materials_Microscopy\data\raw\Dataset\N_Martensite_1\644_N_Martensite_01.png,N_Martensite_1\644_N_Martensite_01.png,644_N_Martensite_01.png,644_N_Martensite_01,.png,256,256,RGB
D:\AI_Materials_Microscopy\data\raw\Dataset\N_Martensite_1\645_N_Martensite_01.png,N_Martensite_1\645_N_Martensite_01.png,645_N_Martensite_01.png,645_N_Martensite_01,.png,256,256,RGB
D:\AI_Materials_Microscopy\data\raw\Dataset\N_Martensite_2\627_N_Martensite_02.png,N_Martensite_2\627_N_Martensite_02.png,627_N_Martensite_02.png,627_N_Martensite_02,.png,96,96,RGB
D:\AI_Materials_Microscopy\data\raw\Dataset\N_Martensite_2\628_N_Martensite_02.png,N_Martensite_2\628_N_Martensite_02.png,628_N_Martensite_02.png,628_N_Martensite_02,.png,96,96,RGB
D:\AI_Materials_Microscopy\data\raw\Dataset\N_Martensite_2\629_N_Martensite_02.png,N_Martensite_2\629_N_Martensite_02.png,629_N_Martensite_02.png,629_N_Martensite_02,.png,96,96,RGB
D:\AI_Materials_Microscopy\data\raw\Dataset\N_Martensite_2\630_N_Martensite_02.png,N_Martensite_2\630_N_Martensite_02.png,630_N_Martensite_02.png,630_N_Martensite_02,.png,96,96,RGB
D:\AI_Materials_Microscopy\data\raw\Dataset\N_Martensite_2\631_N_Martensite_02.png,N_Martensite_2\631_N_Martensite_02.png,631_N_Martensite_02.png,631_N_Martensite_02,.png,96,96,RGB
D:\AI_Materials_Microscopy\data\raw\Dataset\N_Martensite_2\632_N_Martensite_02.png,N_Martensite_2\632_N_Martensite_02.png,632_N_Martensite_02.png,632_N_Martensite_02,.png,96,96,RGB
D:\AI_Materials_Microscopy\data\raw\Dataset\N_Martensite_2\633_N_Martensite_02.png,N_Martensite_2\633_N_Martensite_02.png,633_N_Martensite_02.png,633_N_Martensite_02,.png,96,96,RGB
D:\AI_Materials_Microscopy\data\raw\Dataset\N_Martensite_2\634_N_Martensite_02.png,N_Martensite_2\634_N_Martensite_02.png,634_N_Martensite_02.png,634_N_Martensite_02,.png,96,96,RGB
D:\AI_Materials_Microscopy\data\raw\Dataset\N_Martensite_2\635_N_Martensite_02.png,N_Martensite_2\635_N_Martensite_02.png,635_N_Martensite_02.png,635_N_Martensite_02,.png,96,96,RGB
D:\AI_Materials_Microscopy\data\raw\Dataset\N_Martensite_2\636_N_Martensite_02.png,N_Martensite_2\636_N_Martensite_02.png,636_N_Martensite_02.png,636_N_Martensite_02,.png,256,256,RGB
D:\AI_Materials_Microscopy\data\raw\Dataset\N_Martensite_2\637_N_Martensite_02.png,N_Martensite_2\637_N_Martensite_02.png,637_N_Martensite_02.png,637_N_Martensite_02,.png,256,256,RGB
D:\AI_Materials_Microscopy\data\raw\Dataset\N_Martensite_2\638_N_Martensite_02.png,N_Martensite_2\638_N_Martensite_02.png,638_N_Martensite_02.png,638_N_Martensite_02,.png,256,256,RGB
D:\AI_Materials_Microscopy\data\raw\Dataset\N_Martensite_2\639_N_Martensite_02.png,N_Martensite_2\639_N_Martensite_02.png,639_N_Martensite_02.png,639_N_Martensite_02,.png,256,256,RGB
D:\AI_Materials_Microscopy\data\raw\Dataset\N_Martensite_2\640_N_Martensite_02.png,N_Martensite_2\640_N_Martensite_02.png,640_N_Martensite_02.png,640_N_Martensite_02,.png,256,256,RGB
D:\AI_Materials_Microscopy\data\raw\Dataset\N_Martensite_2\641_N_Martensite_02.png,N_Martensite_2\641_N_Martensite_02.png,641_N_Martensite_02.png,641_N_Martensite_02,.png,256,256,RGB
D:\AI_Materials_Microscopy\data\raw\Dataset\N_Martensite_2\642_N_Martensite_02.png,N_Martensite_2\642_N_Martensite_02.png,642_N_Martensite_02.png,642_N_Martensite_02,.png,256,256,RGB
D:\AI_Materials_Microscopy\data\raw\Dataset\N_Martensite_2\643_N_Martensite_02.png,N_Martensite_2\643_N_Martensite_02.png,643_N_Martensite_02.png,643_N_Martensite_02,.png,256,256,RGB
D:\AI_Materials_Microscopy\data\raw\Dataset\N_Martensite_2\644_N_Martensite_02.png,N_Martensite_2\644_N_Martensite_02.png,644_N_Martensite_02.png,644_N_Martensite_02,.png,256,256,RGB
D:\AI_Materials_Microscopy\data\raw\Dataset\N_Martensite_2\645_N_Martensite_02.png,N_Martensite_2\645_N_Martensite_02.png,645_N_Martensite_02.png,645_N_Martensite_02,.png,256,256,RGB
D:\AI_Materials_Microscopy\data\raw\Dataset\N_Martensite_3\627_N_Martensite_03.png,N_Martensite_3\627_N_Martensite_03.png,627_N_Martensite_03.png,627_N_Martensite_03,.png,96,96,RGB
D:\AI_Materials_Microscopy\data\raw\Dataset\N_Martensite_3\628_N_Martensite_03.png,N_Martensite_3\628_N_Martensite_03.png,628_N_Martensite_03.png,628_N_Martensite_03,.png,96,96,RGB
D:\AI_Materials_Microscopy\data\raw\Dataset\N_Martensite_3\629_N_Martensite_03.png,N_Martensite_3\629_N_Martensite_03.png,629_N_Martensite_03.png,629_N_Martensite_03,.png,96,96,RGB
D:\AI_Materials_Microscopy\data\raw\Dataset\N_Martensite_3\630_N_Martensite_03.png,N_Martensite_3\630_N_Martensite_03.png,630_N_Martensite_03.png,630_N_Martensite_03,.png,96,96,RGB
D:\AI_Materials_Microscopy\data\raw\Dataset\N_Martensite_3\631_N_Martensite_03.png,N_Martensite_3\631_N_Martensite_03.png,631_N_Martensite_03.png,631_N_Martensite_03,.png,96,96,RGB
D:\AI_Materials_Microscopy\data\raw\Dataset\N_Martensite_3\632_N_Martensite_03.png,N_Martensite_3\632_N_Martensite_03.png,632_N_Martensite_03.png,632_N_Martensite_03,.png,96,96,RGB
D:\AI_Materials_Microscopy\data\raw\Dataset\N_Martensite_3\633_N_Martensite_03.png,N_Martensite_3\633_N_Martensite_03.png,633_N_Martensite_03.png,633_N_Martensite_03,.png,96,96,RGB
D:\AI_Materials_Microscopy\data\raw\Dataset\N_Martensite_3\634_N_Martensite_03.png,N_Martensite_3\634_N_Martensite_03.png,634_N_Martensite_03.png,634_N_Martensite_03,.png,96,96,RGB
D:\AI_Materials_Microscopy\data\raw\Dataset\N_Martensite_3\635_N_Martensite_03.png,N_Martensite_3\635_N_Martensite_03.png,635_N_Martensite_03.png,635_N_Martensite_03,.png,96,96,RGB
D:\AI_Materials_Microscopy\data\raw\Dataset\N_Martensite_3\636_N_Martensite_03.png,N_Martensite_3\636_N_Martensite_03.png,636_N_Martensite_03.png,636_N_Martensite_03,.png,256,256,RGB
D:\AI_Materials_Microscopy\data\raw\Dataset\N_Martensite_3\637_N_Martensite_03.png,N_Martensite_3\637_N_Martensite_03.png,637_N_Martensite_03.png,637_N_Martensite_03,.png,256,256,RGB
D:\AI_Materials_Microscopy\data\raw\Dataset\N_Martensite_3\638_N_Martensite_03.png,N_Martensite_3\638_N_Martensite_03.png,638_N_Martensite_03.png,638_N_Martensite_03,.png,256,256,RGB
D:\AI_Materials_Microscopy\data\raw\Dataset\N_Martensite_3\639_N_Martensite_03.png,N_Martensite_3\639_N_Martensite_03.png,639_N_Martensite_03.png,639_N_Martensite_03,.png,256,256,RGB
D:\AI_Materials_Microscopy\data\raw\Dataset\N_Martensite_3\640_N_Martensite_03.png,N_Martensite_3\640_N_Martensite_03.png,640_N_Martensite_03.png,640_N_Martensite_03,.png,256,256,RGB
D:\AI_Materials_Microscopy\data\raw\Dataset\N_Martensite_3\641_N_Martensite_03.png,N_Martensite_3\641_N_Martensite_03.png,641_N_Martensite_03.png,641_N_Martensite_03,.png,256,256,RGB
D:\AI_Materials_Microscopy\data\raw\Dataset\N_Martensite_3\642_N_Martensite_03.png,N_Martensite_3\642_N_Martensite_03.png,642_N_Martensite_03.png,642_N_Martensite_03,.png,256,256,RGB
D:\AI_Materials_Microscopy\data\raw\Dataset\N_Martensite_3\643_N_Martensite_03.png,N_Martensite_3\643_N_Martensite_03.png,643_N_Martensite_03.png,643_N_Martensite_03,.png,256,256,RGB
D:\AI_Materials_Microscopy\data\raw\Dataset\N_Martensite_3\644_N_Martensite_03.png,N_Martensite_3\644_N_Martensite_03.png,644_N_Martensite_03.png,644_N_Martensite_03,.png,256,256,RGB
D:\AI_Materials_Microscopy\data\raw\Dataset\N_Martensite_3\645_N_Martensite_03.png,N_Martensite_3\645_N_Martensite_03.png,645_N_Martensite_03.png,645_N_Martensite_03,.png,256,256,RGB
D:\AI_Materials_Microscopy\data\raw\Dataset\N_Martensite_4\627_N_Martensite_04.png,N_Martensite_4\627_N_Martensite_04.png,627_N_Martensite_04.png,627_N_Martensite_04,.png,96,96,RGB
D:\AI_Materials_Microscopy\data\raw\Dataset\N_Martensite_4\628_N_Martensite_04.png,N_Martensite_4\628_N_Martensite_04.png,628_N_Martensite_04.png,628_N_Martensite_04,.png,96,96,RGB
D:\AI_Materials_Microscopy\data\raw\Dataset\N_Martensite_4\629_N_Martensite_04.png,N_Martensite_4\629_N_Martensite_04.png,629_N_Martensite_04.png,629_N_Martensite_04,.png,96,96,RGB
D:\AI_Materials_Microscopy\data\raw\Dataset\N_Martensite_4\630_N_Martensite_04.png,N_Martensite_4\630_N_Martensite_04.png,630_N_Martensite_04.png,630_N_Martensite_04,.png,96,96,RGB
D:\AI_Materials_Microscopy\data\raw\Dataset\N_Martensite_4\631_N_Martensite_04.png,N_Martensite_4\631_N_Martensite_04.png,631_N_Martensite_04.png,631_N_Martensite_04,.png,96,96,RGB
D:\AI_Materials_Microscopy\data\raw\Dataset\N_Martensite_4\632_N_Martensite_04.png,N_Martensite_4\632_N_Martensite_04.png,632_N_Martensite_04.png,632_N_Martensite_04,.png,96,96,RGB
D:\AI_Materials_Microscopy\data\raw\Dataset\N_Martensite_4\633_N_Martensite_04.png,N_Martensite_4\633_N_Martensite_04.png,633_N_Martensite_04.png,633_N_Martensite_04,.png,96,96,RGB
D:\AI_Materials_Microscopy\data\raw\Dataset\N_Martensite_4\634_N_Martensite_04.png,N_Martensite_4\634_N_Martensite_04.png,634_N_Martensite_04.png,634_N_Martensite_04,.png,96,96,RGB
D:\AI_Materials_Microscopy\data\raw\Dataset\N_Martensite_4\635_N_Martensite_04.png,N_Martensite_4\635_N_Martensite_04.png,635_N_Martensite_04.png,635_N_Martensite_04,.png,96,96,RGB
D:\AI_Materials_Microscopy\data\raw\Dataset\N_Martensite_4\636_N_Martensite_04.png,N_Martensite_4\636_N_Martensite_04.png,636_N_Martensite_04.png,636_N_Martensite_04,.png,256,256,RGB
D:\AI_Materials_Microscopy\data\raw\Dataset\N_Martensite_4\637_N_Martensite_04.png,N_Martensite_4\637_N_Martensite_04.png,637_N_Martensite_04.png,637_N_Martensite_04,.png,256,256,RGB
D:\AI_Materials_Microscopy\data\raw\Dataset\N_Martensite_4\638_N_Martensite_04.png,N_Martensite_4\638_N_Martensite_04.png,638_N_Martensite_04.png,638_N_Martensite_04,.png,256,256,RGB
D:\AI_Materials_Microscopy\data\raw\Dataset\N_Martensite_4\639_N_Martensite_04.png,N_Martensite_4\639_N_Martensite_04.png,639_N_Martensite_04.png,639_N_Martensite_04,.png,256,256,RGB
D:\AI_Materials_Microscopy\data\raw\Dataset\N_Martensite_4\640_N_Martensite_04.png,N_Martensite_4\640_N_Martensite_04.png,640_N_Martensite_04.png,640_N_Martensite_04,.png,256,256,RGB
D:\AI_Materials_Microscopy\data\raw\Dataset\N_Martensite_4\641_N_Martensite_04.png,N_Martensite_4\641_N_Martensite_04.png,641_N_Martensite_04.png,641_N_Martensite_04,.png,256,256,RGB
D:\AI_Materials_Microscopy\data\raw\Dataset\N_Martensite_4\642_N_Martensite_04.png,N_Martensite_4\642_N_Martensite_04.png,642_N_Martensite_04.png,642_N_Martensite_04,.png,256,256,RGB
D:\AI_Materials_Microscopy\data\raw\Dataset\N_Martensite_4\643_N_Martensite_04.png,N_Martensite_4\643_N_Martensite_04.png,643_N_Martensite_04.png,643_N_Martensite_04,.png,256,256,RGB
D:\AI_Materials_Microscopy\data\raw\Dataset\N_Martensite_4\644_N_Martensite_04.png,N_Martensite_4\644_N_Martensite_04.png,644_N_Martensite_04.png,644_N_Martensite_04,.png,256,256,RGB
D:\AI_Materials_Microscopy\data\raw\Dataset\N_Martensite_4\645_N_Martensite_04.png,N_Martensite_4\645_N_Martensite_04.png,645_N_Martensite_04.png,645_N_Martensite_04,.png,256,256,RGB
D:\AI_Materials_Microscopy\data\raw\Dataset\N_Martensite_5\627_N_Martensite_05.png,N_Martensite_5\627_N_Martensite_05.png,627_N_Martensite_05.png,627_N_Martensite_05,.png,96,96,RGB
D:\AI_Materials_Microscopy\data\raw\Dataset\N_Martensite_5\628_N_Martensite_05.png,N_Martensite_5\628_N_Martensite_05.png,628_N_Martensite_05.png,628_N_Martensite_05,.png,96,96,RGB
D:\AI_Materials_Microscopy\data\raw\Dataset\N_Martensite_5\629_N_Martensite_05.png,N_Martensite_5\629_N_Martensite_05.png,629_N_Martensite_05.png,629_N_Martensite_05,.png,96,96,RGB
D:\AI_Materials_Microscopy\data\raw\Dataset\N_Martensite_5\630_N_Martensite_05.png,N_Martensite_5\630_N_Martensite_05.png,630_N_Martensite_05.png,630_N_Martensite_05,.png,96,96,RGB
D:\AI_Materials_Microscopy\data\raw\Dataset\N_Martensite_5\631_N_Martensite_05.png,N_Martensite_5\631_N_Martensite_05.png,631_N_Martensite_05.png,631_N_Martensite_05,.png,96,96,RGB
D:\AI_Materials_Microscopy\data\raw\Dataset\N_Martensite_5\632_N_Martensite_05.png,N_Martensite_5\632_N_Martensite_05.png,632_N_Martensite_05.png,632_N_Martensite_05,.png,96,96,RGB
D:\AI_Materials_Microscopy\data\raw\Dataset\N_Martensite_5\633_N_Martensite_05.png,N_Martensite_5\633_N_Martensite_05.png,633_N_Martensite_05.png,633_N_Martensite_05,.png,96,96,RGB
D:\AI_Materials_Microscopy\data\raw\Dataset\N_Martensite_5\634_N_Martensite_05.png,N_Martensite_5\634_N_Martensite_05.png,634_N_Martensite_05.png,634_N_Martensite_05,.png,96,96,RGB
D:\AI_Materials_Microscopy\data\raw\Dataset\N_Martensite_5\635_N_Martensite_05.png,N_Martensite_5\635_N_Martensite_05.png,635_N_Martensite_05.png,635_N_Martensite_05,.png,96,96,RGB
D:\AI_Materials_Microscopy\data\raw\Dataset\N_Martensite_5\636_N_Martensite_05.png,N_Martensite_5\636_N_Martensite_05.png,636_N_Martensite_05.png,636_N_Martensite_05,.png,256,256,RGB
D:\AI_Materials_Microscopy\data\raw\Dataset\N_Martensite_5\637_N_Martensite_05.png,N_Martensite_5\637_N_Martensite_05.png,637_N_Martensite_05.png,637_N_Martensite_05,.png,256,256,RGB
D:\AI_Materials_Microscopy\data\raw\Dataset\N_Martensite_5\638_N_Martensite_05.png,N_Martensite_5\638_N_Martensite_05.png,638_N_Martensite_05.png,638_N_Martensite_05,.png,256,256,RGB
D:\AI_Materials_Microscopy\data\raw\Dataset\N_Martensite_5\639_N_Martensite_05.png,N_Martensite_5\639_N_Martensite_05.png,639_N_Martensite_05.png,639_N_Martensite_05,.png,256,256,RGB
D:\AI_Materials_Microscopy\data\raw\Dataset\N_Martensite_5\640_N_Martensite_05.png,N_Martensite_5\640_N_Martensite_05.png,640_N_Martensite_05.png,640_N_Martensite_05,.png,256,256,RGB
D:\AI_Materials_Microscopy\data\raw\Dataset\N_Martensite_5\641_N_Martensite_05.png,N_Martensite_5\641_N_Martensite_05.png,641_N_Martensite_05.png,641_N_Martensite_05,.png,256,256,RGB
D:\AI_Materials_Microscopy\data\raw\Dataset\N_Martensite_5\642_N_Martensite_05.png,N_Martensite_5\642_N_Martensite_05.png,642_N_Martensite_05.png,642_N_Martensite_05,.png,256,256,RGB
D:\AI_Materials_Microscopy\data\raw\Dataset\N_Martensite_5\643_N_Martensite_05.png,N_Martensite_5\643_N_Martensite_05.png,643_N_Martensite_05.png,643_N_Martensite_05,.png,256,256,RGB
D:\AI_Materials_Microscopy\data\raw\Dataset\N_Martensite_5\644_N_Martensite_05.png,N_Martensite_5\644_N_Martensite_05.png,644_N_Martensite_05.png,644_N_Martensite_05,.png,256,256,RGB
D:\AI_Materials_Microscopy\data\raw\Dataset\N_Martensite_5\645_N_Martensite_05.png,N_Martensite_5\645_N_Martensite_05.png,645_N_Martensite_05.png,645_N_Martensite_05,.png,256,256,RGB
D:\AI_Materials_Microscopy\data\raw\Dataset\N_Martensite_6\627_N_Martensite_06.png,N_Martensite_6\627_N_Martensite_06.png,627_N_Martensite_06.png,627_N_Martensite_06,.png,96,96,RGB
D:\AI_Materials_Microscopy\data\raw\Dataset\N_Martensite_6\628_N_Martensite_06.png,N_Martensite_6\628_N_Martensite_06.png,628_N_Martensite_06.png,628_N_Martensite_06,.png,96,96,RGB
D:\AI_Materials_Microscopy\data\raw\Dataset\N_Martensite_6\629_N_Martensite_06.png,N_Martensite_6\629_N_Martensite_06.png,629_N_Martensite_06.png,629_N_Martensite_06,.png,96,96,RGB
D:\AI_Materials_Microscopy\data\raw\Dataset\N_Martensite_6\630_N_Martensite_06.png,N_Martensite_6\630_N_Martensite_06.png,630_N_Martensite_06.png,630_N_Martensite_06,.png,96,96,RGB
D:\AI_Materials_Microscopy\data\raw\Dataset\N_Martensite_6\631_N_Martensite_06.png,N_Martensite_6\631_N_Martensite_06.png,631_N_Martensite_06.png,631_N_Martensite_06,.png,96,96,RGB
D:\AI_Materials_Microscopy\data\raw\Dataset\N_Martensite_6\632_N_Martensite_06.png,N_Martensite_6\632_N_Martensite_06.png,632_N_Martensite_06.png,632_N_Martensite_06,.png,96,96,RGB
D:\AI_Materials_Microscopy\data\raw\Dataset\N_Martensite_6\633_N_Martensite_06.png,N_Martensite_6\633_N_Martensite_06.png,633_N_Martensite_06.png,633_N_Martensite_06,.png,96,96,RGB
D:\AI_Materials_Microscopy\data\raw\Dataset\N_Martensite_6\634_N_Martensite_06.png,N_Martensite_6\634_N_Martensite_06.png,634_N_Martensite_06.png,634_N_Martensite_06,.png,96,96,RGB
D:\AI_Materials_Microscopy\data\raw\Dataset\N_Martensite_6\635_N_Martensite_06.png,N_Martensite_6\635_N_Martensite_06.png,635_N_Martensite_06.png,635_N_Martensite_06,.png,96,96,RGB
D:\AI_Materials_Microscopy\data\raw\Dataset\N_Martensite_6\636_N_Martensite_06.png,N_Martensite_6\636_N_Martensite_06.png,636_N_Martensite_06.png,636_N_Martensite_06,.png,256,256,RGB
D:\AI_Materials_Microscopy\data\raw\Dataset\N_Martensite_6\637_N_Martensite_06.png,N_Martensite_6\637_N_Martensite_06.png,637_N_Martensite_06.png,637_N_Martensite_06,.png,256,256,RGB
D:\AI_Materials_Microscopy\data\raw\Dataset\N_Martensite_6\638_N_Martensite_06.png,N_Martensite_6\638_N_Martensite_06.png,638_N_Martensite_06.png,638_N_Martensite_06,.png,256,256,RGB
D:\AI_Materials_Microscopy\data\raw\Dataset\N_Martensite_6\639_N_Martensite_06.png,N_Martensite_6\639_N_Martensite_06.png,639_N_Martensite_06.png,639_N_Martensite_06,.png,256,256,RGB
D:\AI_Materials_Microscopy\data\raw\Dataset\N_Martensite_6\640_N_Martensite_06.png,N_Martensite_6\640_N_Martensite_06.png,640_N_Martensite_06.png,640_N_Martensite_06,.png,256,256,RGB
D:\AI_Materials_Microscopy\data\raw\Dataset\N_Martensite_6\641_N_Martensite_06.png,N_Martensite_6\641_N_Martensite_06.png,641_N_Martensite_06.png,641_N_Martensite_06,.png,256,256,RGB
D:\AI_Materials_Microscopy\data\raw\Dataset\N_Martensite_6\642_N_Martensite_06.png,N_Martensite_6\642_N_Martensite_06.png,642_N_Martensite_06.png,642_N_Martensite_06,.png,256,256,RGB
D:\AI_Materials_Microscopy\data\raw\Dataset\N_Martensite_6\643_N_Martensite_06.png,N_Martensite_6\643_N_Martensite_06.png,643_N_Martensite_06.png,643_N_Martensite_06,.png,256,256,RGB
D:\AI_Materials_Microscopy\data\raw\Dataset\N_Martensite_6\644_N_Martensite_06.png,N_Martensite_6\644_N_Martensite_06.png,644_N_Martensite_06.png,644_N_Martensite_06,.png,256,256,RGB
D:\AI_Materials_Microscopy\data\raw\Dataset\N_Martensite_6\645_N_Martensite_06.png,N_Martensite_6\645_N_Martensite_06.png,645_N_Martensite_06.png,645_N_Martensite_06,.png,256,256,RGB
D:\AI_Materials_Microscopy\data\raw\Dataset\O_Bainite_1\646_O_Bainite_01.png,O_Bainite_1\646_O_Bainite_01.png,646_O_Bainite_01.png,646_O_Bainite_01,.png,96,96,RGB
D:\AI_Materials_Microscopy\data\raw\Dataset\O_Bainite_1\647_O_Bainite_01.png,O_Bainite_1\647_O_Bainite_01.png,647_O_Bainite_01.png,647_O_Bainite_01,.png,96,96,RGB
D:\AI_Materials_Microscopy\data\raw\Dataset\O_Bainite_1\648_O_Bainite_01.png,O_Bainite_1\648_O_Bainite_01.png,648_O_Bainite_01.png,648_O_Bainite_01,.png,96,96,RGB
D:\AI_Materials_Microscopy\data\raw\Dataset\O_Bainite_1\649_O_Bainite_01.png,O_Bainite_1\649_O_Bainite_01.png,649_O_Bainite_01.png,649_O_Bainite_01,.png,96,96,RGB
D:\AI_Materials_Microscopy\data\raw\Dataset\O_Bainite_1\650_O_Bainite_01.png,O_Bainite_1\650_O_Bainite_01.png,650_O_Bainite_01.png,650_O_Bainite_01,.png,96,96,RGB
D:\AI_Materials_Microscopy\data\raw\Dataset\O_Bainite_1\651_O_Bainite_01.png,O_Bainite_1\651_O_Bainite_01.png,651_O_Bainite_01.png,651_O_Bainite_01,.png,96,96,RGB
D:\AI_Materials_Microscopy\data\raw\Dataset\O_Bainite_1\652_O_Bainite_01.png,O_Bainite_1\652_O_Bainite_01.png,652_O_Bainite_01.png,652_O_Bainite_01,.png,96,96,RGB
D:\AI_Materials_Microscopy\data\raw\Dataset\O_Bainite_1\653_O_Bainite_01.png,O_Bainite_1\653_O_Bainite_01.png,653_O_Bainite_01.png,653_O_Bainite_01,.png,96,96,RGB
D:\AI_Materials_Microscopy\data\raw\Dataset\O_Bainite_1\654_O_Bainite_01.png,O_Bainite_1\654_O_Bainite_01.png,654_O_Bainite_01.png,654_O_Bainite_01,.png,96,96,RGB
D:\AI_Materials_Microscopy\data\raw\Dataset\O_Bainite_1\655_O_Bainite_01.png,O_Bainite_1\655_O_Bainite_01.png,655_O_Bainite_01.png,655_O_Bainite_01,.png,256,256,RGB
D:\AI_Materials_Microscopy\data\raw\Dataset\O_Bainite_1\656_O_Bainite_01.png,O_Bainite_1\656_O_Bainite_01.png,656_O_Bainite_01.png,656_O_Bainite_01,.png,256,256,RGB
D:\AI_Materials_Microscopy\data\raw\Dataset\O_Bainite_1\657_O_Bainite_01.png,O_Bainite_1\657_O_Bainite_01.png,657_O_Bainite_01.png,657_O_Bainite_01,.png,256,256,RGB
D:\AI_Materials_Microscopy\data\raw\Dataset\O_Bainite_1\658_O_Bainite_01.png,O_Bainite_1\658_O_Bainite_01.png,658_O_Bainite_01.png,658_O_Bainite_01,.png,256,256,RGB
D:\AI_Materials_Microscopy\data\raw\Dataset\O_Bainite_1\659_O_Bainite_01.png,O_Bainite_1\659_O_Bainite_01.png,659_O_Bainite_01.png,659_O_Bainite_01,.png,256,256,RGB
D:\AI_Materials_Microscopy\data\raw\Dataset\O_Bainite_1\660_O_Bainite_01.png,O_Bainite_1\660_O_Bainite_01.png,660_O_Bainite_01.png,660_O_Bainite_01,.png,256,256,RGB
D:\AI_Materials_Microscopy\data\raw\Dataset\O_Bainite_1\661_O_Bainite_01.png,O_Bainite_1\661_O_Bainite_01.png,661_O_Bainite_01.png,661_O_Bainite_01,.png,256,256,RGB
D:\AI_Materials_Microscopy\data\raw\Dataset\O_Bainite_1\662_O_Bainite_01.png,O_Bainite_1\662_O_Bainite_01.png,662_O_Bainite_01.png,662_O_Bainite_01,.png,256,256,RGB
D:\AI_Materials_Microscopy\data\raw\Dataset\O_Bainite_1\663_O_Bainite_01.png,O_Bainite_1\663_O_Bainite_01.png,663_O_Bainite_01.png,663_O_Bainite_01,.png,256,256,RGB
D:\AI_Materials_Microscopy\data\raw\Dataset\O_Bainite_1\664_O_Bainite_01.png,O_Bainite_1\664_O_Bainite_01.png,664_O_Bainite_01.png,664_O_Bainite_01,.png,256,256,RGB
D:\AI_Materials_Microscopy\data\raw\Dataset\O_Bainite_2\646_O_Bainite_02.png,O_Bainite_2\646_O_Bainite_02.png,646_O_Bainite_02.png,646_O_Bainite_02,.png,96,96,RGB
D:\AI_Materials_Microscopy\data\raw\Dataset\O_Bainite_2\647_O_Bainite_02.png,O_Bainite_2\647_O_Bainite_02.png,647_O_Bainite_02.png,647_O_Bainite_02,.png,96,96,RGB
D:\AI_Materials_Microscopy\data\raw\Dataset\O_Bainite_2\648_O_Bainite_02.png,O_Bainite_2\648_O_Bainite_02.png,648_O_Bainite_02.png,648_O_Bainite_02,.png,96,96,RGB
D:\AI_Materials_Microscopy\data\raw\Dataset\O_Bainite_2\649_O_Bainite_02.png,O_Bainite_2\649_O_Bainite_02.png,649_O_Bainite_02.png,649_O_Bainite_02,.png,96,96,RGB
D:\AI_Materials_Microscopy\data\raw\Dataset\O_Bainite_2\650_O_Bainite_02.png,O_Bainite_2\650_O_Bainite_02.png,650_O_Bainite_02.png,650_O_Bainite_02,.png,96,96,RGB
D:\AI_Materials_Microscopy\data\raw\Dataset\O_Bainite_2\651_O_Bainite_02.png,O_Bainite_2\651_O_Bainite_02.png,651_O_Bainite_02.png,651_O_Bainite_02,.png,96,96,RGB
D:\AI_Materials_Microscopy\data\raw\Dataset\O_Bainite_2\652_O_Bainite_02.png,O_Bainite_2\652_O_Bainite_02.png,652_O_Bainite_02.png,652_O_Bainite_02,.png,96,96,RGB
D:\AI_Materials_Microscopy\data\raw\Dataset\O_Bainite_2\653_O_Bainite_02.png,O_Bainite_2\653_O_Bainite_02.png,653_O_Bainite_02.png,653_O_Bainite_02,.png,96,96,RGB
D:\AI_Materials_Microscopy\data\raw\Dataset\O_Bainite_2\654_O_Bainite_02.png,O_Bainite_2\654_O_Bainite_02.png,654_O_Bainite_02.png,654_O_Bainite_02,.png,96,96,RGB
D:\AI_Materials_Microscopy\data\raw\Dataset\O_Bainite_2\655_O_Bainite_02.png,O_Bainite_2\655_O_Bainite_02.png,655_O_Bainite_02.png,655_O_Bainite_02,.png,256,256,RGB
D:\AI_Materials_Microscopy\data\raw\Dataset\O_Bainite_2\656_O_Bainite_02.png,O_Bainite_2\656_O_Bainite_02.png,656_O_Bainite_02.png,656_O_Bainite_02,.png,256,256,RGB
D:\AI_Materials_Microscopy\data\raw\Dataset\O_Bainite_2\657_O_Bainite_02.png,O_Bainite_2\657_O_Bainite_02.png,657_O_Bainite_02.png,657_O_Bainite_02,.png,256,256,RGB
D:\AI_Materials_Microscopy\data\raw\Dataset\O_Bainite_2\658_O_Bainite_02.png,O_Bainite_2\658_O_Bainite_02.png,658_O_Bainite_02.png,658_O_Bainite_02,.png,256,256,RGB
D:\AI_Materials_Microscopy\data\raw\Dataset\O_Bainite_2\659_O_Bainite_02.png,O_Bainite_2\659_O_Bainite_02.png,659_O_Bainite_02.png,659_O_Bainite_02,.png,256,256,RGB
D:\AI_Materials_Microscopy\data\raw\Dataset\O_Bainite_2\660_O_Bainite_02.png,O_Bainite_2\660_O_Bainite_02.png,660_O_Bainite_02.png,660_O_Bainite_02,.png,256,256,RGB
D:\AI_Materials_Microscopy\data\raw\Dataset\O_Bainite_2\661_O_Bainite_02.png,O_Bainite_2\661_O_Bainite_02.png,661_O_Bainite_02.png,661_O_Bainite_02,.png,256,256,RGB
D:\AI_Materials_Microscopy\data\raw\Dataset\O_Bainite_2\662_O_Bainite_02.png,O_Bainite_2\662_O_Bainite_02.png,662_O_Bainite_02.png,662_O_Bainite_02,.png,256,256,RGB
D:\AI_Materials_Microscopy\data\raw\Dataset\O_Bainite_2\663_O_Bainite_02.png,O_Bainite_2\663_O_Bainite_02.png,663_O_Bainite_02.png,663_O_Bainite_02,.png,256,256,RGB
D:\AI_Materials_Microscopy\data\raw\Dataset\O_Bainite_2\664_O_Bainite_02.png,O_Bainite_2\664_O_Bainite_02.png,664_O_Bainite_02.png,664_O_Bainite_02,.png,256,256,RGB
D:\AI_Materials_Microscopy\data\raw\Dataset\O_Bainite_3\646_O_Bainite_03.png,O_Bainite_3\646_O_Bainite_03.png,646_O_Bainite_03.png,646_O_Bainite_03,.png,96,96,RGB
D:\AI_Materials_Microscopy\data\raw\Dataset\O_Bainite_3\647_O_Bainite_03.png,O_Bainite_3\647_O_Bainite_03.png,647_O_Bainite_03.png,647_O_Bainite_03,.png,96,96,RGB
D:\AI_Materials_Microscopy\data\raw\Dataset\O_Bainite_3\648_O_Bainite_03.png,O_Bainite_3\648_O_Bainite_03.png,648_O_Bainite_03.png,648_O_Bainite_03,.png,96,96,RGB
D:\AI_Materials_Microscopy\data\raw\Dataset\O_Bainite_3\649_O_Bainite_03.png,O_Bainite_3\649_O_Bainite_03.png,649_O_Bainite_03.png,649_O_Bainite_03,.png,96,96,RGB
D:\AI_Materials_Microscopy\data\raw\Dataset\O_Bainite_3\650_O_Bainite_03.png,O_Bainite_3\650_O_Bainite_03.png,650_O_Bainite_03.png,650_O_Bainite_03,.png,96,96,RGB
D:\AI_Materials_Microscopy\data\raw\Dataset\O_Bainite_3\651_O_Bainite_03.png,O_Bainite_3\651_O_Bainite_03.png,651_O_Bainite_03.png,651_O_Bainite_03,.png,96,96,RGB
D:\AI_Materials_Microscopy\data\raw\Dataset\O_Bainite_3\652_O_Bainite_03.png,O_Bainite_3\652_O_Bainite_03.png,652_O_Bainite_03.png,652_O_Bainite_03,.png,96,96,RGB
D:\AI_Materials_Microscopy\data\raw\Dataset\O_Bainite_3\653_O_Bainite_03.png,O_Bainite_3\653_O_Bainite_03.png,653_O_Bainite_03.png,653_O_Bainite_03,.png,96,96,RGB
D:\AI_Materials_Microscopy\data\raw\Dataset\O_Bainite_3\654_O_Bainite_03.png,O_Bainite_3\654_O_Bainite_03.png,654_O_Bainite_03.png,654_O_Bainite_03,.png,96,96,RGB
D:\AI_Materials_Microscopy\data\raw\Dataset\O_Bainite_3\655_O_Bainite_03.png,O_Bainite_3\655_O_Bainite_03.png,655_O_Bainite_03.png,655_O_Bainite_03,.png,256,256,RGB
D:\AI_Materials_Microscopy\data\raw\Dataset\O_Bainite_3\656_O_Bainite_03.png,O_Bainite_3\656_O_Bainite_03.png,656_O_Bainite_03.png,656_O_Bainite_03,.png,256,256,RGB
D:\AI_Materials_Microscopy\data\raw\Dataset\O_Bainite_3\657_O_Bainite_03.png,O_Bainite_3\657_O_Bainite_03.png,657_O_Bainite_03.png,657_O_Bainite_03,.png,256,256,RGB
D:\AI_Materials_Microscopy\data\raw\Dataset\O_Bainite_3\658_O_Bainite_03.png,O_Bainite_3\658_O_Bainite_03.png,658_O_Bainite_03.png,658_O_Bainite_03,.png,256,256,RGB
D:\AI_Materials_Microscopy\data\raw\Dataset\O_Bainite_3\659_O_Bainite_03.png,O_Bainite_3\659_O_Bainite_03.png,659_O_Bainite_03.png,659_O_Bainite_03,.png,256,256,RGB
D:\AI_Materials_Microscopy\data\raw\Dataset\O_Bainite_3\660_O_Bainite_03.png,O_Bainite_3\660_O_Bainite_03.png,660_O_Bainite_03.png,660_O_Bainite_03,.png,256,256,RGB
D:\AI_Materials_Microscopy\data\raw\Dataset\O_Bainite_3\661_O_Bainite_03.png,O_Bainite_3\661_O_Bainite_03.png,661_O_Bainite_03.png,661_O_Bainite_03,.png,256,256,RGB
D:\AI_Materials_Microscopy\data\raw\Dataset\O_Bainite_3\662_O_Bainite_03.png,O_Bainite_3\662_O_Bainite_03.png,662_O_Bainite_03.png,662_O_Bainite_03,.png,256,256,RGB
D:\AI_Materials_Microscopy\data\raw\Dataset\O_Bainite_3\663_O_Bainite_03.png,O_Bainite_3\663_O_Bainite_03.png,663_O_Bainite_03.png,663_O_Bainite_03,.png,256,256,RGB
D:\AI_Materials_Microscopy\data\raw\Dataset\O_Bainite_3\664_O_Bainite_03.png,O_Bainite_3\664_O_Bainite_03.png,664_O_Bainite_03.png,664_O_Bainite_03,.png,256,256,RGB
D:\AI_Materials_Microscopy\data\raw\Dataset\O_Bainite_4\646_O_Bainite_04.png,O_Bainite_4\646_O_Bainite_04.png,646_O_Bainite_04.png,646_O_Bainite_04,.png,96,96,RGB
D:\AI_Materials_Microscopy\data\raw\Dataset\O_Bainite_4\647_O_Bainite_04.png,O_Bainite_4\647_O_Bainite_04.png,647_O_Bainite_04.png,647_O_Bainite_04,.png,96,96,RGB
D:\AI_Materials_Microscopy\data\raw\Dataset\O_Bainite_4\648_O_Bainite_04.png,O_Bainite_4\648_O_Bainite_04.png,648_O_Bainite_04.png,648_O_Bainite_04,.png,96,96,RGB
D:\AI_Materials_Microscopy\data\raw\Dataset\O_Bainite_4\649_O_Bainite_04.png,O_Bainite_4\649_O_Bainite_04.png,649_O_Bainite_04.png,649_O_Bainite_04,.png,96,96,RGB
D:\AI_Materials_Microscopy\data\raw\Dataset\O_Bainite_4\650_O_Bainite_04.png,O_Bainite_4\650_O_Bainite_04.png,650_O_Bainite_04.png,650_O_Bainite_04,.png,96,96,RGB
D:\AI_Materials_Microscopy\data\raw\Dataset\O_Bainite_4\651_O_Bainite_04.png,O_Bainite_4\651_O_Bainite_04.png,651_O_Bainite_04.png,651_O_Bainite_04,.png,96,96,RGB
D:\AI_Materials_Microscopy\data\raw\Dataset\O_Bainite_4\652_O_Bainite_04.png,O_Bainite_4\652_O_Bainite_04.png,652_O_Bainite_04.png,652_O_Bainite_04,.png,96,96,RGB
D:\AI_Materials_Microscopy\data\raw\Dataset\O_Bainite_4\653_O_Bainite_04.png,O_Bainite_4\653_O_Bainite_04.png,653_O_Bainite_04.png,653_O_Bainite_04,.png,96,96,RGB
D:\AI_Materials_Microscopy\data\raw\Dataset\O_Bainite_4\654_O_Bainite_04.png,O_Bainite_4\654_O_Bainite_04.png,654_O_Bainite_04.png,654_O_Bainite_04,.png,96,96,RGB
D:\AI_Materials_Microscopy\data\raw\Dataset\O_Bainite_4\655_O_Bainite_04.png,O_Bainite_4\655_O_Bainite_04.png,655_O_Bainite_04.png,655_O_Bainite_04,.png,256,256,RGB
D:\AI_Materials_Microscopy\data\raw\Dataset\O_Bainite_4\656_O_Bainite_04.png,O_Bainite_4\656_O_Bainite_04.png,656_O_Bainite_04.png,656_O_Bainite_04,.png,256,256,RGB
D:\AI_Materials_Microscopy\data\raw\Dataset\O_Bainite_4\657_O_Bainite_04.png,O_Bainite_4\657_O_Bainite_04.png,657_O_Bainite_04.png,657_O_Bainite_04,.png,256,256,RGB
D:\AI_Materials_Microscopy\data\raw\Dataset\O_Bainite_4\658_O_Bainite_04.png,O_Bainite_4\658_O_Bainite_04.png,658_O_Bainite_04.png,658_O_Bainite_04,.png,256,256,RGB
D:\AI_Materials_Microscopy\data\raw\Dataset\O_Bainite_4\659_O_Bainite_04.png,O_Bainite_4\659_O_Bainite_04.png,659_O_Bainite_04.png,659_O_Bainite_04,.png,256,256,RGB
D:\AI_Materials_Microscopy\data\raw\Dataset\O_Bainite_4\660_O_Bainite_04.png,O_Bainite_4\660_O_Bainite_04.png,660_O_Bainite_04.png,660_O_Bainite_04,.png,256,256,RGB
D:\AI_Materials_Microscopy\data\raw\Dataset\O_Bainite_4\661_O_Bainite_04.png,O_Bainite_4\661_O_Bainite_04.png,661_O_Bainite_04.png,661_O_Bainite_04,.png,256,256,RGB
D:\AI_Materials_Microscopy\data\raw\Dataset\O_Bainite_4\662_O_Bainite_04.png,O_Bainite_4\662_O_Bainite_04.png,662_O_Bainite_04.png,662_O_Bainite_04,.png,256,256,RGB
D:\AI_Materials_Microscopy\data\raw\Dataset\O_Bainite_4\663_O_Bainite_04.png,O_Bainite_4\663_O_Bainite_04.png,663_O_Bainite_04.png,663_O_Bainite_04,.png,256,256,RGB
D:\AI_Materials_Microscopy\data\raw\Dataset\O_Bainite_4\664_O_Bainite_04.png,O_Bainite_4\664_O_Bainite_04.png,664_O_Bainite_04.png,664_O_Bainite_04,.png,256,256,RGB
D:\AI_Materials_Microscopy\data\raw\Dataset\O_Martensite_1\646_O_Martensite_01.png,O_Martensite_1\646_O_Martensite_01.png,646_O_Martensite_01.png,646_O_Martensite_01,.png,96,96,RGB
D:\AI_Materials_Microscopy\data\raw\Dataset\O_Martensite_1\647_O_Martensite_01.png,O_Martensite_1\647_O_Martensite_01.png,647_O_Martensite_01.png,647_O_Martensite_01,.png,96,96,RGB
D:\AI_Materials_Microscopy\data\raw\Dataset\O_Martensite_1\648_O_Martensite_01.png,O_Martensite_1\648_O_Martensite_01.png,648_O_Martensite_01.png,648_O_Martensite_01,.png,96,96,RGB
D:\AI_Materials_Microscopy\data\raw\Dataset\O_Martensite_1\649_O_Martensite_01.png,O_Martensite_1\649_O_Martensite_01.png,649_O_Martensite_01.png,649_O_Martensite_01,.png,96,96,RGB
D:\AI_Materials_Microscopy\data\raw\Dataset\O_Martensite_1\650_O_Martensite_01.png,O_Martensite_1\650_O_Martensite_01.png,650_O_Martensite_01.png,650_O_Martensite_01,.png,96,96,RGB
D:\AI_Materials_Microscopy\data\raw\Dataset\O_Martensite_1\651_O_Martensite_01.png,O_Martensite_1\651_O_Martensite_01.png,651_O_Martensite_01.png,651_O_Martensite_01,.png,96,96,RGB
D:\AI_Materials_Microscopy\data\raw\Dataset\O_Martensite_1\652_O_Martensite_01.png,O_Martensite_1\652_O_Martensite_01.png,652_O_Martensite_01.png,652_O_Martensite_01,.png,96,96,RGB
D:\AI_Materials_Microscopy\data\raw\Dataset\O_Martensite_1\653_O_Martensite_01.png,O_Martensite_1\653_O_Martensite_01.png,653_O_Martensite_01.png,653_O_Martensite_01,.png,96,96,RGB
D:\AI_Materials_Microscopy\data\raw\Dataset\O_Martensite_1\654_O_Martensite_01.png,O_Martensite_1\654_O_Martensite_01.png,654_O_Martensite_01.png,654_O_Martensite_01,.png,96,96,RGB
D:\AI_Materials_Microscopy\data\raw\Dataset\O_Martensite_1\655_O_Martensite_01.png,O_Martensite_1\655_O_Martensite_01.png,655_O_Martensite_01.png,655_O_Martensite_01,.png,256,256,RGB
D:\AI_Materials_Microscopy\data\raw\Dataset\O_Martensite_1\656_O_Martensite_01.png,O_Martensite_1\656_O_Martensite_01.png,656_O_Martensite_01.png,656_O_Martensite_01,.png,256,256,RGB
D:\AI_Materials_Microscopy\data\raw\Dataset\O_Martensite_1\657_O_Martensite_01.png,O_Martensite_1\657_O_Martensite_01.png,657_O_Martensite_01.png,657_O_Martensite_01,.png,256,256,RGB
D:\AI_Materials_Microscopy\data\raw\Dataset\O_Martensite_1\658_O_Martensite_01.png,O_Martensite_1\658_O_Martensite_01.png,658_O_Martensite_01.png,658_O_Martensite_01,.png,256,256,RGB
D:\AI_Materials_Microscopy\data\raw\Dataset\O_Martensite_1\659_O_Martensite_01.png,O_Martensite_1\659_O_Martensite_01.png,659_O_Martensite_01.png,659_O_Martensite_01,.png,256,256,RGB
D:\AI_Materials_Microscopy\data\raw\Dataset\O_Martensite_1\660_O_Martensite_01.png,O_Martensite_1\660_O_Martensite_01.png,660_O_Martensite_01.png,660_O_Martensite_01,.png,256,256,RGB
D:\AI_Materials_Microscopy\data\raw\Dataset\O_Martensite_1\661_O_Martensite_01.png,O_Martensite_1\661_O_Martensite_01.png,661_O_Martensite_01.png,661_O_Martensite_01,.png,256,256,RGB
D:\AI_Materials_Microscopy\data\raw\Dataset\O_Martensite_1\662_O_Martensite_01.png,O_Martensite_1\662_O_Martensite_01.png,662_O_Martensite_01.png,662_O_Martensite_01,.png,256,256,RGB
D:\AI_Materials_Microscopy\data\raw\Dataset\O_Martensite_1\663_O_Martensite_01.png,O_Martensite_1\663_O_Martensite_01.png,663_O_Martensite_01.png,663_O_Martensite_01,.png,256,256,RGB
D:\AI_Materials_Microscopy\data\raw\Dataset\O_Martensite_1\664_O_Martensite_01.png,O_Martensite_1\664_O_Martensite_01.png,664_O_Martensite_01.png,664_O_Martensite_01,.png,256,256,RGB
D:\AI_Materials_Microscopy\data\raw\Dataset\O_Martensite_2\646_O_Martensite_02.png,O_Martensite_2\646_O_Martensite_02.png,646_O_Martensite_02.png,646_O_Martensite_02,.png,96,96,RGB
D:\AI_Materials_Microscopy\data\raw\Dataset\O_Martensite_2\647_O_Martensite_02.png,O_Martensite_2\647_O_Martensite_02.png,647_O_Martensite_02.png,647_O_Martensite_02,.png,96,96,RGB
D:\AI_Materials_Microscopy\data\raw\Dataset\O_Martensite_2\648_O_Martensite_02.png,O_Martensite_2\648_O_Martensite_02.png,648_O_Martensite_02.png,648_O_Martensite_02,.png,96,96,RGB
D:\AI_Materials_Microscopy\data\raw\Dataset\O_Martensite_2\649_O_Martensite_02.png,O_Martensite_2\649_O_Martensite_02.png,649_O_Martensite_02.png,649_O_Martensite_02,.png,96,96,RGB
D:\AI_Materials_Microscopy\data\raw\Dataset\O_Martensite_2\650_O_Martensite_02.png,O_Martensite_2\650_O_Martensite_02.png,650_O_Martensite_02.png,650_O_Martensite_02,.png,96,96,RGB
D:\AI_Materials_Microscopy\data\raw\Dataset\O_Martensite_2\651_O_Martensite_02.png,O_Martensite_2\651_O_Martensite_02.png,651_O_Martensite_02.png,651_O_Martensite_02,.png,96,96,RGB
D:\AI_Materials_Microscopy\data\raw\Dataset\O_Martensite_2\652_O_Martensite_02.png,O_Martensite_2\652_O_Martensite_02.png,652_O_Martensite_02.png,652_O_Martensite_02,.png,96,96,RGB
D:\AI_Materials_Microscopy\data\raw\Dataset\O_Martensite_2\653_O_Martensite_02.png,O_Martensite_2\653_O_Martensite_02.png,653_O_Martensite_02.png,653_O_Martensite_02,.png,96,96,RGB
D:\AI_Materials_Microscopy\data\raw\Dataset\O_Martensite_2\654_O_Martensite_02.png,O_Martensite_2\654_O_Martensite_02.png,654_O_Martensite_02.png,654_O_Martensite_02,.png,96,96,RGB
D:\AI_Materials_Microscopy\data\raw\Dataset\O_Martensite_2\655_O_Martensite_02.png,O_Martensite_2\655_O_Martensite_02.png,655_O_Martensite_02.png,655_O_Martensite_02,.png,256,256,RGB
D:\AI_Materials_Microscopy\data\raw\Dataset\O_Martensite_2\656_O_Martensite_02.png,O_Martensite_2\656_O_Martensite_02.png,656_O_Martensite_02.png,656_O_Martensite_02,.png,256,256,RGB
D:\AI_Materials_Microscopy\data\raw\Dataset\O_Martensite_2\657_O_Martensite_02.png,O_Martensite_2\657_O_Martensite_02.png,657_O_Martensite_02.png,657_O_Martensite_02,.png,256,256,RGB
D:\AI_Materials_Microscopy\data\raw\Dataset\O_Martensite_2\658_O_Martensite_02.png,O_Martensite_2\658_O_Martensite_02.png,658_O_Martensite_02.png,658_O_Martensite_02,.png,256,256,RGB
D:\AI_Materials_Microscopy\data\raw\Dataset\O_Martensite_2\659_O_Martensite_02.png,O_Martensite_2\659_O_Martensite_02.png,659_O_Martensite_02.png,659_O_Martensite_02,.png,256,256,RGB
D:\AI_Materials_Microscopy\data\raw\Dataset\O_Martensite_2\660_O_Martensite_02.png,O_Martensite_2\660_O_Martensite_02.png,660_O_Martensite_02.png,660_O_Martensite_02,.png,256,256,RGB
D:\AI_Materials_Microscopy\data\raw\Dataset\O_Martensite_2\661_O_Martensite_02.png,O_Martensite_2\661_O_Martensite_02.png,661_O_Martensite_02.png,661_O_Martensite_02,.png,256,256,RGB
D:\AI_Materials_Microscopy\data\raw\Dataset\O_Martensite_2\662_O_Martensite_02.png,O_Martensite_2\662_O_Martensite_02.png,662_O_Martensite_02.png,662_O_Martensite_02,.png,256,256,RGB
D:\AI_Materials_Microscopy\data\raw\Dataset\O_Martensite_2\663_O_Martensite_02.png,O_Martensite_2\663_O_Martensite_02.png,663_O_Martensite_02.png,663_O_Martensite_02,.png,256,256,RGB
D:\AI_Materials_Microscopy\data\raw\Dataset\O_Martensite_2\664_O_Martensite_02.png,O_Martensite_2\664_O_Martensite_02.png,664_O_Martensite_02.png,664_O_Martensite_02,.png,256,256,RGB
D:\AI_Materials_Microscopy\data\raw\Dataset\O_Martensite_3\646_O_Martensite_03.png,O_Martensite_3\646_O_Martensite_03.png,646_O_Martensite_03.png,646_O_Martensite_03,.png,96,96,RGB
D:\AI_Materials_Microscopy\data\raw\Dataset\O_Martensite_3\647_O_Martensite_03.png,O_Martensite_3\647_O_Martensite_03.png,647_O_Martensite_03.png,647_O_Martensite_03,.png,96,96,RGB
D:\AI_Materials_Microscopy\data\raw\Dataset\O_Martensite_3\648_O_Martensite_03.png,O_Martensite_3\648_O_Martensite_03.png,648_O_Martensite_03.png,648_O_Martensite_03,.png,96,96,RGB
D:\AI_Materials_Microscopy\data\raw\Dataset\O_Martensite_3\649_O_Martensite_03.png,O_Martensite_3\649_O_Martensite_03.png,649_O_Martensite_03.png,649_O_Martensite_03,.png,96,96,RGB
D:\AI_Materials_Microscopy\data\raw\Dataset\O_Martensite_3\650_O_Martensite_03.png,O_Martensite_3\650_O_Martensite_03.png,650_O_Martensite_03.png,650_O_Martensite_03,.png,96,96,RGB
D:\AI_Materials_Microscopy\data\raw\Dataset\O_Martensite_3\651_O_Martensite_03.png,O_Martensite_3\651_O_Martensite_03.png,651_O_Martensite_03.png,651_O_Martensite_03,.png,96,96,RGB
D:\AI_Materials_Microscopy\data\raw\Dataset\O_Martensite_3\652_O_Martensite_03.png,O_Martensite_3\652_O_Martensite_03.png,652_O_Martensite_03.png,652_O_Martensite_03,.png,96,96,RGB
D:\AI_Materials_Microscopy\data\raw\Dataset\O_Martensite_3\653_O_Martensite_03.png,O_Martensite_3\653_O_Martensite_03.png,653_O_Martensite_03.png,653_O_Martensite_03,.png,96,96,RGB
D:\AI_Materials_Microscopy\data\raw\Dataset\O_Martensite_3\654_O_Martensite_03.png,O_Martensite_3\654_O_Martensite_03.png,654_O_Martensite_03.png,654_O_Martensite_03,.png,96,96,RGB
D:\AI_Materials_Microscopy\data\raw\Dataset\O_Martensite_3\655_O_Martensite_03.png,O_Martensite_3\655_O_Martensite_03.png,655_O_Martensite_03.png,655_O_Martensite_03,.png,256,256,RGB
D:\AI_Materials_Microscopy\data\raw\Dataset\O_Martensite_3\656_O_Martensite_03.png,O_Martensite_3\656_O_Martensite_03.png,656_O_Martensite_03.png,656_O_Martensite_03,.png,256,256,RGB
D:\AI_Materials_Microscopy\data\raw\Dataset\O_Martensite_3\657_O_Martensite_03.png,O_Martensite_3\657_O_Martensite_03.png,657_O_Martensite_03.png,657_O_Martensite_03,.png,256,256,RGB
D:\AI_Materials_Microscopy\data\raw\Dataset\O_Martensite_3\658_O_Martensite_03.png,O_Martensite_3\658_O_Martensite_03.png,658_O_Martensite_03.png,658_O_Martensite_03,.png,256,256,RGB
D:\AI_Materials_Microscopy\data\raw\Dataset\O_Martensite_3\659_O_Martensite_03.png,O_Martensite_3\659_O_Martensite_03.png,659_O_Martensite_03.png,659_O_Martensite_03,.png,256,256,RGB
D:\AI_Materials_Microscopy\data\raw\Dataset\O_Martensite_3\660_O_Martensite_03.png,O_Martensite_3\660_O_Martensite_03.png,660_O_Martensite_03.png,660_O_Martensite_03,.png,256,256,RGB
D:\AI_Materials_Microscopy\data\raw\Dataset\O_Martensite_3\661_O_Martensite_03.png,O_Martensite_3\661_O_Martensite_03.png,661_O_Martensite_03.png,661_O_Martensite_03,.png,256,256,RGB
D:\AI_Materials_Microscopy\data\raw\Dataset\O_Martensite_3\662_O_Martensite_03.png,O_Martensite_3\662_O_Martensite_03.png,662_O_Martensite_03.png,662_O_Martensite_03,.png,256,256,RGB
D:\AI_Materials_Microscopy\data\raw\Dataset\O_Martensite_3\663_O_Martensite_03.png,O_Martensite_3\663_O_Martensite_03.png,663_O_Martensite_03.png,663_O_Martensite_03,.png,256,256,RGB
D:\AI_Materials_Microscopy\data\raw\Dataset\O_Martensite_3\664_O_Martensite_03.png,O_Martensite_3\664_O_Martensite_03.png,664_O_Martensite_03.png,664_O_Martensite_03,.png,256,256,RGB
D:\AI_Materials_Microscopy\data\raw\Dataset\O_Martensite_4\646_O_Martensite_04.png,O_Martensite_4\646_O_Martensite_04.png,646_O_Martensite_04.png,646_O_Martensite_04,.png,96,96,RGB
D:\AI_Materials_Microscopy\data\raw\Dataset\O_Martensite_4\647_O_Martensite_04.png,O_Martensite_4\647_O_Martensite_04.png,647_O_Martensite_04.png,647_O_Martensite_04,.png,96,96,RGB
D:\AI_Materials_Microscopy\data\raw\Dataset\O_Martensite_4\648_O_Martensite_04.png,O_Martensite_4\648_O_Martensite_04.png,648_O_Martensite_04.png,648_O_Martensite_04,.png,96,96,RGB
D:\AI_Materials_Microscopy\data\raw\Dataset\O_Martensite_4\649_O_Martensite_04.png,O_Martensite_4\649_O_Martensite_04.png,649_O_Martensite_04.png,649_O_Martensite_04,.png,96,96,RGB
D:\AI_Materials_Microscopy\data\raw\Dataset\O_Martensite_4\650_O_Martensite_04.png,O_Martensite_4\650_O_Martensite_04.png,650_O_Martensite_04.png,650_O_Martensite_04,.png,96,96,RGB
D:\AI_Materials_Microscopy\data\raw\Dataset\O_Martensite_4\651_O_Martensite_04.png,O_Martensite_4\651_O_Martensite_04.png,651_O_Martensite_04.png,651_O_Martensite_04,.png,96,96,RGB
D:\AI_Materials_Microscopy\data\raw\Dataset\O_Martensite_4\652_O_Martensite_04.png,O_Martensite_4\652_O_Martensite_04.png,652_O_Martensite_04.png,652_O_Martensite_04,.png,96,96,RGB
D:\AI_Materials_Microscopy\data\raw\Dataset\O_Martensite_4\653_O_Martensite_04.png,O_Martensite_4\653_O_Martensite_04.png,653_O_Martensite_04.png,653_O_Martensite_04,.png,96,96,RGB
D:\AI_Materials_Microscopy\data\raw\Dataset\O_Martensite_4\654_O_Martensite_04.png,O_Martensite_4\654_O_Martensite_04.png,654_O_Martensite_04.png,654_O_Martensite_04,.png,96,96,RGB
D:\AI_Materials_Microscopy\data\raw\Dataset\O_Martensite_4\655_O_Martensite_04.png,O_Martensite_4\655_O_Martensite_04.png,655_O_Martensite_04.png,655_O_Martensite_04,.png,256,256,RGB
D:\AI_Materials_Microscopy\data\raw\Dataset\O_Martensite_4\656_O_Martensite_04.png,O_Martensite_4\656_O_Martensite_04.png,656_O_Martensite_04.png,656_O_Martensite_04,.png,256,256,RGB
D:\AI_Materials_Microscopy\data\raw\Dataset\O_Martensite_4\657_O_Martensite_04.png,O_Martensite_4\657_O_Martensite_04.png,657_O_Martensite_04.png,657_O_Martensite_04,.png,256,256,RGB
D:\AI_Materials_Microscopy\data\raw\Dataset\O_Martensite_4\658_O_Martensite_04.png,O_Martensite_4\658_O_Martensite_04.png,658_O_Martensite_04.png,658_O_Martensite_04,.png,256,256,RGB
D:\AI_Materials_Microscopy\data\raw\Dataset\O_Martensite_4\659_O_Martensite_04.png,O_Martensite_4\659_O_Martensite_04.png,659_O_Martensite_04.png,659_O_Martensite_04,.png,256,256,RGB
D:\AI_Materials_Microscopy\data\raw\Dataset\O_Martensite_4\660_O_Martensite_04.png,O_Martensite_4\660_O_Martensite_04.png,660_O_Martensite_04.png,660_O_Martensite_04,.png,256,256,RGB
D:\AI_Materials_Microscopy\data\raw\Dataset\O_Martensite_4\661_O_Martensite_04.png,O_Martensite_4\661_O_Martensite_04.png,661_O_Martensite_04.png,661_O_Martensite_04,.png,256,256,RGB
D:\AI_Materials_Microscopy\data\raw\Dataset\O_Martensite_4\662_O_Martensite_04.png,O_Martensite_4\662_O_Martensite_04.png,662_O_Martensite_04.png,662_O_Martensite_04,.png,256,256,RGB
D:\AI_Materials_Microscopy\data\raw\Dataset\O_Martensite_4\663_O_Martensite_04.png,O_Martensite_4\663_O_Martensite_04.png,663_O_Martensite_04.png,663_O_Martensite_04,.png,256,256,RGB
D:\AI_Materials_Microscopy\data\raw\Dataset\O_Martensite_4\664_O_Martensite_04.png,O_Martensite_4\664_O_Martensite_04.png,664_O_Martensite_04.png,664_O_Martensite_04,.png,256,256,RGB
D:\AI_Materials_Microscopy\data\raw\Dataset\O_Martensite_5\646_O_Martensite_05.png,O_Martensite_5\646_O_Martensite_05.png,646_O_Martensite_05.png,646_O_Martensite_05,.png,96,96,RGB
D:\AI_Materials_Microscopy\data\raw\Dataset\O_Martensite_5\647_O_Martensite_05.png,O_Martensite_5\647_O_Martensite_05.png,647_O_Martensite_05.png,647_O_Martensite_05,.png,96,96,RGB
D:\AI_Materials_Microscopy\data\raw\Dataset\O_Martensite_5\648_O_Martensite_05.png,O_Martensite_5\648_O_Martensite_05.png,648_O_Martensite_05.png,648_O_Martensite_05,.png,96,96,RGB
D:\AI_Materials_Microscopy\data\raw\Dataset\O_Martensite_5\649_O_Martensite_05.png,O_Martensite_5\649_O_Martensite_05.png,649_O_Martensite_05.png,649_O_Martensite_05,.png,96,96,RGB
D:\AI_Materials_Microscopy\data\raw\Dataset\O_Martensite_5\650_O_Martensite_05.png,O_Martensite_5\650_O_Martensite_05.png,650_O_Martensite_05.png,650_O_Martensite_05,.png,96,96,RGB
D:\AI_Materials_Microscopy\data\raw\Dataset\O_Martensite_5\651_O_Martensite_05.png,O_Martensite_5\651_O_Martensite_05.png,651_O_Martensite_05.png,651_O_Martensite_05,.png,96,96,RGB
D:\AI_Materials_Microscopy\data\raw\Dataset\O_Martensite_5\652_O_Martensite_05.png,O_Martensite_5\652_O_Martensite_05.png,652_O_Martensite_05.png,652_O_Martensite_05,.png,96,96,RGB
D:\AI_Materials_Microscopy\data\raw\Dataset\O_Martensite_5\653_O_Martensite_05.png,O_Martensite_5\653_O_Martensite_05.png,653_O_Martensite_05.png,653_O_Martensite_05,.png,96,96,RGB
D:\AI_Materials_Microscopy\data\raw\Dataset\O_Martensite_5\654_O_Martensite_05.png,O_Martensite_5\654_O_Martensite_05.png,654_O_Martensite_05.png,654_O_Martensite_05,.png,96,96,RGB
D:\AI_Materials_Microscopy\data\raw\Dataset\O_Martensite_5\655_O_Martensite_05.png,O_Martensite_5\655_O_Martensite_05.png,655_O_Martensite_05.png,655_O_Martensite_05,.png,256,256,RGB
D:\AI_Materials_Microscopy\data\raw\Dataset\O_Martensite_5\656_O_Martensite_05.png,O_Martensite_5\656_O_Martensite_05.png,656_O_Martensite_05.png,656_O_Martensite_05,.png,256,256,RGB
D:\AI_Materials_Microscopy\data\raw\Dataset\O_Martensite_5\657_O_Martensite_05.png,O_Martensite_5\657_O_Martensite_05.png,657_O_Martensite_05.png,657_O_Martensite_05,.png,256,256,RGB
D:\AI_Materials_Microscopy\data\raw\Dataset\O_Martensite_5\658_O_Martensite_05.png,O_Martensite_5\658_O_Martensite_05.png,658_O_Martensite_05.png,658_O_Martensite_05,.png,256,256,RGB
D:\AI_Materials_Microscopy\data\raw\Dataset\O_Martensite_5\659_O_Martensite_05.png,O_Martensite_5\659_O_Martensite_05.png,659_O_Martensite_05.png,659_O_Martensite_05,.png,256,256,RGB
D:\AI_Materials_Microscopy\data\raw\Dataset\O_Martensite_5\660_O_Martensite_05.png,O_Martensite_5\660_O_Martensite_05.png,660_O_Martensite_05.png,660_O_Martensite_05,.png,256,256,RGB
D:\AI_Materials_Microscopy\data\raw\Dataset\O_Martensite_5\661_O_Martensite_05.png,O_Martensite_5\661_O_Martensite_05.png,661_O_Martensite_05.png,661_O_Martensite_05,.png,256,256,RGB
D:\AI_Materials_Microscopy\data\raw\Dataset\O_Martensite_5\662_O_Martensite_05.png,O_Martensite_5\662_O_Martensite_05.png,662_O_Martensite_05.png,662_O_Martensite_05,.png,256,256,RGB
D:\AI_Materials_Microscopy\data\raw\Dataset\O_Martensite_5\663_O_Martensite_05.png,O_Martensite_5\663_O_Martensite_05.png,663_O_Martensite_05.png,663_O_Martensite_05,.png,256,256,RGB
D:\AI_Materials_Microscopy\data\raw\Dataset\O_Martensite_5\664_O_Martensite_05.png,O_Martensite_5\664_O_Martensite_05.png,664_O_Martensite_05.png,664_O_Martensite_05,.png,256,256,RGB
D:\AI_Materials_Microscopy\data\raw\Dataset\O_Martensite_6\646_O_Martensite_06.png,O_Martensite_6\646_O_Martensite_06.png,646_O_Martensite_06.png,646_O_Martensite_06,.png,96,96,RGB
D:\AI_Materials_Microscopy\data\raw\Dataset\O_Martensite_6\647_O_Martensite_06.png,O_Martensite_6\647_O_Martensite_06.png,647_O_Martensite_06.png,647_O_Martensite_06,.png,96,96,RGB
D:\AI_Materials_Microscopy\data\raw\Dataset\O_Martensite_6\648_O_Martensite_06.png,O_Martensite_6\648_O_Martensite_06.png,648_O_Martensite_06.png,648_O_Martensite_06,.png,96,96,RGB
D:\AI_Materials_Microscopy\data\raw\Dataset\O_Martensite_6\649_O_Martensite_06.png,O_Martensite_6\649_O_Martensite_06.png,649_O_Martensite_06.png,649_O_Martensite_06,.png,96,96,RGB
D:\AI_Materials_Microscopy\data\raw\Dataset\O_Martensite_6\650_O_Martensite_06.png,O_Martensite_6\650_O_Martensite_06.png,650_O_Martensite_06.png,650_O_Martensite_06,.png,96,96,RGB
D:\AI_Materials_Microscopy\data\raw\Dataset\O_Martensite_6\651_O_Martensite_06.png,O_Martensite_6\651_O_Martensite_06.png,651_O_Martensite_06.png,651_O_Martensite_06,.png,96,96,RGB
D:\AI_Materials_Microscopy\data\raw\Dataset\O_Martensite_6\652_O_Martensite_06.png,O_Martensite_6\652_O_Martensite_06.png,652_O_Martensite_06.png,652_O_Martensite_06,.png,96,96,RGB
D:\AI_Materials_Microscopy\data\raw\Dataset\O_Martensite_6\653_O_Martensite_06.png,O_Martensite_6\653_O_Martensite_06.png,653_O_Martensite_06.png,653_O_Martensite_06,.png,96,96,RGB
D:\AI_Materials_Microscopy\data\raw\Dataset\O_Martensite_6\654_O_Martensite_06.png,O_Martensite_6\654_O_Martensite_06.png,654_O_Martensite_06.png,654_O_Martensite_06,.png,96,96,RGB
D:\AI_Materials_Microscopy\data\raw\Dataset\O_Martensite_6\655_O_Martensite_06.png,O_Martensite_6\655_O_Martensite_06.png,655_O_Martensite_06.png,655_O_Martensite_06,.png,256,256,RGB
D:\AI_Materials_Microscopy\data\raw\Dataset\O_Martensite_6\656_O_Martensite_06.png,O_Martensite_6\656_O_Martensite_06.png,656_O_Martensite_06.png,656_O_Martensite_06,.png,256,256,RGB
D:\AI_Materials_Microscopy\data\raw\Dataset\O_Martensite_6\657_O_Martensite_06.png,O_Martensite_6\657_O_Martensite_06.png,657_O_Martensite_06.png,657_O_Martensite_06,.png,256,256,RGB
D:\AI_Materials_Microscopy\data\raw\Dataset\O_Martensite_6\658_O_Martensite_06.png,O_Martensite_6\658_O_Martensite_06.png,658_O_Martensite_06.png,658_O_Martensite_06,.png,256,256,RGB
D:\AI_Materials_Microscopy\data\raw\Dataset\O_Martensite_6\659_O_Martensite_06.png,O_Martensite_6\659_O_Martensite_06.png,659_O_Martensite_06.png,659_O_Martensite_06,.png,256,256,RGB
D:\AI_Materials_Microscopy\data\raw\Dataset\O_Martensite_6\660_O_Martensite_06.png,O_Martensite_6\660_O_Martensite_06.png,660_O_Martensite_06.png,660_O_Martensite_06,.png,256,256,RGB
D:\AI_Materials_Microscopy\data\raw\Dataset\O_Martensite_6\661_O_Martensite_06.png,O_Martensite_6\661_O_Martensite_06.png,661_O_Martensite_06.png,661_O_Martensite_06,.png,256,256,RGB
D:\AI_Materials_Microscopy\data\raw\Dataset\O_Martensite_6\662_O_Martensite_06.png,O_Martensite_6\662_O_Martensite_06.png,662_O_Martensite_06.png,662_O_Martensite_06,.png,256,256,RGB
D:\AI_Materials_Microscopy\data\raw\Dataset\O_Martensite_6\663_O_Martensite_06.png,O_Martensite_6\663_O_Martensite_06.png,663_O_Martensite_06.png,663_O_Martensite_06,.png,256,256,RGB
D:\AI_Materials_Microscopy\data\raw\Dataset\O_Martensite_6\664_O_Martensite_06.png,O_Martensite_6\664_O_Martensite_06.png,664_O_Martensite_06.png,664_O_Martensite_06,.png,256,256,RGB
D:\AI_Materials_Microscopy\data\raw\Dataset\O_Martensite_7\646_O_Martensite_07.png,O_Martensite_7\646_O_Martensite_07.png,646_O_Martensite_07.png,646_O_Martensite_07,.png,96,96,RGB
D:\AI_Materials_Microscopy\data\raw\Dataset\O_Martensite_7\647_O_Martensite_07.png,O_Martensite_7\647_O_Martensite_07.png,647_O_Martensite_07.png,647_O_Martensite_07,.png,96,96,RGB
D:\AI_Materials_Microscopy\data\raw\Dataset\O_Martensite_7\648_O_Martensite_07.png,O_Martensite_7\648_O_Martensite_07.png,648_O_Martensite_07.png,648_O_Martensite_07,.png,96,96,RGB
D:\AI_Materials_Microscopy\data\raw\Dataset\O_Martensite_7\649_O_Martensite_07.png,O_Martensite_7\649_O_Martensite_07.png,649_O_Martensite_07.png,649_O_Martensite_07,.png,96,96,RGB
D:\AI_Materials_Microscopy\data\raw\Dataset\O_Martensite_7\650_O_Martensite_07.png,O_Martensite_7\650_O_Martensite_07.png,650_O_Martensite_07.png,650_O_Martensite_07,.png,96,96,RGB
D:\AI_Materials_Microscopy\data\raw\Dataset\O_Martensite_7\651_O_Martensite_07.png,O_Martensite_7\651_O_Martensite_07.png,651_O_Martensite_07.png,651_O_Martensite_07,.png,96,96,RGB
D:\AI_Materials_Microscopy\data\raw\Dataset\O_Martensite_7\652_O_Martensite_07.png,O_Martensite_7\652_O_Martensite_07.png,652_O_Martensite_07.png,652_O_Martensite_07,.png,96,96,RGB
D:\AI_Materials_Microscopy\data\raw\Dataset\O_Martensite_7\653_O_Martensite_07.png,O_Martensite_7\653_O_Martensite_07.png,653_O_Martensite_07.png,653_O_Martensite_07,.png,96,96,RGB
D:\AI_Materials_Microscopy\data\raw\Dataset\O_Martensite_7\654_O_Martensite_07.png,O_Martensite_7\654_O_Martensite_07.png,654_O_Martensite_07.png,654_O_Martensite_07,.png,96,96,RGB
D:\AI_Materials_Microscopy\data\raw\Dataset\O_Martensite_7\655_O_Martensite_07.png,O_Martensite_7\655_O_Martensite_07.png,655_O_Martensite_07.png,655_O_Martensite_07,.png,256,256,RGB
D:\AI_Materials_Microscopy\data\raw\Dataset\O_Martensite_7\656_O_Martensite_07.png,O_Martensite_7\656_O_Martensite_07.png,656_O_Martensite_07.png,656_O_Martensite_07,.png,256,256,RGB
D:\AI_Materials_Microscopy\data\raw\Dataset\O_Martensite_7\657_O_Martensite_07.png,O_Martensite_7\657_O_Martensite_07.png,657_O_Martensite_07.png,657_O_Martensite_07,.png,256,256,RGB
D:\AI_Materials_Microscopy\data\raw\Dataset\O_Martensite_7\658_O_Martensite_07.png,O_Martensite_7\658_O_Martensite_07.png,658_O_Martensite_07.png,658_O_Martensite_07,.png,256,256,RGB
D:\AI_Materials_Microscopy\data\raw\Dataset\O_Martensite_7\659_O_Martensite_07.png,O_Martensite_7\659_O_Martensite_07.png,659_O_Martensite_07.png,659_O_Martensite_07,.png,256,256,RGB
D:\AI_Materials_Microscopy\data\raw\Dataset\O_Martensite_7\660_O_Martensite_07.png,O_Martensite_7\660_O_Martensite_07.png,660_O_Martensite_07.png,660_O_Martensite_07,.png,256,256,RGB
D:\AI_Materials_Microscopy\data\raw\Dataset\O_Martensite_7\661_O_Martensite_07.png,O_Martensite_7\661_O_Martensite_07.png,661_O_Martensite_07.png,661_O_Martensite_07,.png,256,256,RGB
D:\AI_Materials_Microscopy\data\raw\Dataset\O_Martensite_7\662_O_Martensite_07.png,O_Martensite_7\662_O_Martensite_07.png,662_O_Martensite_07.png,662_O_Martensite_07,.png,256,256,RGB
D:\AI_Materials_Microscopy\data\raw\Dataset\O_Martensite_7\663_O_Martensite_07.png,O_Martensite_7\663_O_Martensite_07.png,663_O_Martensite_07.png,663_O_Martensite_07,.png,256,256,RGB
D:\AI_Materials_Microscopy\data\raw\Dataset\O_Martensite_7\664_O_Martensite_07.png,O_Martensite_7\664_O_Martensite_07.png,664_O_Martensite_07.png,664_O_Martensite_07,.png,256,256,RGB
D:\AI_Materials_Microscopy\data\raw\Dataset\O_Martensite_8\646_O_Martensite_08.png,O_Martensite_8\646_O_Martensite_08.png,646_O_Martensite_08.png,646_O_Martensite_08,.png,96,96,RGB
D:\AI_Materials_Microscopy\data\raw\Dataset\O_Martensite_8\647_O_Martensite_08.png,O_Martensite_8\647_O_Martensite_08.png,647_O_Martensite_08.png,647_O_Martensite_08,.png,96,96,RGB
D:\AI_Materials_Microscopy\data\raw\Dataset\O_Martensite_8\648_O_Martensite_08.png,O_Martensite_8\648_O_Martensite_08.png,648_O_Martensite_08.png,648_O_Martensite_08,.png,96,96,RGB
D:\AI_Materials_Microscopy\data\raw\Dataset\O_Martensite_8\649_O_Martensite_08.png,O_Martensite_8\649_O_Martensite_08.png,649_O_Martensite_08.png,649_O_Martensite_08,.png,96,96,RGB
D:\AI_Materials_Microscopy\data\raw\Dataset\O_Martensite_8\650_O_Martensite_08.png,O_Martensite_8\650_O_Martensite_08.png,650_O_Martensite_08.png,650_O_Martensite_08,.png,96,96,RGB
D:\AI_Materials_Microscopy\data\raw\Dataset\O_Martensite_8\651_O_Martensite_08.png,O_Martensite_8\651_O_Martensite_08.png,651_O_Martensite_08.png,651_O_Martensite_08,.png,96,96,RGB
D:\AI_Materials_Microscopy\data\raw\Dataset\O_Martensite_8\652_O_Martensite_08.png,O_Martensite_8\652_O_Martensite_08.png,652_O_Martensite_08.png,652_O_Martensite_08,.png,96,96,RGB
D:\AI_Materials_Microscopy\data\raw\Dataset\O_Martensite_8\653_O_Martensite_08.png,O_Martensite_8\653_O_Martensite_08.png,653_O_Martensite_08.png,653_O_Martensite_08,.png,96,96,RGB
D:\AI_Materials_Microscopy\data\raw\Dataset\O_Martensite_8\654_O_Martensite_08.png,O_Martensite_8\654_O_Martensite_08.png,654_O_Martensite_08.png,654_O_Martensite_08,.png,96,96,RGB
D:\AI_Materials_Microscopy\data\raw\Dataset\O_Martensite_8\655_O_Martensite_08.png,O_Martensite_8\655_O_Martensite_08.png,655_O_Martensite_08.png,655_O_Martensite_08,.png,256,256,RGB
D:\AI_Materials_Microscopy\data\raw\Dataset\O_Martensite_8\656_O_Martensite_08.png,O_Martensite_8\656_O_Martensite_08.png,656_O_Martensite_08.png,656_O_Martensite_08,.png,256,256,RGB
D:\AI_Materials_Microscopy\data\raw\Dataset\O_Martensite_8\657_O_Martensite_08.png,O_Martensite_8\657_O_Martensite_08.png,657_O_Martensite_08.png,657_O_Martensite_08,.png,256,256,RGB
D:\AI_Materials_Microscopy\data\raw\Dataset\O_Martensite_8\658_O_Martensite_08.png,O_Martensite_8\658_O_Martensite_08.png,658_O_Martensite_08.png,658_O_Martensite_08,.png,256,256,RGB
D:\AI_Materials_Microscopy\data\raw\Dataset\O_Martensite_8\659_O_Martensite_08.png,O_Martensite_8\659_O_Martensite_08.png,659_O_Martensite_08.png,659_O_Martensite_08,.png,256,256,RGB
D:\AI_Materials_Microscopy\data\raw\Dataset\O_Martensite_8\660_O_Martensite_08.png,O_Martensite_8\660_O_Martensite_08.png,660_O_Martensite_08.png,660_O_Martensite_08,.png,256,256,RGB
D:\AI_Materials_Microscopy\data\raw\Dataset\O_Martensite_8\661_O_Martensite_08.png,O_Martensite_8\661_O_Martensite_08.png,661_O_Martensite_08.png,661_O_Martensite_08,.png,256,256,RGB
D:\AI_Materials_Microscopy\data\raw\Dataset\O_Martensite_8\662_O_Martensite_08.png,O_Martensite_8\662_O_Martensite_08.png,662_O_Martensite_08.png,662_O_Martensite_08,.png,256,256,RGB
D:\AI_Materials_Microscopy\data\raw\Dataset\O_Martensite_8\663_O_Martensite_08.png,O_Martensite_8\663_O_Martensite_08.png,663_O_Martensite_08.png,663_O_Martensite_08,.png,256,256,RGB
D:\AI_Materials_Microscopy\data\raw\Dataset\O_Martensite_8\664_O_Martensite_08.png,O_Martensite_8\664_O_Martensite_08.png,664_O_Martensite_08.png,664_O_Martensite_08,.png,256,256,RGB
D:\AI_Materials_Microscopy\data\raw\Dataset\P_Martensite_1\665_P_Martensite_01.png,P_Martensite_1\665_P_Martensite_01.png,665_P_Martensite_01.png,665_P_Martensite_01,.png,96,96,RGB
D:\AI_Materials_Microscopy\data\raw\Dataset\P_Martensite_1\666_P_Martensite_01.png,P_Martensite_1\666_P_Martensite_01.png,666_P_Martensite_01.png,666_P_Martensite_01,.png,96,96,RGB
D:\AI_Materials_Microscopy\data\raw\Dataset\P_Martensite_1\667_P_Martensite_01.png,P_Martensite_1\667_P_Martensite_01.png,667_P_Martensite_01.png,667_P_Martensite_01,.png,96,96,RGB
D:\AI_Materials_Microscopy\data\raw\Dataset\P_Martensite_1\668_P_Martensite_01.png,P_Martensite_1\668_P_Martensite_01.png,668_P_Martensite_01.png,668_P_Martensite_01,.png,96,96,RGB
D:\AI_Materials_Microscopy\data\raw\Dataset\P_Martensite_1\669_P_Martensite_01.png,P_Martensite_1\669_P_Martensite_01.png,669_P_Martensite_01.png,669_P_Martensite_01,.png,96,96,RGB
D:\AI_Materials_Microscopy\data\raw\Dataset\P_Martensite_1\670_P_Martensite_01.png,P_Martensite_1\670_P_Martensite_01.png,670_P_Martensite_01.png,670_P_Martensite_01,.png,96,96,RGB
D:\AI_Materials_Microscopy\data\raw\Dataset\P_Martensite_1\671_P_Martensite_01.png,P_Martensite_1\671_P_Martensite_01.png,671_P_Martensite_01.png,671_P_Martensite_01,.png,96,96,RGB
D:\AI_Materials_Microscopy\data\raw\Dataset\P_Martensite_1\672_P_Martensite_01.png,P_Martensite_1\672_P_Martensite_01.png,672_P_Martensite_01.png,672_P_Martensite_01,.png,96,96,RGB
D:\AI_Materials_Microscopy\data\raw\Dataset\P_Martensite_1\673_P_Martensite_01.png,P_Martensite_1\673_P_Martensite_01.png,673_P_Martensite_01.png,673_P_Martensite_01,.png,96,96,RGB
D:\AI_Materials_Microscopy\data\raw\Dataset\P_Martensite_1\674_P_Martensite_01.png,P_Martensite_1\674_P_Martensite_01.png,674_P_Martensite_01.png,674_P_Martensite_01,.png,256,256,RGB
D:\AI_Materials_Microscopy\data\raw\Dataset\P_Martensite_1\675_P_Martensite_01.png,P_Martensite_1\675_P_Martensite_01.png,675_P_Martensite_01.png,675_P_Martensite_01,.png,256,256,RGB
D:\AI_Materials_Microscopy\data\raw\Dataset\P_Martensite_1\676_P_Martensite_01.png,P_Martensite_1\676_P_Martensite_01.png,676_P_Martensite_01.png,676_P_Martensite_01,.png,256,256,RGB
D:\AI_Materials_Microscopy\data\raw\Dataset\P_Martensite_1\677_P_Martensite_01.png,P_Martensite_1\677_P_Martensite_01.png,677_P_Martensite_01.png,677_P_Martensite_01,.png,256,256,RGB
D:\AI_Materials_Microscopy\data\raw\Dataset\P_Martensite_1\678_P_Martensite_01.png,P_Martensite_1\678_P_Martensite_01.png,678_P_Martensite_01.png,678_P_Martensite_01,.png,256,256,RGB
D:\AI_Materials_Microscopy\data\raw\Dataset\P_Martensite_1\679_P_Martensite_01.png,P_Martensite_1\679_P_Martensite_01.png,679_P_Martensite_01.png,679_P_Martensite_01,.png,256,256,RGB
D:\AI_Materials_Microscopy\data\raw\Dataset\P_Martensite_1\680_P_Martensite_01.png,P_Martensite_1\680_P_Martensite_01.png,680_P_Martensite_01.png,680_P_Martensite_01,.png,256,256,RGB
D:\AI_Materials_Microscopy\data\raw\Dataset\P_Martensite_1\681_P_Martensite_01.png,P_Martensite_1\681_P_Martensite_01.png,681_P_Martensite_01.png,681_P_Martensite_01,.png,256,256,RGB
D:\AI_Materials_Microscopy\data\raw\Dataset\P_Martensite_1\682_P_Martensite_01.png,P_Martensite_1\682_P_Martensite_01.png,682_P_Martensite_01.png,682_P_Martensite_01,.png,256,256,RGB
D:\AI_Materials_Microscopy\data\raw\Dataset\P_Martensite_1\683_P_Martensite_01.png,P_Martensite_1\683_P_Martensite_01.png,683_P_Martensite_01.png,683_P_Martensite_01,.png,256,256,RGB
D:\AI_Materials_Microscopy\data\raw\Dataset\P_Martensite_10\665_P_Martensite_10.png,P_Martensite_10\665_P_Martensite_10.png,665_P_Martensite_10.png,665_P_Martensite_10,.png,96,96,RGB
D:\AI_Materials_Microscopy\data\raw\Dataset\P_Martensite_10\666_P_Martensite_10.png,P_Martensite_10\666_P_Martensite_10.png,666_P_Martensite_10.png,666_P_Martensite_10,.png,96,96,RGB
D:\AI_Materials_Microscopy\data\raw\Dataset\P_Martensite_10\667_P_Martensite_10.png,P_Martensite_10\667_P_Martensite_10.png,667_P_Martensite_10.png,667_P_Martensite_10,.png,96,96,RGB
D:\AI_Materials_Microscopy\data\raw\Dataset\P_Martensite_10\668_P_Martensite_10.png,P_Martensite_10\668_P_Martensite_10.png,668_P_Martensite_10.png,668_P_Martensite_10,.png,96,96,RGB
D:\AI_Materials_Microscopy\data\raw\Dataset\P_Martensite_10\669_P_Martensite_10.png,P_Martensite_10\669_P_Martensite_10.png,669_P_Martensite_10.png,669_P_Martensite_10,.png,96,96,RGB
D:\AI_Materials_Microscopy\data\raw\Dataset\P_Martensite_10\670_P_Martensite_10.png,P_Martensite_10\670_P_Martensite_10.png,670_P_Martensite_10.png,670_P_Martensite_10,.png,96,96,RGB
D:\AI_Materials_Microscopy\data\raw\Dataset\P_Martensite_10\671_P_Martensite_10.png,P_Martensite_10\671_P_Martensite_10.png,671_P_Martensite_10.png,671_P_Martensite_10,.png,96,96,RGB
D:\AI_Materials_Microscopy\data\raw\Dataset\P_Martensite_10\672_P_Martensite_10.png,P_Martensite_10\672_P_Martensite_10.png,672_P_Martensite_10.png,672_P_Martensite_10,.png,96,96,RGB
D:\AI_Materials_Microscopy\data\raw\Dataset\P_Martensite_10\673_P_Martensite_10.png,P_Martensite_10\673_P_Martensite_10.png,673_P_Martensite_10.png,673_P_Martensite_10,.png,96,96,RGB
D:\AI_Materials_Microscopy\data\raw\Dataset\P_Martensite_10\674_P_Martensite_10.png,P_Martensite_10\674_P_Martensite_10.png,674_P_Martensite_10.png,674_P_Martensite_10,.png,256,256,RGB
D:\AI_Materials_Microscopy\data\raw\Dataset\P_Martensite_10\675_P_Martensite_10.png,P_Martensite_10\675_P_Martensite_10.png,675_P_Martensite_10.png,675_P_Martensite_10,.png,256,256,RGB
D:\AI_Materials_Microscopy\data\raw\Dataset\P_Martensite_10\676_P_Martensite_10.png,P_Martensite_10\676_P_Martensite_10.png,676_P_Martensite_10.png,676_P_Martensite_10,.png,256,256,RGB
D:\AI_Materials_Microscopy\data\raw\Dataset\P_Martensite_10\677_P_Martensite_10.png,P_Martensite_10\677_P_Martensite_10.png,677_P_Martensite_10.png,677_P_Martensite_10,.png,256,256,RGB
D:\AI_Materials_Microscopy\data\raw\Dataset\P_Martensite_10\678_P_Martensite_10.png,P_Martensite_10\678_P_Martensite_10.png,678_P_Martensite_10.png,678_P_Martensite_10,.png,256,256,RGB
D:\AI_Materials_Microscopy\data\raw\Dataset\P_Martensite_10\679_P_Martensite_10.png,P_Martensite_10\679_P_Martensite_10.png,679_P_Martensite_10.png,679_P_Martensite_10,.png,256,256,RGB
D:\AI_Materials_Microscopy\data\raw\Dataset\P_Martensite_10\680_P_Martensite_10.png,P_Martensite_10\680_P_Martensite_10.png,680_P_Martensite_10.png,680_P_Martensite_10,.png,256,256,RGB
D:\AI_Materials_Microscopy\data\raw\Dataset\P_Martensite_10\681_P_Martensite_10.png,P_Martensite_10\681_P_Martensite_10.png,681_P_Martensite_10.png,681_P_Martensite_10,.png,256,256,RGB
D:\AI_Materials_Microscopy\data\raw\Dataset\P_Martensite_10\682_P_Martensite_10.png,P_Martensite_10\682_P_Martensite_10.png,682_P_Martensite_10.png,682_P_Martensite_10,.png,256,256,RGB
D:\AI_Materials_Microscopy\data\raw\Dataset\P_Martensite_10\683_P_Martensite_10.png,P_Martensite_10\683_P_Martensite_10.png,683_P_Martensite_10.png,683_P_Martensite_10,.png,256,256,RGB
D:\AI_Materials_Microscopy\data\raw\Dataset\P_Martensite_2\665_P_Martensite_02.png,P_Martensite_2\665_P_Martensite_02.png,665_P_Martensite_02.png,665_P_Martensite_02,.png,96,96,RGB
D:\AI_Materials_Microscopy\data\raw\Dataset\P_Martensite_2\666_P_Martensite_02.png,P_Martensite_2\666_P_Martensite_02.png,666_P_Martensite_02.png,666_P_Martensite_02,.png,96,96,RGB
D:\AI_Materials_Microscopy\data\raw\Dataset\P_Martensite_2\667_P_Martensite_02.png,P_Martensite_2\667_P_Martensite_02.png,667_P_Martensite_02.png,667_P_Martensite_02,.png,96,96,RGB
D:\AI_Materials_Microscopy\data\raw\Dataset\P_Martensite_2\668_P_Martensite_02.png,P_Martensite_2\668_P_Martensite_02.png,668_P_Martensite_02.png,668_P_Martensite_02,.png,96,96,RGB
D:\AI_Materials_Microscopy\data\raw\Dataset\P_Martensite_2\669_P_Martensite_02.png,P_Martensite_2\669_P_Martensite_02.png,669_P_Martensite_02.png,669_P_Martensite_02,.png,96,96,RGB
D:\AI_Materials_Microscopy\data\raw\Dataset\P_Martensite_2\670_P_Martensite_02.png,P_Martensite_2\670_P_Martensite_02.png,670_P_Martensite_02.png,670_P_Martensite_02,.png,96,96,RGB
D:\AI_Materials_Microscopy\data\raw\Dataset\P_Martensite_2\671_P_Martensite_02.png,P_Martensite_2\671_P_Martensite_02.png,671_P_Martensite_02.png,671_P_Martensite_02,.png,96,96,RGB
D:\AI_Materials_Microscopy\data\raw\Dataset\P_Martensite_2\672_P_Martensite_02.png,P_Martensite_2\672_P_Martensite_02.png,672_P_Martensite_02.png,672_P_Martensite_02,.png,96,96,RGB
D:\AI_Materials_Microscopy\data\raw\Dataset\P_Martensite_2\673_P_Martensite_02.png,P_Martensite_2\673_P_Martensite_02.png,673_P_Martensite_02.png,673_P_Martensite_02,.png,96,96,RGB
D:\AI_Materials_Microscopy\data\raw\Dataset\P_Martensite_2\674_P_Martensite_02.png,P_Martensite_2\674_P_Martensite_02.png,674_P_Martensite_02.png,674_P_Martensite_02,.png,256,256,RGB
D:\AI_Materials_Microscopy\data\raw\Dataset\P_Martensite_2\675_P_Martensite_02.png,P_Martensite_2\675_P_Martensite_02.png,675_P_Martensite_02.png,675_P_Martensite_02,.png,256,256,RGB
D:\AI_Materials_Microscopy\data\raw\Dataset\P_Martensite_2\676_P_Martensite_02.png,P_Martensite_2\676_P_Martensite_02.png,676_P_Martensite_02.png,676_P_Martensite_02,.png,256,256,RGB
D:\AI_Materials_Microscopy\data\raw\Dataset\P_Martensite_2\677_P_Martensite_02.png,P_Martensite_2\677_P_Martensite_02.png,677_P_Martensite_02.png,677_P_Martensite_02,.png,256,256,RGB
D:\AI_Materials_Microscopy\data\raw\Dataset\P_Martensite_2\678_P_Martensite_02.png,P_Martensite_2\678_P_Martensite_02.png,678_P_Martensite_02.png,678_P_Martensite_02,.png,256,256,RGB
D:\AI_Materials_Microscopy\data\raw\Dataset\P_Martensite_2\679_P_Martensite_02.png,P_Martensite_2\679_P_Martensite_02.png,679_P_Martensite_02.png,679_P_Martensite_02,.png,256,256,RGB
D:\AI_Materials_Microscopy\data\raw\Dataset\P_Martensite_2\680_P_Martensite_02.png,P_Martensite_2\680_P_Martensite_02.png,680_P_Martensite_02.png,680_P_Martensite_02,.png,256,256,RGB
D:\AI_Materials_Microscopy\data\raw\Dataset\P_Martensite_2\681_P_Martensite_02.png,P_Martensite_2\681_P_Martensite_02.png,681_P_Martensite_02.png,681_P_Martensite_02,.png,256,256,RGB
D:\AI_Materials_Microscopy\data\raw\Dataset\P_Martensite_2\682_P_Martensite_02.png,P_Martensite_2\682_P_Martensite_02.png,682_P_Martensite_02.png,682_P_Martensite_02,.png,256,256,RGB
D:\AI_Materials_Microscopy\data\raw\Dataset\P_Martensite_2\683_P_Martensite_02.png,P_Martensite_2\683_P_Martensite_02.png,683_P_Martensite_02.png,683_P_Martensite_02,.png,256,256,RGB
D:\AI_Materials_Microscopy\data\raw\Dataset\P_Martensite_3\665_P_Martensite_03.png,P_Martensite_3\665_P_Martensite_03.png,665_P_Martensite_03.png,665_P_Martensite_03,.png,96,96,RGB
D:\AI_Materials_Microscopy\data\raw\Dataset\P_Martensite_3\666_P_Martensite_03.png,P_Martensite_3\666_P_Martensite_03.png,666_P_Martensite_03.png,666_P_Martensite_03,.png,96,96,RGB
D:\AI_Materials_Microscopy\data\raw\Dataset\P_Martensite_3\667_P_Martensite_03.png,P_Martensite_3\667_P_Martensite_03.png,667_P_Martensite_03.png,667_P_Martensite_03,.png,96,96,RGB
D:\AI_Materials_Microscopy\data\raw\Dataset\P_Martensite_3\668_P_Martensite_03.png,P_Martensite_3\668_P_Martensite_03.png,668_P_Martensite_03.png,668_P_Martensite_03,.png,96,96,RGB
D:\AI_Materials_Microscopy\data\raw\Dataset\P_Martensite_3\669_P_Martensite_03.png,P_Martensite_3\669_P_Martensite_03.png,669_P_Martensite_03.png,669_P_Martensite_03,.png,96,96,RGB
D:\AI_Materials_Microscopy\data\raw\Dataset\P_Martensite_3\670_P_Martensite_03.png,P_Martensite_3\670_P_Martensite_03.png,670_P_Martensite_03.png,670_P_Martensite_03,.png,96,96,RGB
D:\AI_Materials_Microscopy\data\raw\Dataset\P_Martensite_3\671_P_Martensite_03.png,P_Martensite_3\671_P_Martensite_03.png,671_P_Martensite_03.png,671_P_Martensite_03,.png,96,96,RGB
D:\AI_Materials_Microscopy\data\raw\Dataset\P_Martensite_3\672_P_Martensite_03.png,P_Martensite_3\672_P_Martensite_03.png,672_P_Martensite_03.png,672_P_Martensite_03,.png,96,96,RGB
D:\AI_Materials_Microscopy\data\raw\Dataset\P_Martensite_3\673_P_Martensite_03.png,P_Martensite_3\673_P_Martensite_03.png,673_P_Martensite_03.png,673_P_Martensite_03,.png,96,96,RGB
D:\AI_Materials_Microscopy\data\raw\Dataset\P_Martensite_3\674_P_Martensite_03.png,P_Martensite_3\674_P_Martensite_03.png,674_P_Martensite_03.png,674_P_Martensite_03,.png,256,256,RGB
D:\AI_Materials_Microscopy\data\raw\Dataset\P_Martensite_3\675_P_Martensite_03.png,P_Martensite_3\675_P_Martensite_03.png,675_P_Martensite_03.png,675_P_Martensite_03,.png,256,256,RGB
D:\AI_Materials_Microscopy\data\raw\Dataset\P_Martensite_3\676_P_Martensite_03.png,P_Martensite_3\676_P_Martensite_03.png,676_P_Martensite_03.png,676_P_Martensite_03,.png,256,256,RGB
D:\AI_Materials_Microscopy\data\raw\Dataset\P_Martensite_3\677_P_Martensite_03.png,P_Martensite_3\677_P_Martensite_03.png,677_P_Martensite_03.png,677_P_Martensite_03,.png,256,256,RGB
D:\AI_Materials_Microscopy\data\raw\Dataset\P_Martensite_3\678_P_Martensite_03.png,P_Martensite_3\678_P_Martensite_03.png,678_P_Martensite_03.png,678_P_Martensite_03,.png,256,256,RGB
D:\AI_Materials_Microscopy\data\raw\Dataset\P_Martensite_3\679_P_Martensite_03.png,P_Martensite_3\679_P_Martensite_03.png,679_P_Martensite_03.png,679_P_Martensite_03,.png,256,256,RGB
D:\AI_Materials_Microscopy\data\raw\Dataset\P_Martensite_3\680_P_Martensite_03.png,P_Martensite_3\680_P_Martensite_03.png,680_P_Martensite_03.png,680_P_Martensite_03,.png,256,256,RGB
D:\AI_Materials_Microscopy\data\raw\Dataset\P_Martensite_3\681_P_Martensite_03.png,P_Martensite_3\681_P_Martensite_03.png,681_P_Martensite_03.png,681_P_Martensite_03,.png,256,256,RGB
D:\AI_Materials_Microscopy\data\raw\Dataset\P_Martensite_3\682_P_Martensite_03.png,P_Martensite_3\682_P_Martensite_03.png,682_P_Martensite_03.png,682_P_Martensite_03,.png,256,256,RGB
D:\AI_Materials_Microscopy\data\raw\Dataset\P_Martensite_3\683_P_Martensite_03.png,P_Martensite_3\683_P_Martensite_03.png,683_P_Martensite_03.png,683_P_Martensite_03,.png,256,256,RGB
D:\AI_Materials_Microscopy\data\raw\Dataset\P_Martensite_4\665_P_Martensite_04.png,P_Martensite_4\665_P_Martensite_04.png,665_P_Martensite_04.png,665_P_Martensite_04,.png,96,96,RGB
D:\AI_Materials_Microscopy\data\raw\Dataset\P_Martensite_4\666_P_Martensite_04.png,P_Martensite_4\666_P_Martensite_04.png,666_P_Martensite_04.png,666_P_Martensite_04,.png,96,96,RGB
D:\AI_Materials_Microscopy\data\raw\Dataset\P_Martensite_4\667_P_Martensite_04.png,P_Martensite_4\667_P_Martensite_04.png,667_P_Martensite_04.png,667_P_Martensite_04,.png,96,96,RGB
D:\AI_Materials_Microscopy\data\raw\Dataset\P_Martensite_4\668_P_Martensite_04.png,P_Martensite_4\668_P_Martensite_04.png,668_P_Martensite_04.png,668_P_Martensite_04,.png,96,96,RGB
D:\AI_Materials_Microscopy\data\raw\Dataset\P_Martensite_4\669_P_Martensite_04.png,P_Martensite_4\669_P_Martensite_04.png,669_P_Martensite_04.png,669_P_Martensite_04,.png,96,96,RGB
D:\AI_Materials_Microscopy\data\raw\Dataset\P_Martensite_4\670_P_Martensite_04.png,P_Martensite_4\670_P_Martensite_04.png,670_P_Martensite_04.png,670_P_Martensite_04,.png,96,96,RGB
D:\AI_Materials_Microscopy\data\raw\Dataset\P_Martensite_4\671_P_Martensite_04.png,P_Martensite_4\671_P_Martensite_04.png,671_P_Martensite_04.png,671_P_Martensite_04,.png,96,96,RGB
D:\AI_Materials_Microscopy\data\raw\Dataset\P_Martensite_4\672_P_Martensite_04.png,P_Martensite_4\672_P_Martensite_04.png,672_P_Martensite_04.png,672_P_Martensite_04,.png,96,96,RGB
D:\AI_Materials_Microscopy\data\raw\Dataset\P_Martensite_4\673_P_Martensite_04.png,P_Martensite_4\673_P_Martensite_04.png,673_P_Martensite_04.png,673_P_Martensite_04,.png,96,96,RGB
D:\AI_Materials_Microscopy\data\raw\Dataset\P_Martensite_4\674_P_Martensite_04.png,P_Martensite_4\674_P_Martensite_04.png,674_P_Martensite_04.png,674_P_Martensite_04,.png,256,256,RGB
D:\AI_Materials_Microscopy\data\raw\Dataset\P_Martensite_4\675_P_Martensite_04.png,P_Martensite_4\675_P_Martensite_04.png,675_P_Martensite_04.png,675_P_Martensite_04,.png,256,256,RGB
D:\AI_Materials_Microscopy\data\raw\Dataset\P_Martensite_4\676_P_Martensite_04.png,P_Martensite_4\676_P_Martensite_04.png,676_P_Martensite_04.png,676_P_Martensite_04,.png,256,256,RGB
D:\AI_Materials_Microscopy\data\raw\Dataset\P_Martensite_4\677_P_Martensite_04.png,P_Martensite_4\677_P_Martensite_04.png,677_P_Martensite_04.png,677_P_Martensite_04,.png,256,256,RGB
D:\AI_Materials_Microscopy\data\raw\Dataset\P_Martensite_4\678_P_Martensite_04.png,P_Martensite_4\678_P_Martensite_04.png,678_P_Martensite_04.png,678_P_Martensite_04,.png,256,256,RGB
D:\AI_Materials_Microscopy\data\raw\Dataset\P_Martensite_4\679_P_Martensite_04.png,P_Martensite_4\679_P_Martensite_04.png,679_P_Martensite_04.png,679_P_Martensite_04,.png,256,256,RGB
D:\AI_Materials_Microscopy\data\raw\Dataset\P_Martensite_4\680_P_Martensite_04.png,P_Martensite_4\680_P_Martensite_04.png,680_P_Martensite_04.png,680_P_Martensite_04,.png,256,256,RGB
D:\AI_Materials_Microscopy\data\raw\Dataset\P_Martensite_4\681_P_Martensite_04.png,P_Martensite_4\681_P_Martensite_04.png,681_P_Martensite_04.png,681_P_Martensite_04,.png,256,256,RGB
D:\AI_Materials_Microscopy\data\raw\Dataset\P_Martensite_4\682_P_Martensite_04.png,P_Martensite_4\682_P_Martensite_04.png,682_P_Martensite_04.png,682_P_Martensite_04,.png,256,256,RGB
D:\AI_Materials_Microscopy\data\raw\Dataset\P_Martensite_4\683_P_Martensite_04.png,P_Martensite_4\683_P_Martensite_04.png,683_P_Martensite_04.png,683_P_Martensite_04,.png,256,256,RGB
D:\AI_Materials_Microscopy\data\raw\Dataset\P_Martensite_5\665_P_Martensite_05.png,P_Martensite_5\665_P_Martensite_05.png,665_P_Martensite_05.png,665_P_Martensite_05,.png,96,96,RGB
D:\AI_Materials_Microscopy\data\raw\Dataset\P_Martensite_5\666_P_Martensite_05.png,P_Martensite_5\666_P_Martensite_05.png,666_P_Martensite_05.png,666_P_Martensite_05,.png,96,96,RGB
D:\AI_Materials_Microscopy\data\raw\Dataset\P_Martensite_5\667_P_Martensite_05.png,P_Martensite_5\667_P_Martensite_05.png,667_P_Martensite_05.png,667_P_Martensite_05,.png,96,96,RGB
D:\AI_Materials_Microscopy\data\raw\Dataset\P_Martensite_5\668_P_Martensite_05.png,P_Martensite_5\668_P_Martensite_05.png,668_P_Martensite_05.png,668_P_Martensite_05,.png,96,96,RGB
D:\AI_Materials_Microscopy\data\raw\Dataset\P_Martensite_5\669_P_Martensite_05.png,P_Martensite_5\669_P_Martensite_05.png,669_P_Martensite_05.png,669_P_Martensite_05,.png,96,96,RGB
D:\AI_Materials_Microscopy\data\raw\Dataset\P_Martensite_5\670_P_Martensite_05.png,P_Martensite_5\670_P_Martensite_05.png,670_P_Martensite_05.png,670_P_Martensite_05,.png,96,96,RGB
D:\AI_Materials_Microscopy\data\raw\Dataset\P_Martensite_5\671_P_Martensite_05.png,P_Martensite_5\671_P_Martensite_05.png,671_P_Martensite_05.png,671_P_Martensite_05,.png,96,96,RGB
D:\AI_Materials_Microscopy\data\raw\Dataset\P_Martensite_5\672_P_Martensite_05.png,P_Martensite_5\672_P_Martensite_05.png,672_P_Martensite_05.png,672_P_Martensite_05,.png,96,96,RGB
D:\AI_Materials_Microscopy\data\raw\Dataset\P_Martensite_5\673_P_Martensite_05.png,P_Martensite_5\673_P_Martensite_05.png,673_P_Martensite_05.png,673_P_Martensite_05,.png,96,96,RGB
D:\AI_Materials_Microscopy\data\raw\Dataset\P_Martensite_5\674_P_Martensite_05.png,P_Martensite_5\674_P_Martensite_05.png,674_P_Martensite_05.png,674_P_Martensite_05,.png,256,256,RGB
D:\AI_Materials_Microscopy\data\raw\Dataset\P_Martensite_5\675_P_Martensite_05.png,P_Martensite_5\675_P_Martensite_05.png,675_P_Martensite_05.png,675_P_Martensite_05,.png,256,256,RGB
D:\AI_Materials_Microscopy\data\raw\Dataset\P_Martensite_5\676_P_Martensite_05.png,P_Martensite_5\676_P_Martensite_05.png,676_P_Martensite_05.png,676_P_Martensite_05,.png,256,256,RGB
D:\AI_Materials_Microscopy\data\raw\Dataset\P_Martensite_5\677_P_Martensite_05.png,P_Martensite_5\677_P_Martensite_05.png,677_P_Martensite_05.png,677_P_Martensite_05,.png,256,256,RGB
D:\AI_Materials_Microscopy\data\raw\Dataset\P_Martensite_5\678_P_Martensite_05.png,P_Martensite_5\678_P_Martensite_05.png,678_P_Martensite_05.png,678_P_Martensite_05,.png,256,256,RGB
D:\AI_Materials_Microscopy\data\raw\Dataset\P_Martensite_5\679_P_Martensite_05.png,P_Martensite_5\679_P_Martensite_05.png,679_P_Martensite_05.png,679_P_Martensite_05,.png,256,256,RGB
D:\AI_Materials_Microscopy\data\raw\Dataset\P_Martensite_5\680_P_Martensite_05.png,P_Martensite_5\680_P_Martensite_05.png,680_P_Martensite_05.png,680_P_Martensite_05,.png,256,256,RGB
D:\AI_Materials_Microscopy\data\raw\Dataset\P_Martensite_5\681_P_Martensite_05.png,P_Martensite_5\681_P_Martensite_05.png,681_P_Martensite_05.png,681_P_Martensite_05,.png,256,256,RGB
D:\AI_Materials_Microscopy\data\raw\Dataset\P_Martensite_5\682_P_Martensite_05.png,P_Martensite_5\682_P_Martensite_05.png,682_P_Martensite_05.png,682_P_Martensite_05,.png,256,256,RGB
D:\AI_Materials_Microscopy\data\raw\Dataset\P_Martensite_5\683_P_Martensite_05.png,P_Martensite_5\683_P_Martensite_05.png,683_P_Martensite_05.png,683_P_Martensite_05,.png,256,256,RGB
D:\AI_Materials_Microscopy\data\raw\Dataset\P_Martensite_6\665_P_Martensite_06.png,P_Martensite_6\665_P_Martensite_06.png,665_P_Martensite_06.png,665_P_Martensite_06,.png,96,96,RGB
D:\AI_Materials_Microscopy\data\raw\Dataset\P_Martensite_6\666_P_Martensite_06.png,P_Martensite_6\666_P_Martensite_06.png,666_P_Martensite_06.png,666_P_Martensite_06,.png,96,96,RGB
D:\AI_Materials_Microscopy\data\raw\Dataset\P_Martensite_6\667_P_Martensite_06.png,P_Martensite_6\667_P_Martensite_06.png,667_P_Martensite_06.png,667_P_Martensite_06,.png,96,96,RGB
D:\AI_Materials_Microscopy\data\raw\Dataset\P_Martensite_6\668_P_Martensite_06.png,P_Martensite_6\668_P_Martensite_06.png,668_P_Martensite_06.png,668_P_Martensite_06,.png,96,96,RGB
D:\AI_Materials_Microscopy\data\raw\Dataset\P_Martensite_6\669_P_Martensite_06.png,P_Martensite_6\669_P_Martensite_06.png,669_P_Martensite_06.png,669_P_Martensite_06,.png,96,96,RGB
D:\AI_Materials_Microscopy\data\raw\Dataset\P_Martensite_6\670_P_Martensite_06.png,P_Martensite_6\670_P_Martensite_06.png,670_P_Martensite_06.png,670_P_Martensite_06,.png,96,96,RGB
D:\AI_Materials_Microscopy\data\raw\Dataset\P_Martensite_6\671_P_Martensite_06.png,P_Martensite_6\671_P_Martensite_06.png,671_P_Martensite_06.png,671_P_Martensite_06,.png,96,96,RGB
D:\AI_Materials_Microscopy\data\raw\Dataset\P_Martensite_6\672_P_Martensite_06.png,P_Martensite_6\672_P_Martensite_06.png,672_P_Martensite_06.png,672_P_Martensite_06,.png,96,96,RGB
D:\AI_Materials_Microscopy\data\raw\Dataset\P_Martensite_6\673_P_Martensite_06.png,P_Martensite_6\673_P_Martensite_06.png,673_P_Martensite_06.png,673_P_Martensite_06,.png,96,96,RGB
D:\AI_Materials_Microscopy\data\raw\Dataset\P_Martensite_6\674_P_Martensite_06.png,P_Martensite_6\674_P_Martensite_06.png,674_P_Martensite_06.png,674_P_Martensite_06,.png,256,256,RGB
D:\AI_Materials_Microscopy\data\raw\Dataset\P_Martensite_6\675_P_Martensite_06.png,P_Martensite_6\675_P_Martensite_06.png,675_P_Martensite_06.png,675_P_Martensite_06,.png,256,256,RGB
D:\AI_Materials_Microscopy\data\raw\Dataset\P_Martensite_6\676_P_Martensite_06.png,P_Martensite_6\676_P_Martensite_06.png,676_P_Martensite_06.png,676_P_Martensite_06,.png,256,256,RGB
D:\AI_Materials_Microscopy\data\raw\Dataset\P_Martensite_6\677_P_Martensite_06.png,P_Martensite_6\677_P_Martensite_06.png,677_P_Martensite_06.png,677_P_Martensite_06,.png,256,256,RGB
D:\AI_Materials_Microscopy\data\raw\Dataset\P_Martensite_6\678_P_Martensite_06.png,P_Martensite_6\678_P_Martensite_06.png,678_P_Martensite_06.png,678_P_Martensite_06,.png,256,256,RGB
D:\AI_Materials_Microscopy\data\raw\Dataset\P_Martensite_6\679_P_Martensite_06.png,P_Martensite_6\679_P_Martensite_06.png,679_P_Martensite_06.png,679_P_Martensite_06,.png,256,256,RGB
D:\AI_Materials_Microscopy\data\raw\Dataset\P_Martensite_6\680_P_Martensite_06.png,P_Martensite_6\680_P_Martensite_06.png,680_P_Martensite_06.png,680_P_Martensite_06,.png,256,256,RGB
D:\AI_Materials_Microscopy\data\raw\Dataset\P_Martensite_6\681_P_Martensite_06.png,P_Martensite_6\681_P_Martensite_06.png,681_P_Martensite_06.png,681_P_Martensite_06,.png,256,256,RGB
D:\AI_Materials_Microscopy\data\raw\Dataset\P_Martensite_6\682_P_Martensite_06.png,P_Martensite_6\682_P_Martensite_06.png,682_P_Martensite_06.png,682_P_Martensite_06,.png,256,256,RGB
D:\AI_Materials_Microscopy\data\raw\Dataset\P_Martensite_6\683_P_Martensite_06.png,P_Martensite_6\683_P_Martensite_06.png,683_P_Martensite_06.png,683_P_Martensite_06,.png,256,256,RGB
D:\AI_Materials_Microscopy\data\raw\Dataset\P_Martensite_7\665_P_Martensite_07.png,P_Martensite_7\665_P_Martensite_07.png,665_P_Martensite_07.png,665_P_Martensite_07,.png,96,96,RGB
D:\AI_Materials_Microscopy\data\raw\Dataset\P_Martensite_7\666_P_Martensite_07.png,P_Martensite_7\666_P_Martensite_07.png,666_P_Martensite_07.png,666_P_Martensite_07,.png,96,96,RGB
D:\AI_Materials_Microscopy\data\raw\Dataset\P_Martensite_7\667_P_Martensite_07.png,P_Martensite_7\667_P_Martensite_07.png,667_P_Martensite_07.png,667_P_Martensite_07,.png,96,96,RGB
D:\AI_Materials_Microscopy\data\raw\Dataset\P_Martensite_7\668_P_Martensite_07.png,P_Martensite_7\668_P_Martensite_07.png,668_P_Martensite_07.png,668_P_Martensite_07,.png,96,96,RGB
D:\AI_Materials_Microscopy\data\raw\Dataset\P_Martensite_7\669_P_Martensite_07.png,P_Martensite_7\669_P_Martensite_07.png,669_P_Martensite_07.png,669_P_Martensite_07,.png,96,96,RGB
D:\AI_Materials_Microscopy\data\raw\Dataset\P_Martensite_7\670_P_Martensite_07.png,P_Martensite_7\670_P_Martensite_07.png,670_P_Martensite_07.png,670_P_Martensite_07,.png,96,96,RGB
D:\AI_Materials_Microscopy\data\raw\Dataset\P_Martensite_7\671_P_Martensite_07.png,P_Martensite_7\671_P_Martensite_07.png,671_P_Martensite_07.png,671_P_Martensite_07,.png,96,96,RGB
D:\AI_Materials_Microscopy\data\raw\Dataset\P_Martensite_7\672_P_Martensite_07.png,P_Martensite_7\672_P_Martensite_07.png,672_P_Martensite_07.png,672_P_Martensite_07,.png,96,96,RGB
D:\AI_Materials_Microscopy\data\raw\Dataset\P_Martensite_7\673_P_Martensite_07.png,P_Martensite_7\673_P_Martensite_07.png,673_P_Martensite_07.png,673_P_Martensite_07,.png,96,96,RGB
D:\AI_Materials_Microscopy\data\raw\Dataset\P_Martensite_7\674_P_Martensite_07.png,P_Martensite_7\674_P_Martensite_07.png,674_P_Martensite_07.png,674_P_Martensite_07,.png,256,256,RGB
D:\AI_Materials_Microscopy\data\raw\Dataset\P_Martensite_7\675_P_Martensite_07.png,P_Martensite_7\675_P_Martensite_07.png,675_P_Martensite_07.png,675_P_Martensite_07,.png,256,256,RGB
D:\AI_Materials_Microscopy\data\raw\Dataset\P_Martensite_7\676_P_Martensite_07.png,P_Martensite_7\676_P_Martensite_07.png,676_P_Martensite_07.png,676_P_Martensite_07,.png,256,256,RGB
D:\AI_Materials_Microscopy\data\raw\Dataset\P_Martensite_7\677_P_Martensite_07.png,P_Martensite_7\677_P_Martensite_07.png,677_P_Martensite_07.png,677_P_Martensite_07,.png,256,256,RGB
D:\AI_Materials_Microscopy\data\raw\Dataset\P_Martensite_7\678_P_Martensite_07.png,P_Martensite_7\678_P_Martensite_07.png,678_P_Martensite_07.png,678_P_Martensite_07,.png,256,256,RGB
D:\AI_Materials_Microscopy\data\raw\Dataset\P_Martensite_7\679_P_Martensite_07.png,P_Martensite_7\679_P_Martensite_07.png,679_P_Martensite_07.png,679_P_Martensite_07,.png,256,256,RGB
D:\AI_Materials_Microscopy\data\raw\Dataset\P_Martensite_7\680_P_Martensite_07.png,P_Martensite_7\680_P_Martensite_07.png,680_P_Martensite_07.png,680_P_Martensite_07,.png,256,256,RGB
D:\AI_Materials_Microscopy\data\raw\Dataset\P_Martensite_7\681_P_Martensite_07.png,P_Martensite_7\681_P_Martensite_07.png,681_P_Martensite_07.png,681_P_Martensite_07,.png,256,256,RGB
D:\AI_Materials_Microscopy\data\raw\Dataset\P_Martensite_7\682_P_Martensite_07.png,P_Martensite_7\682_P_Martensite_07.png,682_P_Martensite_07.png,682_P_Martensite_07,.png,256,256,RGB
D:\AI_Materials_Microscopy\data\raw\Dataset\P_Martensite_7\683_P_Martensite_07.png,P_Martensite_7\683_P_Martensite_07.png,683_P_Martensite_07.png,683_P_Martensite_07,.png,256,256,RGB
D:\AI_Materials_Microscopy\data\raw\Dataset\P_Martensite_8\665_P_Martensite_08.png,P_Martensite_8\665_P_Martensite_08.png,665_P_Martensite_08.png,665_P_Martensite_08,.png,96,96,RGB
D:\AI_Materials_Microscopy\data\raw\Dataset\P_Martensite_8\666_P_Martensite_08.png,P_Martensite_8\666_P_Martensite_08.png,666_P_Martensite_08.png,666_P_Martensite_08,.png,96,96,RGB
D:\AI_Materials_Microscopy\data\raw\Dataset\P_Martensite_8\667_P_Martensite_08.png,P_Martensite_8\667_P_Martensite_08.png,667_P_Martensite_08.png,667_P_Martensite_08,.png,96,96,RGB
D:\AI_Materials_Microscopy\data\raw\Dataset\P_Martensite_8\668_P_Martensite_08.png,P_Martensite_8\668_P_Martensite_08.png,668_P_Martensite_08.png,668_P_Martensite_08,.png,96,96,RGB
D:\AI_Materials_Microscopy\data\raw\Dataset\P_Martensite_8\669_P_Martensite_08.png,P_Martensite_8\669_P_Martensite_08.png,669_P_Martensite_08.png,669_P_Martensite_08,.png,96,96,RGB
D:\AI_Materials_Microscopy\data\raw\Dataset\P_Martensite_8\670_P_Martensite_08.png,P_Martensite_8\670_P_Martensite_08.png,670_P_Martensite_08.png,670_P_Martensite_08,.png,96,96,RGB
D:\AI_Materials_Microscopy\data\raw\Dataset\P_Martensite_8\671_P_Martensite_08.png,P_Martensite_8\671_P_Martensite_08.png,671_P_Martensite_08.png,671_P_Martensite_08,.png,96,96,RGB
D:\AI_Materials_Microscopy\data\raw\Dataset\P_Martensite_8\672_P_Martensite_08.png,P_Martensite_8\672_P_Martensite_08.png,672_P_Martensite_08.png,672_P_Martensite_08,.png,96,96,RGB
D:\AI_Materials_Microscopy\data\raw\Dataset\P_Martensite_8\673_P_Martensite_08.png,P_Martensite_8\673_P_Martensite_08.png,673_P_Martensite_08.png,673_P_Martensite_08,.png,96,96,RGB
D:\AI_Materials_Microscopy\data\raw\Dataset\P_Martensite_8\674_P_Martensite_08.png,P_Martensite_8\674_P_Martensite_08.png,674_P_Martensite_08.png,674_P_Martensite_08,.png,256,256,RGB
D:\AI_Materials_Microscopy\data\raw\Dataset\P_Martensite_8\675_P_Martensite_08.png,P_Martensite_8\675_P_Martensite_08.png,675_P_Martensite_08.png,675_P_Martensite_08,.png,256,256,RGB
D:\AI_Materials_Microscopy\data\raw\Dataset\P_Martensite_8\676_P_Martensite_08.png,P_Martensite_8\676_P_Martensite_08.png,676_P_Martensite_08.png,676_P_Martensite_08,.png,256,256,RGB
D:\AI_Materials_Microscopy\data\raw\Dataset\P_Martensite_8\677_P_Martensite_08.png,P_Martensite_8\677_P_Martensite_08.png,677_P_Martensite_08.png,677_P_Martensite_08,.png,256,256,RGB
D:\AI_Materials_Microscopy\data\raw\Dataset\P_Martensite_8\678_P_Martensite_08.png,P_Martensite_8\678_P_Martensite_08.png,678_P_Martensite_08.png,678_P_Martensite_08,.png,256,256,RGB
D:\AI_Materials_Microscopy\data\raw\Dataset\P_Martensite_8\679_P_Martensite_08.png,P_Martensite_8\679_P_Martensite_08.png,679_P_Martensite_08.png,679_P_Martensite_08,.png,256,256,RGB
D:\AI_Materials_Microscopy\data\raw\Dataset\P_Martensite_8\680_P_Martensite_08.png,P_Martensite_8\680_P_Martensite_08.png,680_P_Martensite_08.png,680_P_Martensite_08,.png,256,256,RGB
D:\AI_Materials_Microscopy\data\raw\Dataset\P_Martensite_8\681_P_Martensite_08.png,P_Martensite_8\681_P_Martensite_08.png,681_P_Martensite_08.png,681_P_Martensite_08,.png,256,256,RGB
D:\AI_Materials_Microscopy\data\raw\Dataset\P_Martensite_8\682_P_Martensite_08.png,P_Martensite_8\682_P_Martensite_08.png,682_P_Martensite_08.png,682_P_Martensite_08,.png,256,256,RGB
D:\AI_Materials_Microscopy\data\raw\Dataset\P_Martensite_8\683_P_Martensite_08.png,P_Martensite_8\683_P_Martensite_08.png,683_P_Martensite_08.png,683_P_Martensite_08,.png,256,256,RGB
D:\AI_Materials_Microscopy\data\raw\Dataset\P_Martensite_9\665_P_Martensite_09.png,P_Martensite_9\665_P_Martensite_09.png,665_P_Martensite_09.png,665_P_Martensite_09,.png,96,96,RGB
D:\AI_Materials_Microscopy\data\raw\Dataset\P_Martensite_9\666_P_Martensite_09.png,P_Martensite_9\666_P_Martensite_09.png,666_P_Martensite_09.png,666_P_Martensite_09,.png,96,96,RGB
D:\AI_Materials_Microscopy\data\raw\Dataset\P_Martensite_9\667_P_Martensite_09.png,P_Martensite_9\667_P_Martensite_09.png,667_P_Martensite_09.png,667_P_Martensite_09,.png,96,96,RGB
D:\AI_Materials_Microscopy\data\raw\Dataset\P_Martensite_9\668_P_Martensite_09.png,P_Martensite_9\668_P_Martensite_09.png,668_P_Martensite_09.png,668_P_Martensite_09,.png,96,96,RGB
D:\AI_Materials_Microscopy\data\raw\Dataset\P_Martensite_9\669_P_Martensite_09.png,P_Martensite_9\669_P_Martensite_09.png,669_P_Martensite_09.png,669_P_Martensite_09,.png,96,96,RGB
D:\AI_Materials_Microscopy\data\raw\Dataset\P_Martensite_9\670_P_Martensite_09.png,P_Martensite_9\670_P_Martensite_09.png,670_P_Martensite_09.png,670_P_Martensite_09,.png,96,96,RGB
D:\AI_Materials_Microscopy\data\raw\Dataset\P_Martensite_9\671_P_Martensite_09.png,P_Martensite_9\671_P_Martensite_09.png,671_P_Martensite_09.png,671_P_Martensite_09,.png,96,96,RGB
D:\AI_Materials_Microscopy\data\raw\Dataset\P_Martensite_9\672_P_Martensite_09.png,P_Martensite_9\672_P_Martensite_09.png,672_P_Martensite_09.png,672_P_Martensite_09,.png,96,96,RGB
D:\AI_Materials_Microscopy\data\raw\Dataset\P_Martensite_9\673_P_Martensite_09.png,P_Martensite_9\673_P_Martensite_09.png,673_P_Martensite_09.png,673_P_Martensite_09,.png,96,96,RGB
D:\AI_Materials_Microscopy\data\raw\Dataset\P_Martensite_9\674_P_Martensite_09.png,P_Martensite_9\674_P_Martensite_09.png,674_P_Martensite_09.png,674_P_Martensite_09,.png,256,256,RGB
D:\AI_Materials_Microscopy\data\raw\Dataset\P_Martensite_9\675_P_Martensite_09.png,P_Martensite_9\675_P_Martensite_09.png,675_P_Martensite_09.png,675_P_Martensite_09,.png,256,256,RGB
D:\AI_Materials_Microscopy\data\raw\Dataset\P_Martensite_9\676_P_Martensite_09.png,P_Martensite_9\676_P_Martensite_09.png,676_P_Martensite_09.png,676_P_Martensite_09,.png,256,256,RGB
D:\AI_Materials_Microscopy\data\raw\Dataset\P_Martensite_9\677_P_Martensite_09.png,P_Martensite_9\677_P_Martensite_09.png,677_P_Martensite_09.png,677_P_Martensite_09,.png,256,256,RGB
D:\AI_Materials_Microscopy\data\raw\Dataset\P_Martensite_9\678_P_Martensite_09.png,P_Martensite_9\678_P_Martensite_09.png,678_P_Martensite_09.png,678_P_Martensite_09,.png,256,256,RGB
D:\AI_Materials_Microscopy\data\raw\Dataset\P_Martensite_9\679_P_Martensite_09.png,P_Martensite_9\679_P_Martensite_09.png,679_P_Martensite_09.png,679_P_Martensite_09,.png,256,256,RGB
D:\AI_Materials_Microscopy\data\raw\Dataset\P_Martensite_9\680_P_Martensite_09.png,P_Martensite_9\680_P_Martensite_09.png,680_P_Martensite_09.png,680_P_Martensite_09,.png,256,256,RGB
D:\AI_Materials_Microscopy\data\raw\Dataset\P_Martensite_9\681_P_Martensite_09.png,P_Martensite_9\681_P_Martensite_09.png,681_P_Martensite_09.png,681_P_Martensite_09,.png,256,256,RGB
D:\AI_Materials_Microscopy\data\raw\Dataset\P_Martensite_9\682_P_Martensite_09.png,P_Martensite_9\682_P_Martensite_09.png,682_P_Martensite_09.png,682_P_Martensite_09,.png,256,256,RGB
D:\AI_Materials_Microscopy\data\raw\Dataset\P_Martensite_9\683_P_Martensite_09.png,P_Martensite_9\683_P_Martensite_09.png,683_P_Martensite_09.png,683_P_Martensite_09,.png,256,256,RGB
D:\AI_Materials_Microscopy\data\raw\Dataset\Q_Martensite_1\741_Q_Martensite_01.png,Q_Martensite_1\741_Q_Martensite_01.png,741_Q_Martensite_01.png,741_Q_Martensite_01,.png,96,96,RGB
D:\AI_Materials_Microscopy\data\raw\Dataset\Q_Martensite_1\742_Q_Martensite_01.png,Q_Martensite_1\742_Q_Martensite_01.png,742_Q_Martensite_01.png,742_Q_Martensite_01,.png,96,96,RGB
D:\AI_Materials_Microscopy\data\raw\Dataset\Q_Martensite_1\743_Q_Martensite_01.png,Q_Martensite_1\743_Q_Martensite_01.png,743_Q_Martensite_01.png,743_Q_Martensite_01,.png,96,96,RGB
D:\AI_Materials_Microscopy\data\raw\Dataset\Q_Martensite_1\744_Q_Martensite_01.png,Q_Martensite_1\744_Q_Martensite_01.png,744_Q_Martensite_01.png,744_Q_Martensite_01,.png,96,96,RGB
D:\AI_Materials_Microscopy\data\raw\Dataset\Q_Martensite_1\745_Q_Martensite_01.png,Q_Martensite_1\745_Q_Martensite_01.png,745_Q_Martensite_01.png,745_Q_Martensite_01,.png,96,96,RGB
D:\AI_Materials_Microscopy\data\raw\Dataset\Q_Martensite_1\746_Q_Martensite_01.png,Q_Martensite_1\746_Q_Martensite_01.png,746_Q_Martensite_01.png,746_Q_Martensite_01,.png,96,96,RGB
D:\AI_Materials_Microscopy\data\raw\Dataset\Q_Martensite_1\747_Q_Martensite_01.png,Q_Martensite_1\747_Q_Martensite_01.png,747_Q_Martensite_01.png,747_Q_Martensite_01,.png,96,96,RGB
D:\AI_Materials_Microscopy\data\raw\Dataset\Q_Martensite_1\748_Q_Martensite_01.png,Q_Martensite_1\748_Q_Martensite_01.png,748_Q_Martensite_01.png,748_Q_Martensite_01,.png,96,96,RGB
D:\AI_Materials_Microscopy\data\raw\Dataset\Q_Martensite_1\749_Q_Martensite_01.png,Q_Martensite_1\749_Q_Martensite_01.png,749_Q_Martensite_01.png,749_Q_Martensite_01,.png,96,96,RGB
D:\AI_Materials_Microscopy\data\raw\Dataset\Q_Martensite_1\750_Q_Martensite_01.png,Q_Martensite_1\750_Q_Martensite_01.png,750_Q_Martensite_01.png,750_Q_Martensite_01,.png,256,256,RGB
D:\AI_Materials_Microscopy\data\raw\Dataset\Q_Martensite_1\751_Q_Martensite_01.png,Q_Martensite_1\751_Q_Martensite_01.png,751_Q_Martensite_01.png,751_Q_Martensite_01,.png,256,256,RGB
D:\AI_Materials_Microscopy\data\raw\Dataset\Q_Martensite_1\752_Q_Martensite_01.png,Q_Martensite_1\752_Q_Martensite_01.png,752_Q_Martensite_01.png,752_Q_Martensite_01,.png,256,256,RGB
D:\AI_Materials_Microscopy\data\raw\Dataset\Q_Martensite_1\753_Q_Martensite_01.png,Q_Martensite_1\753_Q_Martensite_01.png,753_Q_Martensite_01.png,753_Q_Martensite_01,.png,256,256,RGB
D:\AI_Materials_Microscopy\data\raw\Dataset\Q_Martensite_1\754_Q_Martensite_01.png,Q_Martensite_1\754_Q_Martensite_01.png,754_Q_Martensite_01.png,754_Q_Martensite_01,.png,256,256,RGB
D:\AI_Materials_Microscopy\data\raw\Dataset\Q_Martensite_1\755_Q_Martensite_01.png,Q_Martensite_1\755_Q_Martensite_01.png,755_Q_Martensite_01.png,755_Q_Martensite_01,.png,256,256,RGB
D:\AI_Materials_Microscopy\data\raw\Dataset\Q_Martensite_1\756_Q_Martensite_01.png,Q_Martensite_1\756_Q_Martensite_01.png,756_Q_Martensite_01.png,756_Q_Martensite_01,.png,256,256,RGB
D:\AI_Materials_Microscopy\data\raw\Dataset\Q_Martensite_1\757_Q_Martensite_01.png,Q_Martensite_1\757_Q_Martensite_01.png,757_Q_Martensite_01.png,757_Q_Martensite_01,.png,256,256,RGB
D:\AI_Materials_Microscopy\data\raw\Dataset\Q_Martensite_1\758_Q_Martensite_01.png,Q_Martensite_1\758_Q_Martensite_01.png,758_Q_Martensite_01.png,758_Q_Martensite_01,.png,256,256,RGB
D:\AI_Materials_Microscopy\data\raw\Dataset\Q_Martensite_1\759_Q_Martensite_01.png,Q_Martensite_1\759_Q_Martensite_01.png,759_Q_Martensite_01.png,759_Q_Martensite_01,.png,256,256,RGB
D:\AI_Materials_Microscopy\data\raw\Dataset\Q_Martensite_10\741_Q_Martensite_10.png,Q_Martensite_10\741_Q_Martensite_10.png,741_Q_Martensite_10.png,741_Q_Martensite_10,.png,96,96,RGB
D:\AI_Materials_Microscopy\data\raw\Dataset\Q_Martensite_10\742_Q_Martensite_10.png,Q_Martensite_10\742_Q_Martensite_10.png,742_Q_Martensite_10.png,742_Q_Martensite_10,.png,96,96,RGB
D:\AI_Materials_Microscopy\data\raw\Dataset\Q_Martensite_10\743_Q_Martensite_10.png,Q_Martensite_10\743_Q_Martensite_10.png,743_Q_Martensite_10.png,743_Q_Martensite_10,.png,96,96,RGB
D:\AI_Materials_Microscopy\data\raw\Dataset\Q_Martensite_10\744_Q_Martensite_10.png,Q_Martensite_10\744_Q_Martensite_10.png,744_Q_Martensite_10.png,744_Q_Martensite_10,.png,96,96,RGB
D:\AI_Materials_Microscopy\data\raw\Dataset\Q_Martensite_10\745_Q_Martensite_10.png,Q_Martensite_10\745_Q_Martensite_10.png,745_Q_Martensite_10.png,745_Q_Martensite_10,.png,96,96,RGB
D:\AI_Materials_Microscopy\data\raw\Dataset\Q_Martensite_10\746_Q_Martensite_10.png,Q_Martensite_10\746_Q_Martensite_10.png,746_Q_Martensite_10.png,746_Q_Martensite_10,.png,96,96,RGB
D:\AI_Materials_Microscopy\data\raw\Dataset\Q_Martensite_10\747_Q_Martensite_10.png,Q_Martensite_10\747_Q_Martensite_10.png,747_Q_Martensite_10.png,747_Q_Martensite_10,.png,96,96,RGB
D:\AI_Materials_Microscopy\data\raw\Dataset\Q_Martensite_10\748_Q_Martensite_10.png,Q_Martensite_10\748_Q_Martensite_10.png,748_Q_Martensite_10.png,748_Q_Martensite_10,.png,96,96,RGB
D:\AI_Materials_Microscopy\data\raw\Dataset\Q_Martensite_10\749_Q_Martensite_10.png,Q_Martensite_10\749_Q_Martensite_10.png,749_Q_Martensite_10.png,749_Q_Martensite_10,.png,96,96,RGB
D:\AI_Materials_Microscopy\data\raw\Dataset\Q_Martensite_10\750_Q_Martensite_10.png,Q_Martensite_10\750_Q_Martensite_10.png,750_Q_Martensite_10.png,750_Q_Martensite_10,.png,256,256,RGB
D:\AI_Materials_Microscopy\data\raw\Dataset\Q_Martensite_10\751_Q_Martensite_10.png,Q_Martensite_10\751_Q_Martensite_10.png,751_Q_Martensite_10.png,751_Q_Martensite_10,.png,256,256,RGB
D:\AI_Materials_Microscopy\data\raw\Dataset\Q_Martensite_10\752_Q_Martensite_10.png,Q_Martensite_10\752_Q_Martensite_10.png,752_Q_Martensite_10.png,752_Q_Martensite_10,.png,256,256,RGB
D:\AI_Materials_Microscopy\data\raw\Dataset\Q_Martensite_10\753_Q_Martensite_10.png,Q_Martensite_10\753_Q_Martensite_10.png,753_Q_Martensite_10.png,753_Q_Martensite_10,.png,256,256,RGB
D:\AI_Materials_Microscopy\data\raw\Dataset\Q_Martensite_10\754_Q_Martensite_10.png,Q_Martensite_10\754_Q_Martensite_10.png,754_Q_Martensite_10.png,754_Q_Martensite_10,.png,256,256,RGB
D:\AI_Materials_Microscopy\data\raw\Dataset\Q_Martensite_10\755_Q_Martensite_10.png,Q_Martensite_10\755_Q_Martensite_10.png,755_Q_Martensite_10.png,755_Q_Martensite_10,.png,256,256,RGB
D:\AI_Materials_Microscopy\data\raw\Dataset\Q_Martensite_10\756_Q_Martensite_10.png,Q_Martensite_10\756_Q_Martensite_10.png,756_Q_Martensite_10.png,756_Q_Martensite_10,.png,256,256,RGB
D:\AI_Materials_Microscopy\data\raw\Dataset\Q_Martensite_10\757_Q_Martensite_10.png,Q_Martensite_10\757_Q_Martensite_10.png,757_Q_Martensite_10.png,757_Q_Martensite_10,.png,256,256,RGB
D:\AI_Materials_Microscopy\data\raw\Dataset\Q_Martensite_10\758_Q_Martensite_10.png,Q_Martensite_10\758_Q_Martensite_10.png,758_Q_Martensite_10.png,758_Q_Martensite_10,.png,256,256,RGB
D:\AI_Materials_Microscopy\data\raw\Dataset\Q_Martensite_10\759_Q_Martensite_10.png,Q_Martensite_10\759_Q_Martensite_10.png,759_Q_Martensite_10.png,759_Q_Martensite_10,.png,256,256,RGB
D:\AI_Materials_Microscopy\data\raw\Dataset\Q_Martensite_11\741_Q_Martensite_11.png,Q_Martensite_11\741_Q_Martensite_11.png,741_Q_Martensite_11.png,741_Q_Martensite_11,.png,96,96,RGB
D:\AI_Materials_Microscopy\data\raw\Dataset\Q_Martensite_11\742_Q_Martensite_11.png,Q_Martensite_11\742_Q_Martensite_11.png,742_Q_Martensite_11.png,742_Q_Martensite_11,.png,96,96,RGB
D:\AI_Materials_Microscopy\data\raw\Dataset\Q_Martensite_11\743_Q_Martensite_11.png,Q_Martensite_11\743_Q_Martensite_11.png,743_Q_Martensite_11.png,743_Q_Martensite_11,.png,96,96,RGB
D:\AI_Materials_Microscopy\data\raw\Dataset\Q_Martensite_11\744_Q_Martensite_11.png,Q_Martensite_11\744_Q_Martensite_11.png,744_Q_Martensite_11.png,744_Q_Martensite_11,.png,96,96,RGB
D:\AI_Materials_Microscopy\data\raw\Dataset\Q_Martensite_11\745_Q_Martensite_11.png,Q_Martensite_11\745_Q_Martensite_11.png,745_Q_Martensite_11.png,745_Q_Martensite_11,.png,96,96,RGB
D:\AI_Materials_Microscopy\data\raw\Dataset\Q_Martensite_11\746_Q_Martensite_11.png,Q_Martensite_11\746_Q_Martensite_11.png,746_Q_Martensite_11.png,746_Q_Martensite_11,.png,96,96,RGB
D:\AI_Materials_Microscopy\data\raw\Dataset\Q_Martensite_11\747_Q_Martensite_11.png,Q_Martensite_11\747_Q_Martensite_11.png,747_Q_Martensite_11.png,747_Q_Martensite_11,.png,96,96,RGB
D:\AI_Materials_Microscopy\data\raw\Dataset\Q_Martensite_11\748_Q_Martensite_11.png,Q_Martensite_11\748_Q_Martensite_11.png,748_Q_Martensite_11.png,748_Q_Martensite_11,.png,96,96,RGB
D:\AI_Materials_Microscopy\data\raw\Dataset\Q_Martensite_11\749_Q_Martensite_11.png,Q_Martensite_11\749_Q_Martensite_11.png,749_Q_Martensite_11.png,749_Q_Martensite_11,.png,96,96,RGB
D:\AI_Materials_Microscopy\data\raw\Dataset\Q_Martensite_11\750_Q_Martensite_11.png,Q_Martensite_11\750_Q_Martensite_11.png,750_Q_Martensite_11.png,750_Q_Martensite_11,.png,256,256,RGB
D:\AI_Materials_Microscopy\data\raw\Dataset\Q_Martensite_11\751_Q_Martensite_11.png,Q_Martensite_11\751_Q_Martensite_11.png,751_Q_Martensite_11.png,751_Q_Martensite_11,.png,256,256,RGB
D:\AI_Materials_Microscopy\data\raw\Dataset\Q_Martensite_11\752_Q_Martensite_11.png,Q_Martensite_11\752_Q_Martensite_11.png,752_Q_Martensite_11.png,752_Q_Martensite_11,.png,256,256,RGB
D:\AI_Materials_Microscopy\data\raw\Dataset\Q_Martensite_11\753_Q_Martensite_11.png,Q_Martensite_11\753_Q_Martensite_11.png,753_Q_Martensite_11.png,753_Q_Martensite_11,.png,256,256,RGB
D:\AI_Materials_Microscopy\data\raw\Dataset\Q_Martensite_11\754_Q_Martensite_11.png,Q_Martensite_11\754_Q_Martensite_11.png,754_Q_Martensite_11.png,754_Q_Martensite_11,.png,256,256,RGB
D:\AI_Materials_Microscopy\data\raw\Dataset\Q_Martensite_11\755_Q_Martensite_11.png,Q_Martensite_11\755_Q_Martensite_11.png,755_Q_Martensite_11.png,755_Q_Martensite_11,.png,256,256,RGB
D:\AI_Materials_Microscopy\data\raw\Dataset\Q_Martensite_11\756_Q_Martensite_11.png,Q_Martensite_11\756_Q_Martensite_11.png,756_Q_Martensite_11.png,756_Q_Martensite_11,.png,256,256,RGB
D:\AI_Materials_Microscopy\data\raw\Dataset\Q_Martensite_11\757_Q_Martensite_11.png,Q_Martensite_11\757_Q_Martensite_11.png,757_Q_Martensite_11.png,757_Q_Martensite_11,.png,256,256,RGB
D:\AI_Materials_Microscopy\data\raw\Dataset\Q_Martensite_11\758_Q_Martensite_11.png,Q_Martensite_11\758_Q_Martensite_11.png,758_Q_Martensite_11.png,758_Q_Martensite_11,.png,256,256,RGB
D:\AI_Materials_Microscopy\data\raw\Dataset\Q_Martensite_11\759_Q_Martensite_11.png,Q_Martensite_11\759_Q_Martensite_11.png,759_Q_Martensite_11.png,759_Q_Martensite_11,.png,256,256,RGB
D:\AI_Materials_Microscopy\data\raw\Dataset\Q_Martensite_12\741_Q_Martensite_12.png,Q_Martensite_12\741_Q_Martensite_12.png,741_Q_Martensite_12.png,741_Q_Martensite_12,.png,96,96,RGB
D:\AI_Materials_Microscopy\data\raw\Dataset\Q_Martensite_12\742_Q_Martensite_12.png,Q_Martensite_12\742_Q_Martensite_12.png,742_Q_Martensite_12.png,742_Q_Martensite_12,.png,96,96,RGB
D:\AI_Materials_Microscopy\data\raw\Dataset\Q_Martensite_12\743_Q_Martensite_12.png,Q_Martensite_12\743_Q_Martensite_12.png,743_Q_Martensite_12.png,743_Q_Martensite_12,.png,96,96,RGB
D:\AI_Materials_Microscopy\data\raw\Dataset\Q_Martensite_12\744_Q_Martensite_12.png,Q_Martensite_12\744_Q_Martensite_12.png,744_Q_Martensite_12.png,744_Q_Martensite_12,.png,96,96,RGB
D:\AI_Materials_Microscopy\data\raw\Dataset\Q_Martensite_12\745_Q_Martensite_12.png,Q_Martensite_12\745_Q_Martensite_12.png,745_Q_Martensite_12.png,745_Q_Martensite_12,.png,96,96,RGB
D:\AI_Materials_Microscopy\data\raw\Dataset\Q_Martensite_12\746_Q_Martensite_12.png,Q_Martensite_12\746_Q_Martensite_12.png,746_Q_Martensite_12.png,746_Q_Martensite_12,.png,96,96,RGB
D:\AI_Materials_Microscopy\data\raw\Dataset\Q_Martensite_12\747_Q_Martensite_12.png,Q_Martensite_12\747_Q_Martensite_12.png,747_Q_Martensite_12.png,747_Q_Martensite_12,.png,96,96,RGB
D:\AI_Materials_Microscopy\data\raw\Dataset\Q_Martensite_12\748_Q_Martensite_12.png,Q_Martensite_12\748_Q_Martensite_12.png,748_Q_Martensite_12.png,748_Q_Martensite_12,.png,96,96,RGB
D:\AI_Materials_Microscopy\data\raw\Dataset\Q_Martensite_12\749_Q_Martensite_12.png,Q_Martensite_12\749_Q_Martensite_12.png,749_Q_Martensite_12.png,749_Q_Martensite_12,.png,96,96,RGB
D:\AI_Materials_Microscopy\data\raw\Dataset\Q_Martensite_12\750_Q_Martensite_12.png,Q_Martensite_12\750_Q_Martensite_12.png,750_Q_Martensite_12.png,750_Q_Martensite_12,.png,256,256,RGB
D:\AI_Materials_Microscopy\data\raw\Dataset\Q_Martensite_12\751_Q_Martensite_12.png,Q_Martensite_12\751_Q_Martensite_12.png,751_Q_Martensite_12.png,751_Q_Martensite_12,.png,256,256,RGB
D:\AI_Materials_Microscopy\data\raw\Dataset\Q_Martensite_12\752_Q_Martensite_12.png,Q_Martensite_12\752_Q_Martensite_12.png,752_Q_Martensite_12.png,752_Q_Martensite_12,.png,256,256,RGB
D:\AI_Materials_Microscopy\data\raw\Dataset\Q_Martensite_12\753_Q_Martensite_12.png,Q_Martensite_12\753_Q_Martensite_12.png,753_Q_Martensite_12.png,753_Q_Martensite_12,.png,256,256,RGB
D:\AI_Materials_Microscopy\data\raw\Dataset\Q_Martensite_12\754_Q_Martensite_12.png,Q_Martensite_12\754_Q_Martensite_12.png,754_Q_Martensite_12.png,754_Q_Martensite_12,.png,256,256,RGB
D:\AI_Materials_Microscopy\data\raw\Dataset\Q_Martensite_12\755_Q_Martensite_12.png,Q_Martensite_12\755_Q_Martensite_12.png,755_Q_Martensite_12.png,755_Q_Martensite_12,.png,256,256,RGB
D:\AI_Materials_Microscopy\data\raw\Dataset\Q_Martensite_12\756_Q_Martensite_12.png,Q_Martensite_12\756_Q_Martensite_12.png,756_Q_Martensite_12.png,756_Q_Martensite_12,.png,256,256,RGB
D:\AI_Materials_Microscopy\data\raw\Dataset\Q_Martensite_12\757_Q_Martensite_12.png,Q_Martensite_12\757_Q_Martensite_12.png,757_Q_Martensite_12.png,757_Q_Martensite_12,.png,256,256,RGB
D:\AI_Materials_Microscopy\data\raw\Dataset\Q_Martensite_12\758_Q_Martensite_12.png,Q_Martensite_12\758_Q_Martensite_12.png,758_Q_Martensite_12.png,758_Q_Martensite_12,.png,256,256,RGB
D:\AI_Materials_Microscopy\data\raw\Dataset\Q_Martensite_12\759_Q_Martensite_12.png,Q_Martensite_12\759_Q_Martensite_12.png,759_Q_Martensite_12.png,759_Q_Martensite_12,.png,256,256,RGB
D:\AI_Materials_Microscopy\data\raw\Dataset\Q_Martensite_2\741_Q_Martensite_02.png,Q_Martensite_2\741_Q_Martensite_02.png,741_Q_Martensite_02.png,741_Q_Martensite_02,.png,96,96,RGB
D:\AI_Materials_Microscopy\data\raw\Dataset\Q_Martensite_2\742_Q_Martensite_02.png,Q_Martensite_2\742_Q_Martensite_02.png,742_Q_Martensite_02.png,742_Q_Martensite_02,.png,96,96,RGB
D:\AI_Materials_Microscopy\data\raw\Dataset\Q_Martensite_2\743_Q_Martensite_02.png,Q_Martensite_2\743_Q_Martensite_02.png,743_Q_Martensite_02.png,743_Q_Martensite_02,.png,96,96,RGB
D:\AI_Materials_Microscopy\data\raw\Dataset\Q_Martensite_2\744_Q_Martensite_02.png,Q_Martensite_2\744_Q_Martensite_02.png,744_Q_Martensite_02.png,744_Q_Martensite_02,.png,96,96,RGB
D:\AI_Materials_Microscopy\data\raw\Dataset\Q_Martensite_2\745_Q_Martensite_02.png,Q_Martensite_2\745_Q_Martensite_02.png,745_Q_Martensite_02.png,745_Q_Martensite_02,.png,96,96,RGB
D:\AI_Materials_Microscopy\data\raw\Dataset\Q_Martensite_2\746_Q_Martensite_02.png,Q_Martensite_2\746_Q_Martensite_02.png,746_Q_Martensite_02.png,746_Q_Martensite_02,.png,96,96,RGB
D:\AI_Materials_Microscopy\data\raw\Dataset\Q_Martensite_2\747_Q_Martensite_02.png,Q_Martensite_2\747_Q_Martensite_02.png,747_Q_Martensite_02.png,747_Q_Martensite_02,.png,96,96,RGB
D:\AI_Materials_Microscopy\data\raw\Dataset\Q_Martensite_2\748_Q_Martensite_02.png,Q_Martensite_2\748_Q_Martensite_02.png,748_Q_Martensite_02.png,748_Q_Martensite_02,.png,96,96,RGB
D:\AI_Materials_Microscopy\data\raw\Dataset\Q_Martensite_2\749_Q_Martensite_02.png,Q_Martensite_2\749_Q_Martensite_02.png,749_Q_Martensite_02.png,749_Q_Martensite_02,.png,96,96,RGB
D:\AI_Materials_Microscopy\data\raw\Dataset\Q_Martensite_2\750_Q_Martensite_02.png,Q_Martensite_2\750_Q_Martensite_02.png,750_Q_Martensite_02.png,750_Q_Martensite_02,.png,256,256,RGB
D:\AI_Materials_Microscopy\data\raw\Dataset\Q_Martensite_2\751_Q_Martensite_02.png,Q_Martensite_2\751_Q_Martensite_02.png,751_Q_Martensite_02.png,751_Q_Martensite_02,.png,256,256,RGB
D:\AI_Materials_Microscopy\data\raw\Dataset\Q_Martensite_2\752_Q_Martensite_02.png,Q_Martensite_2\752_Q_Martensite_02.png,752_Q_Martensite_02.png,752_Q_Martensite_02,.png,256,256,RGB
D:\AI_Materials_Microscopy\data\raw\Dataset\Q_Martensite_2\753_Q_Martensite_02.png,Q_Martensite_2\753_Q_Martensite_02.png,753_Q_Martensite_02.png,753_Q_Martensite_02,.png,256,256,RGB
D:\AI_Materials_Microscopy\data\raw\Dataset\Q_Martensite_2\754_Q_Martensite_02.png,Q_Martensite_2\754_Q_Martensite_02.png,754_Q_Martensite_02.png,754_Q_Martensite_02,.png,256,256,RGB
D:\AI_Materials_Microscopy\data\raw\Dataset\Q_Martensite_2\755_Q_Martensite_02.png,Q_Martensite_2\755_Q_Martensite_02.png,755_Q_Martensite_02.png,755_Q_Martensite_02,.png,256,256,RGB
D:\AI_Materials_Microscopy\data\raw\Dataset\Q_Martensite_2\756_Q_Martensite_02.png,Q_Martensite_2\756_Q_Martensite_02.png,756_Q_Martensite_02.png,756_Q_Martensite_02,.png,256,256,RGB
D:\AI_Materials_Microscopy\data\raw\Dataset\Q_Martensite_2\757_Q_Martensite_02.png,Q_Martensite_2\757_Q_Martensite_02.png,757_Q_Martensite_02.png,757_Q_Martensite_02,.png,256,256,RGB
D:\AI_Materials_Microscopy\data\raw\Dataset\Q_Martensite_2\758_Q_Martensite_02.png,Q_Martensite_2\758_Q_Martensite_02.png,758_Q_Martensite_02.png,758_Q_Martensite_02,.png,256,256,RGB
D:\AI_Materials_Microscopy\data\raw\Dataset\Q_Martensite_2\759_Q_Martensite_02.png,Q_Martensite_2\759_Q_Martensite_02.png,759_Q_Martensite_02.png,759_Q_Martensite_02,.png,256,256,RGB
D:\AI_Materials_Microscopy\data\raw\Dataset\Q_Martensite_3\741_Q_Martensite_03.png,Q_Martensite_3\741_Q_Martensite_03.png,741_Q_Martensite_03.png,741_Q_Martensite_03,.png,96,96,RGB
D:\AI_Materials_Microscopy\data\raw\Dataset\Q_Martensite_3\742_Q_Martensite_03.png,Q_Martensite_3\742_Q_Martensite_03.png,742_Q_Martensite_03.png,742_Q_Martensite_03,.png,96,96,RGB
D:\AI_Materials_Microscopy\data\raw\Dataset\Q_Martensite_3\743_Q_Martensite_03.png,Q_Martensite_3\743_Q_Martensite_03.png,743_Q_Martensite_03.png,743_Q_Martensite_03,.png,96,96,RGB
D:\AI_Materials_Microscopy\data\raw\Dataset\Q_Martensite_3\744_Q_Martensite_03.png,Q_Martensite_3\744_Q_Martensite_03.png,744_Q_Martensite_03.png,744_Q_Martensite_03,.png,96,96,RGB
D:\AI_Materials_Microscopy\data\raw\Dataset\Q_Martensite_3\745_Q_Martensite_03.png,Q_Martensite_3\745_Q_Martensite_03.png,745_Q_Martensite_03.png,745_Q_Martensite_03,.png,96,96,RGB
D:\AI_Materials_Microscopy\data\raw\Dataset\Q_Martensite_3\746_Q_Martensite_03.png,Q_Martensite_3\746_Q_Martensite_03.png,746_Q_Martensite_03.png,746_Q_Martensite_03,.png,96,96,RGB
D:\AI_Materials_Microscopy\data\raw\Dataset\Q_Martensite_3\747_Q_Martensite_03.png,Q_Martensite_3\747_Q_Martensite_03.png,747_Q_Martensite_03.png,747_Q_Martensite_03,.png,96,96,RGB
D:\AI_Materials_Microscopy\data\raw\Dataset\Q_Martensite_3\748_Q_Martensite_03.png,Q_Martensite_3\748_Q_Martensite_03.png,748_Q_Martensite_03.png,748_Q_Martensite_03,.png,96,96,RGB
D:\AI_Materials_Microscopy\data\raw\Dataset\Q_Martensite_3\749_Q_Martensite_03.png,Q_Martensite_3\749_Q_Martensite_03.png,749_Q_Martensite_03.png,749_Q_Martensite_03,.png,96,96,RGB
D:\AI_Materials_Microscopy\data\raw\Dataset\Q_Martensite_3\750_Q_Martensite_03.png,Q_Martensite_3\750_Q_Martensite_03.png,750_Q_Martensite_03.png,750_Q_Martensite_03,.png,256,256,RGB
D:\AI_Materials_Microscopy\data\raw\Dataset\Q_Martensite_3\751_Q_Martensite_03.png,Q_Martensite_3\751_Q_Martensite_03.png,751_Q_Martensite_03.png,751_Q_Martensite_03,.png,256,256,RGB
D:\AI_Materials_Microscopy\data\raw\Dataset\Q_Martensite_3\752_Q_Martensite_03.png,Q_Martensite_3\752_Q_Martensite_03.png,752_Q_Martensite_03.png,752_Q_Martensite_03,.png,256,256,RGB
D:\AI_Materials_Microscopy\data\raw\Dataset\Q_Martensite_3\753_Q_Martensite_03.png,Q_Martensite_3\753_Q_Martensite_03.png,753_Q_Martensite_03.png,753_Q_Martensite_03,.png,256,256,RGB
D:\AI_Materials_Microscopy\data\raw\Dataset\Q_Martensite_3\754_Q_Martensite_03.png,Q_Martensite_3\754_Q_Martensite_03.png,754_Q_Martensite_03.png,754_Q_Martensite_03,.png,256,256,RGB
D:\AI_Materials_Microscopy\data\raw\Dataset\Q_Martensite_3\755_Q_Martensite_03.png,Q_Martensite_3\755_Q_Martensite_03.png,755_Q_Martensite_03.png,755_Q_Martensite_03,.png,256,256,RGB
D:\AI_Materials_Microscopy\data\raw\Dataset\Q_Martensite_3\756_Q_Martensite_03.png,Q_Martensite_3\756_Q_Martensite_03.png,756_Q_Martensite_03.png,756_Q_Martensite_03,.png,256,256,RGB
D:\AI_Materials_Microscopy\data\raw\Dataset\Q_Martensite_3\757_Q_Martensite_03.png,Q_Martensite_3\757_Q_Martensite_03.png,757_Q_Martensite_03.png,757_Q_Martensite_03,.png,256,256,RGB
D:\AI_Materials_Microscopy\data\raw\Dataset\Q_Martensite_3\758_Q_Martensite_03.png,Q_Martensite_3\758_Q_Martensite_03.png,758_Q_Martensite_03.png,758_Q_Martensite_03,.png,256,256,RGB
D:\AI_Materials_Microscopy\data\raw\Dataset\Q_Martensite_3\759_Q_Martensite_03.png,Q_Martensite_3\759_Q_Martensite_03.png,759_Q_Martensite_03.png,759_Q_Martensite_03,.png,256,256,RGB
D:\AI_Materials_Microscopy\data\raw\Dataset\Q_Martensite_4\741_Q_Martensite_04.png,Q_Martensite_4\741_Q_Martensite_04.png,741_Q_Martensite_04.png,741_Q_Martensite_04,.png,96,96,RGB
D:\AI_Materials_Microscopy\data\raw\Dataset\Q_Martensite_4\742_Q_Martensite_04.png,Q_Martensite_4\742_Q_Martensite_04.png,742_Q_Martensite_04.png,742_Q_Martensite_04,.png,96,96,RGB
D:\AI_Materials_Microscopy\data\raw\Dataset\Q_Martensite_4\743_Q_Martensite_04.png,Q_Martensite_4\743_Q_Martensite_04.png,743_Q_Martensite_04.png,743_Q_Martensite_04,.png,96,96,RGB
D:\AI_Materials_Microscopy\data\raw\Dataset\Q_Martensite_4\744_Q_Martensite_04.png,Q_Martensite_4\744_Q_Martensite_04.png,744_Q_Martensite_04.png,744_Q_Martensite_04,.png,96,96,RGB
D:\AI_Materials_Microscopy\data\raw\Dataset\Q_Martensite_4\745_Q_Martensite_04.png,Q_Martensite_4\745_Q_Martensite_04.png,745_Q_Martensite_04.png,745_Q_Martensite_04,.png,96,96,RGB
D:\AI_Materials_Microscopy\data\raw\Dataset\Q_Martensite_4\746_Q_Martensite_04.png,Q_Martensite_4\746_Q_Martensite_04.png,746_Q_Martensite_04.png,746_Q_Martensite_04,.png,96,96,RGB
D:\AI_Materials_Microscopy\data\raw\Dataset\Q_Martensite_4\747_Q_Martensite_04.png,Q_Martensite_4\747_Q_Martensite_04.png,747_Q_Martensite_04.png,747_Q_Martensite_04,.png,96,96,RGB
D:\AI_Materials_Microscopy\data\raw\Dataset\Q_Martensite_4\748_Q_Martensite_04.png,Q_Martensite_4\748_Q_Martensite_04.png,748_Q_Martensite_04.png,748_Q_Martensite_04,.png,96,96,RGB
D:\AI_Materials_Microscopy\data\raw\Dataset\Q_Martensite_4\749_Q_Martensite_04.png,Q_Martensite_4\749_Q_Martensite_04.png,749_Q_Martensite_04.png,749_Q_Martensite_04,.png,96,96,RGB
D:\AI_Materials_Microscopy\data\raw\Dataset\Q_Martensite_4\750_Q_Martensite_04.png,Q_Martensite_4\750_Q_Martensite_04.png,750_Q_Martensite_04.png,750_Q_Martensite_04,.png,256,256,RGB
D:\AI_Materials_Microscopy\data\raw\Dataset\Q_Martensite_4\751_Q_Martensite_04.png,Q_Martensite_4\751_Q_Martensite_04.png,751_Q_Martensite_04.png,751_Q_Martensite_04,.png,256,256,RGB
D:\AI_Materials_Microscopy\data\raw\Dataset\Q_Martensite_4\752_Q_Martensite_04.png,Q_Martensite_4\752_Q_Martensite_04.png,752_Q_Martensite_04.png,752_Q_Martensite_04,.png,256,256,RGB
D:\AI_Materials_Microscopy\data\raw\Dataset\Q_Martensite_4\753_Q_Martensite_04.png,Q_Martensite_4\753_Q_Martensite_04.png,753_Q_Martensite_04.png,753_Q_Martensite_04,.png,256,256,RGB
D:\AI_Materials_Microscopy\data\raw\Dataset\Q_Martensite_4\754_Q_Martensite_04.png,Q_Martensite_4\754_Q_Martensite_04.png,754_Q_Martensite_04.png,754_Q_Martensite_04,.png,256,256,RGB
D:\AI_Materials_Microscopy\data\raw\Dataset\Q_Martensite_4\755_Q_Martensite_04.png,Q_Martensite_4\755_Q_Martensite_04.png,755_Q_Martensite_04.png,755_Q_Martensite_04,.png,256,256,RGB
D:\AI_Materials_Microscopy\data\raw\Dataset\Q_Martensite_4\756_Q_Martensite_04.png,Q_Martensite_4\756_Q_Martensite_04.png,756_Q_Martensite_04.png,756_Q_Martensite_04,.png,256,256,RGB
D:\AI_Materials_Microscopy\data\raw\Dataset\Q_Martensite_4\757_Q_Martensite_04.png,Q_Martensite_4\757_Q_Martensite_04.png,757_Q_Martensite_04.png,757_Q_Martensite_04,.png,256,256,RGB
D:\AI_Materials_Microscopy\data\raw\Dataset\Q_Martensite_4\758_Q_Martensite_04.png,Q_Martensite_4\758_Q_Martensite_04.png,758_Q_Martensite_04.png,758_Q_Martensite_04,.png,256,256,RGB
D:\AI_Materials_Microscopy\data\raw\Dataset\Q_Martensite_4\759_Q_Martensite_04.png,Q_Martensite_4\759_Q_Martensite_04.png,759_Q_Martensite_04.png,759_Q_Martensite_04,.png,256,256,RGB
D:\AI_Materials_Microscopy\data\raw\Dataset\Q_Martensite_5\741_Q_Martensite_05.png,Q_Martensite_5\741_Q_Martensite_05.png,741_Q_Martensite_05.png,741_Q_Martensite_05,.png,96,96,RGB
D:\AI_Materials_Microscopy\data\raw\Dataset\Q_Martensite_5\742_Q_Martensite_05.png,Q_Martensite_5\742_Q_Martensite_05.png,742_Q_Martensite_05.png,742_Q_Martensite_05,.png,96,96,RGB
D:\AI_Materials_Microscopy\data\raw\Dataset\Q_Martensite_5\743_Q_Martensite_05.png,Q_Martensite_5\743_Q_Martensite_05.png,743_Q_Martensite_05.png,743_Q_Martensite_05,.png,96,96,RGB
D:\AI_Materials_Microscopy\data\raw\Dataset\Q_Martensite_5\744_Q_Martensite_05.png,Q_Martensite_5\744_Q_Martensite_05.png,744_Q_Martensite_05.png,744_Q_Martensite_05,.png,96,96,RGB
D:\AI_Materials_Microscopy\data\raw\Dataset\Q_Martensite_5\745_Q_Martensite_05.png,Q_Martensite_5\745_Q_Martensite_05.png,745_Q_Martensite_05.png,745_Q_Martensite_05,.png,96,96,RGB
D:\AI_Materials_Microscopy\data\raw\Dataset\Q_Martensite_5\746_Q_Martensite_05.png,Q_Martensite_5\746_Q_Martensite_05.png,746_Q_Martensite_05.png,746_Q_Martensite_05,.png,96,96,RGB
D:\AI_Materials_Microscopy\data\raw\Dataset\Q_Martensite_5\747_Q_Martensite_05.png,Q_Martensite_5\747_Q_Martensite_05.png,747_Q_Martensite_05.png,747_Q_Martensite_05,.png,96,96,RGB
D:\AI_Materials_Microscopy\data\raw\Dataset\Q_Martensite_5\748_Q_Martensite_05.png,Q_Martensite_5\748_Q_Martensite_05.png,748_Q_Martensite_05.png,748_Q_Martensite_05,.png,96,96,RGB
D:\AI_Materials_Microscopy\data\raw\Dataset\Q_Martensite_5\749_Q_Martensite_05.png,Q_Martensite_5\749_Q_Martensite_05.png,749_Q_Martensite_05.png,749_Q_Martensite_05,.png,96,96,RGB
D:\AI_Materials_Microscopy\data\raw\Dataset\Q_Martensite_5\750_Q_Martensite_05.png,Q_Martensite_5\750_Q_Martensite_05.png,750_Q_Martensite_05.png,750_Q_Martensite_05,.png,256,256,RGB
D:\AI_Materials_Microscopy\data\raw\Dataset\Q_Martensite_5\751_Q_Martensite_05.png,Q_Martensite_5\751_Q_Martensite_05.png,751_Q_Martensite_05.png,751_Q_Martensite_05,.png,256,256,RGB
D:\AI_Materials_Microscopy\data\raw\Dataset\Q_Martensite_5\752_Q_Martensite_05.png,Q_Martensite_5\752_Q_Martensite_05.png,752_Q_Martensite_05.png,752_Q_Martensite_05,.png,256,256,RGB
D:\AI_Materials_Microscopy\data\raw\Dataset\Q_Martensite_5\753_Q_Martensite_05.png,Q_Martensite_5\753_Q_Martensite_05.png,753_Q_Martensite_05.png,753_Q_Martensite_05,.png,256,256,RGB
D:\AI_Materials_Microscopy\data\raw\Dataset\Q_Martensite_5\754_Q_Martensite_05.png,Q_Martensite_5\754_Q_Martensite_05.png,754_Q_Martensite_05.png,754_Q_Martensite_05,.png,256,256,RGB
D:\AI_Materials_Microscopy\data\raw\Dataset\Q_Martensite_5\755_Q_Martensite_05.png,Q_Martensite_5\755_Q_Martensite_05.png,755_Q_Martensite_05.png,755_Q_Martensite_05,.png,256,256,RGB
D:\AI_Materials_Microscopy\data\raw\Dataset\Q_Martensite_5\756_Q_Martensite_05.png,Q_Martensite_5\756_Q_Martensite_05.png,756_Q_Martensite_05.png,756_Q_Martensite_05,.png,256,256,RGB
D:\AI_Materials_Microscopy\data\raw\Dataset\Q_Martensite_5\757_Q_Martensite_05.png,Q_Martensite_5\757_Q_Martensite_05.png,757_Q_Martensite_05.png,757_Q_Martensite_05,.png,256,256,RGB
D:\AI_Materials_Microscopy\data\raw\Dataset\Q_Martensite_5\758_Q_Martensite_05.png,Q_Martensite_5\758_Q_Martensite_05.png,758_Q_Martensite_05.png,758_Q_Martensite_05,.png,256,256,RGB
D:\AI_Materials_Microscopy\data\raw\Dataset\Q_Martensite_5\759_Q_Martensite_05.png,Q_Martensite_5\759_Q_Martensite_05.png,759_Q_Martensite_05.png,759_Q_Martensite_05,.png,256,256,RGB
D:\AI_Materials_Microscopy\data\raw\Dataset\Q_Martensite_6\741_Q_Martensite_06.png,Q_Martensite_6\741_Q_Martensite_06.png,741_Q_Martensite_06.png,741_Q_Martensite_06,.png,96,96,RGB
D:\AI_Materials_Microscopy\data\raw\Dataset\Q_Martensite_6\742_Q_Martensite_06.png,Q_Martensite_6\742_Q_Martensite_06.png,742_Q_Martensite_06.png,742_Q_Martensite_06,.png,96,96,RGB
D:\AI_Materials_Microscopy\data\raw\Dataset\Q_Martensite_6\743_Q_Martensite_06.png,Q_Martensite_6\743_Q_Martensite_06.png,743_Q_Martensite_06.png,743_Q_Martensite_06,.png,96,96,RGB
D:\AI_Materials_Microscopy\data\raw\Dataset\Q_Martensite_6\744_Q_Martensite_06.png,Q_Martensite_6\744_Q_Martensite_06.png,744_Q_Martensite_06.png,744_Q_Martensite_06,.png,96,96,RGB
D:\AI_Materials_Microscopy\data\raw\Dataset\Q_Martensite_6\745_Q_Martensite_06.png,Q_Martensite_6\745_Q_Martensite_06.png,745_Q_Martensite_06.png,745_Q_Martensite_06,.png,96,96,RGB
D:\AI_Materials_Microscopy\data\raw\Dataset\Q_Martensite_6\746_Q_Martensite_06.png,Q_Martensite_6\746_Q_Martensite_06.png,746_Q_Martensite_06.png,746_Q_Martensite_06,.png,96,96,RGB
D:\AI_Materials_Microscopy\data\raw\Dataset\Q_Martensite_6\747_Q_Martensite_06.png,Q_Martensite_6\747_Q_Martensite_06.png,747_Q_Martensite_06.png,747_Q_Martensite_06,.png,96,96,RGB
D:\AI_Materials_Microscopy\data\raw\Dataset\Q_Martensite_6\748_Q_Martensite_06.png,Q_Martensite_6\748_Q_Martensite_06.png,748_Q_Martensite_06.png,748_Q_Martensite_06,.png,96,96,RGB
D:\AI_Materials_Microscopy\data\raw\Dataset\Q_Martensite_6\749_Q_Martensite_06.png,Q_Martensite_6\749_Q_Martensite_06.png,749_Q_Martensite_06.png,749_Q_Martensite_06,.png,96,96,RGB
D:\AI_Materials_Microscopy\data\raw\Dataset\Q_Martensite_6\750_Q_Martensite_06.png,Q_Martensite_6\750_Q_Martensite_06.png,750_Q_Martensite_06.png,750_Q_Martensite_06,.png,256,256,RGB
D:\AI_Materials_Microscopy\data\raw\Dataset\Q_Martensite_6\751_Q_Martensite_06.png,Q_Martensite_6\751_Q_Martensite_06.png,751_Q_Martensite_06.png,751_Q_Martensite_06,.png,256,256,RGB
D:\AI_Materials_Microscopy\data\raw\Dataset\Q_Martensite_6\752_Q_Martensite_06.png,Q_Martensite_6\752_Q_Martensite_06.png,752_Q_Martensite_06.png,752_Q_Martensite_06,.png,256,256,RGB
D:\AI_Materials_Microscopy\data\raw\Dataset\Q_Martensite_6\753_Q_Martensite_06.png,Q_Martensite_6\753_Q_Martensite_06.png,753_Q_Martensite_06.png,753_Q_Martensite_06,.png,256,256,RGB
D:\AI_Materials_Microscopy\data\raw\Dataset\Q_Martensite_6\754_Q_Martensite_06.png,Q_Martensite_6\754_Q_Martensite_06.png,754_Q_Martensite_06.png,754_Q_Martensite_06,.png,256,256,RGB
D:\AI_Materials_Microscopy\data\raw\Dataset\Q_Martensite_6\755_Q_Martensite_06.png,Q_Martensite_6\755_Q_Martensite_06.png,755_Q_Martensite_06.png,755_Q_Martensite_06,.png,256,256,RGB
D:\AI_Materials_Microscopy\data\raw\Dataset\Q_Martensite_6\756_Q_Martensite_06.png,Q_Martensite_6\756_Q_Martensite_06.png,756_Q_Martensite_06.png,756_Q_Martensite_06,.png,256,256,RGB
D:\AI_Materials_Microscopy\data\raw\Dataset\Q_Martensite_6\757_Q_Martensite_06.png,Q_Martensite_6\757_Q_Martensite_06.png,757_Q_Martensite_06.png,757_Q_Martensite_06,.png,256,256,RGB
D:\AI_Materials_Microscopy\data\raw\Dataset\Q_Martensite_6\758_Q_Martensite_06.png,Q_Martensite_6\758_Q_Martensite_06.png,758_Q_Martensite_06.png,758_Q_Martensite_06,.png,256,256,RGB
D:\AI_Materials_Microscopy\data\raw\Dataset\Q_Martensite_6\759_Q_Martensite_06.png,Q_Martensite_6\759_Q_Martensite_06.png,759_Q_Martensite_06.png,759_Q_Martensite_06,.png,256,256,RGB
D:\AI_Materials_Microscopy\data\raw\Dataset\Q_Martensite_7\741_Q_Martensite_07.png,Q_Martensite_7\741_Q_Martensite_07.png,741_Q_Martensite_07.png,741_Q_Martensite_07,.png,96,96,RGB
D:\AI_Materials_Microscopy\data\raw\Dataset\Q_Martensite_7\742_Q_Martensite_07.png,Q_Martensite_7\742_Q_Martensite_07.png,742_Q_Martensite_07.png,742_Q_Martensite_07,.png,96,96,RGB
D:\AI_Materials_Microscopy\data\raw\Dataset\Q_Martensite_7\743_Q_Martensite_07.png,Q_Martensite_7\743_Q_Martensite_07.png,743_Q_Martensite_07.png,743_Q_Martensite_07,.png,96,96,RGB
D:\AI_Materials_Microscopy\data\raw\Dataset\Q_Martensite_7\744_Q_Martensite_07.png,Q_Martensite_7\744_Q_Martensite_07.png,744_Q_Martensite_07.png,744_Q_Martensite_07,.png,96,96,RGB
D:\AI_Materials_Microscopy\data\raw\Dataset\Q_Martensite_7\745_Q_Martensite_07.png,Q_Martensite_7\745_Q_Martensite_07.png,745_Q_Martensite_07.png,745_Q_Martensite_07,.png,96,96,RGB
D:\AI_Materials_Microscopy\data\raw\Dataset\Q_Martensite_7\746_Q_Martensite_07.png,Q_Martensite_7\746_Q_Martensite_07.png,746_Q_Martensite_07.png,746_Q_Martensite_07,.png,96,96,RGB
D:\AI_Materials_Microscopy\data\raw\Dataset\Q_Martensite_7\747_Q_Martensite_07.png,Q_Martensite_7\747_Q_Martensite_07.png,747_Q_Martensite_07.png,747_Q_Martensite_07,.png,96,96,RGB
D:\AI_Materials_Microscopy\data\raw\Dataset\Q_Martensite_7\748_Q_Martensite_07.png,Q_Martensite_7\748_Q_Martensite_07.png,748_Q_Martensite_07.png,748_Q_Martensite_07,.png,96,96,RGB
D:\AI_Materials_Microscopy\data\raw\Dataset\Q_Martensite_7\749_Q_Martensite_07.png,Q_Martensite_7\749_Q_Martensite_07.png,749_Q_Martensite_07.png,749_Q_Martensite_07,.png,96,96,RGB
D:\AI_Materials_Microscopy\data\raw\Dataset\Q_Martensite_7\750_Q_Martensite_07.png,Q_Martensite_7\750_Q_Martensite_07.png,750_Q_Martensite_07.png,750_Q_Martensite_07,.png,256,256,RGB
D:\AI_Materials_Microscopy\data\raw\Dataset\Q_Martensite_7\751_Q_Martensite_07.png,Q_Martensite_7\751_Q_Martensite_07.png,751_Q_Martensite_07.png,751_Q_Martensite_07,.png,256,256,RGB
D:\AI_Materials_Microscopy\data\raw\Dataset\Q_Martensite_7\752_Q_Martensite_07.png,Q_Martensite_7\752_Q_Martensite_07.png,752_Q_Martensite_07.png,752_Q_Martensite_07,.png,256,256,RGB
D:\AI_Materials_Microscopy\data\raw\Dataset\Q_Martensite_7\753_Q_Martensite_07.png,Q_Martensite_7\753_Q_Martensite_07.png,753_Q_Martensite_07.png,753_Q_Martensite_07,.png,256,256,RGB
D:\AI_Materials_Microscopy\data\raw\Dataset\Q_Martensite_7\754_Q_Martensite_07.png,Q_Martensite_7\754_Q_Martensite_07.png,754_Q_Martensite_07.png,754_Q_Martensite_07,.png,256,256,RGB
D:\AI_Materials_Microscopy\data\raw\Dataset\Q_Martensite_7\755_Q_Martensite_07.png,Q_Martensite_7\755_Q_Martensite_07.png,755_Q_Martensite_07.png,755_Q_Martensite_07,.png,256,256,RGB
D:\AI_Materials_Microscopy\data\raw\Dataset\Q_Martensite_7\756_Q_Martensite_07.png,Q_Martensite_7\756_Q_Martensite_07.png,756_Q_Martensite_07.png,756_Q_Martensite_07,.png,256,256,RGB
D:\AI_Materials_Microscopy\data\raw\Dataset\Q_Martensite_7\757_Q_Martensite_07.png,Q_Martensite_7\757_Q_Martensite_07.png,757_Q_Martensite_07.png,757_Q_Martensite_07,.png,256,256,RGB
D:\AI_Materials_Microscopy\data\raw\Dataset\Q_Martensite_7\758_Q_Martensite_07.png,Q_Martensite_7\758_Q_Martensite_07.png,758_Q_Martensite_07.png,758_Q_Martensite_07,.png,256,256,RGB
D:\AI_Materials_Microscopy\data\raw\Dataset\Q_Martensite_7\759_Q_Martensite_07.png,Q_Martensite_7\759_Q_Martensite_07.png,759_Q_Martensite_07.png,759_Q_Martensite_07,.png,256,256,RGB
D:\AI_Materials_Microscopy\data\raw\Dataset\Q_Martensite_8\741_Q_Martensite_08.png,Q_Martensite_8\741_Q_Martensite_08.png,741_Q_Martensite_08.png,741_Q_Martensite_08,.png,96,96,RGB
D:\AI_Materials_Microscopy\data\raw\Dataset\Q_Martensite_8\742_Q_Martensite_08.png,Q_Martensite_8\742_Q_Martensite_08.png,742_Q_Martensite_08.png,742_Q_Martensite_08,.png,96,96,RGB
D:\AI_Materials_Microscopy\data\raw\Dataset\Q_Martensite_8\743_Q_Martensite_08.png,Q_Martensite_8\743_Q_Martensite_08.png,743_Q_Martensite_08.png,743_Q_Martensite_08,.png,96,96,RGB
D:\AI_Materials_Microscopy\data\raw\Dataset\Q_Martensite_8\744_Q_Martensite_08.png,Q_Martensite_8\744_Q_Martensite_08.png,744_Q_Martensite_08.png,744_Q_Martensite_08,.png,96,96,RGB
D:\AI_Materials_Microscopy\data\raw\Dataset\Q_Martensite_8\745_Q_Martensite_08.png,Q_Martensite_8\745_Q_Martensite_08.png,745_Q_Martensite_08.png,745_Q_Martensite_08,.png,96,96,RGB
D:\AI_Materials_Microscopy\data\raw\Dataset\Q_Martensite_8\746_Q_Martensite_08.png,Q_Martensite_8\746_Q_Martensite_08.png,746_Q_Martensite_08.png,746_Q_Martensite_08,.png,96,96,RGB
D:\AI_Materials_Microscopy\data\raw\Dataset\Q_Martensite_8\747_Q_Martensite_08.png,Q_Martensite_8\747_Q_Martensite_08.png,747_Q_Martensite_08.png,747_Q_Martensite_08,.png,96,96,RGB
D:\AI_Materials_Microscopy\data\raw\Dataset\Q_Martensite_8\748_Q_Martensite_08.png,Q_Martensite_8\748_Q_Martensite_08.png,748_Q_Martensite_08.png,748_Q_Martensite_08,.png,96,96,RGB
D:\AI_Materials_Microscopy\data\raw\Dataset\Q_Martensite_8\749_Q_Martensite_08.png,Q_Martensite_8\749_Q_Martensite_08.png,749_Q_Martensite_08.png,749_Q_Martensite_08,.png,96,96,RGB
D:\AI_Materials_Microscopy\data\raw\Dataset\Q_Martensite_8\750_Q_Martensite_08.png,Q_Martensite_8\750_Q_Martensite_08.png,750_Q_Martensite_08.png,750_Q_Martensite_08,.png,256,256,RGB
D:\AI_Materials_Microscopy\data\raw\Dataset\Q_Martensite_8\751_Q_Martensite_08.png,Q_Martensite_8\751_Q_Martensite_08.png,751_Q_Martensite_08.png,751_Q_Martensite_08,.png,256,256,RGB
D:\AI_Materials_Microscopy\data\raw\Dataset\Q_Martensite_8\752_Q_Martensite_08.png,Q_Martensite_8\752_Q_Martensite_08.png,752_Q_Martensite_08.png,752_Q_Martensite_08,.png,256,256,RGB
D:\AI_Materials_Microscopy\data\raw\Dataset\Q_Martensite_8\753_Q_Martensite_08.png,Q_Martensite_8\753_Q_Martensite_08.png,753_Q_Martensite_08.png,753_Q_Martensite_08,.png,256,256,RGB
D:\AI_Materials_Microscopy\data\raw\Dataset\Q_Martensite_8\754_Q_Martensite_08.png,Q_Martensite_8\754_Q_Martensite_08.png,754_Q_Martensite_08.png,754_Q_Martensite_08,.png,256,256,RGB
D:\AI_Materials_Microscopy\data\raw\Dataset\Q_Martensite_8\755_Q_Martensite_08.png,Q_Martensite_8\755_Q_Martensite_08.png,755_Q_Martensite_08.png,755_Q_Martensite_08,.png,256,256,RGB
D:\AI_Materials_Microscopy\data\raw\Dataset\Q_Martensite_8\756_Q_Martensite_08.png,Q_Martensite_8\756_Q_Martensite_08.png,756_Q_Martensite_08.png,756_Q_Martensite_08,.png,256,256,RGB
D:\AI_Materials_Microscopy\data\raw\Dataset\Q_Martensite_8\757_Q_Martensite_08.png,Q_Martensite_8\757_Q_Martensite_08.png,757_Q_Martensite_08.png,757_Q_Martensite_08,.png,256,256,RGB
D:\AI_Materials_Microscopy\data\raw\Dataset\Q_Martensite_8\758_Q_Martensite_08.png,Q_Martensite_8\758_Q_Martensite_08.png,758_Q_Martensite_08.png,758_Q_Martensite_08,.png,256,256,RGB
D:\AI_Materials_Microscopy\data\raw\Dataset\Q_Martensite_8\759_Q_Martensite_08.png,Q_Martensite_8\759_Q_Martensite_08.png,759_Q_Martensite_08.png,759_Q_Martensite_08,.png,256,256,RGB
D:\AI_Materials_Microscopy\data\raw\Dataset\Q_Martensite_9\741_Q_Martensite_09.png,Q_Martensite_9\741_Q_Martensite_09.png,741_Q_Martensite_09.png,741_Q_Martensite_09,.png,96,96,RGB
D:\AI_Materials_Microscopy\data\raw\Dataset\Q_Martensite_9\742_Q_Martensite_09.png,Q_Martensite_9\742_Q_Martensite_09.png,742_Q_Martensite_09.png,742_Q_Martensite_09,.png,96,96,RGB
D:\AI_Materials_Microscopy\data\raw\Dataset\Q_Martensite_9\743_Q_Martensite_09.png,Q_Martensite_9\743_Q_Martensite_09.png,743_Q_Martensite_09.png,743_Q_Martensite_09,.png,96,96,RGB
D:\AI_Materials_Microscopy\data\raw\Dataset\Q_Martensite_9\744_Q_Martensite_09.png,Q_Martensite_9\744_Q_Martensite_09.png,744_Q_Martensite_09.png,744_Q_Martensite_09,.png,96,96,RGB
D:\AI_Materials_Microscopy\data\raw\Dataset\Q_Martensite_9\745_Q_Martensite_09.png,Q_Martensite_9\745_Q_Martensite_09.png,745_Q_Martensite_09.png,745_Q_Martensite_09,.png,96,96,RGB
D:\AI_Materials_Microscopy\data\raw\Dataset\Q_Martensite_9\746_Q_Martensite_09.png,Q_Martensite_9\746_Q_Martensite_09.png,746_Q_Martensite_09.png,746_Q_Martensite_09,.png,96,96,RGB
D:\AI_Materials_Microscopy\data\raw\Dataset\Q_Martensite_9\747_Q_Martensite_09.png,Q_Martensite_9\747_Q_Martensite_09.png,747_Q_Martensite_09.png,747_Q_Martensite_09,.png,96,96,RGB
D:\AI_Materials_Microscopy\data\raw\Dataset\Q_Martensite_9\748_Q_Martensite_09.png,Q_Martensite_9\748_Q_Martensite_09.png,748_Q_Martensite_09.png,748_Q_Martensite_09,.png,96,96,RGB
D:\AI_Materials_Microscopy\data\raw\Dataset\Q_Martensite_9\749_Q_Martensite_09.png,Q_Martensite_9\749_Q_Martensite_09.png,749_Q_Martensite_09.png,749_Q_Martensite_09,.png,96,96,RGB
D:\AI_Materials_Microscopy\data\raw\Dataset\Q_Martensite_9\750_Q_Martensite_09.png,Q_Martensite_9\750_Q_Martensite_09.png,750_Q_Martensite_09.png,750_Q_Martensite_09,.png,256,256,RGB
D:\AI_Materials_Microscopy\data\raw\Dataset\Q_Martensite_9\751_Q_Martensite_09.png,Q_Martensite_9\751_Q_Martensite_09.png,751_Q_Martensite_09.png,751_Q_Martensite_09,.png,256,256,RGB
D:\AI_Materials_Microscopy\data\raw\Dataset\Q_Martensite_9\752_Q_Martensite_09.png,Q_Martensite_9\752_Q_Martensite_09.png,752_Q_Martensite_09.png,752_Q_Martensite_09,.png,256,256,RGB
D:\AI_Materials_Microscopy\data\raw\Dataset\Q_Martensite_9\753_Q_Martensite_09.png,Q_Martensite_9\753_Q_Martensite_09.png,753_Q_Martensite_09.png,753_Q_Martensite_09,.png,256,256,RGB
D:\AI_Materials_Microscopy\data\raw\Dataset\Q_Martensite_9\754_Q_Martensite_09.png,Q_Martensite_9\754_Q_Martensite_09.png,754_Q_Martensite_09.png,754_Q_Martensite_09,.png,256,256,RGB
D:\AI_Materials_Microscopy\data\raw\Dataset\Q_Martensite_9\755_Q_Martensite_09.png,Q_Martensite_9\755_Q_Martensite_09.png,755_Q_Martensite_09.png,755_Q_Martensite_09,.png,256,256,RGB
D:\AI_Materials_Microscopy\data\raw\Dataset\Q_Martensite_9\756_Q_Martensite_09.png,Q_Martensite_9\756_Q_Martensite_09.png,756_Q_Martensite_09.png,756_Q_Martensite_09,.png,256,256,RGB
D:\AI_Materials_Microscopy\data\raw\Dataset\Q_Martensite_9\757_Q_Martensite_09.png,Q_Martensite_9\757_Q_Martensite_09.png,757_Q_Martensite_09.png,757_Q_Martensite_09,.png,256,256,RGB
D:\AI_Materials_Microscopy\data\raw\Dataset\Q_Martensite_9\758_Q_Martensite_09.png,Q_Martensite_9\758_Q_Martensite_09.png,758_Q_Martensite_09.png,758_Q_Martensite_09,.png,256,256,RGB
D:\AI_Materials_Microscopy\data\raw\Dataset\Q_Martensite_9\759_Q_Martensite_09.png,Q_Martensite_9\759_Q_Martensite_09.png,759_Q_Martensite_09.png,759_Q_Martensite_09,.png,256,256,RGB
D:\AI_Materials_Microscopy\data\raw\Dataset\R_Bainite_1\836_R_Bainite_01.png,R_Bainite_1\836_R_Bainite_01.png,836_R_Bainite_01.png,836_R_Bainite_01,.png,96,96,RGB
D:\AI_Materials_Microscopy\data\raw\Dataset\R_Bainite_1\837_R_Bainite_01.png,R_Bainite_1\837_R_Bainite_01.png,837_R_Bainite_01.png,837_R_Bainite_01,.png,96,96,RGB
D:\AI_Materials_Microscopy\data\raw\Dataset\R_Bainite_1\838_R_Bainite_01.png,R_Bainite_1\838_R_Bainite_01.png,838_R_Bainite_01.png,838_R_Bainite_01,.png,96,96,RGB
D:\AI_Materials_Microscopy\data\raw\Dataset\R_Bainite_1\839_R_Bainite_01.png,R_Bainite_1\839_R_Bainite_01.png,839_R_Bainite_01.png,839_R_Bainite_01,.png,96,96,RGB
D:\AI_Materials_Microscopy\data\raw\Dataset\R_Bainite_1\840_R_Bainite_01.png,R_Bainite_1\840_R_Bainite_01.png,840_R_Bainite_01.png,840_R_Bainite_01,.png,96,96,RGB
D:\AI_Materials_Microscopy\data\raw\Dataset\R_Bainite_1\841_R_Bainite_01.png,R_Bainite_1\841_R_Bainite_01.png,841_R_Bainite_01.png,841_R_Bainite_01,.png,96,96,RGB
D:\AI_Materials_Microscopy\data\raw\Dataset\R_Bainite_1\842_R_Bainite_01.png,R_Bainite_1\842_R_Bainite_01.png,842_R_Bainite_01.png,842_R_Bainite_01,.png,96,96,RGB
D:\AI_Materials_Microscopy\data\raw\Dataset\R_Bainite_1\843_R_Bainite_01.png,R_Bainite_1\843_R_Bainite_01.png,843_R_Bainite_01.png,843_R_Bainite_01,.png,96,96,RGB
D:\AI_Materials_Microscopy\data\raw\Dataset\R_Bainite_1\844_R_Bainite_01.png,R_Bainite_1\844_R_Bainite_01.png,844_R_Bainite_01.png,844_R_Bainite_01,.png,96,96,RGB
D:\AI_Materials_Microscopy\data\raw\Dataset\R_Bainite_1\845_R_Bainite_01.png,R_Bainite_1\845_R_Bainite_01.png,845_R_Bainite_01.png,845_R_Bainite_01,.png,256,256,RGB
D:\AI_Materials_Microscopy\data\raw\Dataset\R_Bainite_1\846_R_Bainite_01.png,R_Bainite_1\846_R_Bainite_01.png,846_R_Bainite_01.png,846_R_Bainite_01,.png,256,256,RGB
D:\AI_Materials_Microscopy\data\raw\Dataset\R_Bainite_1\847_R_Bainite_01.png,R_Bainite_1\847_R_Bainite_01.png,847_R_Bainite_01.png,847_R_Bainite_01,.png,256,256,RGB
D:\AI_Materials_Microscopy\data\raw\Dataset\R_Bainite_1\848_R_Bainite_01.png,R_Bainite_1\848_R_Bainite_01.png,848_R_Bainite_01.png,848_R_Bainite_01,.png,256,256,RGB
D:\AI_Materials_Microscopy\data\raw\Dataset\R_Bainite_1\849_R_Bainite_01.png,R_Bainite_1\849_R_Bainite_01.png,849_R_Bainite_01.png,849_R_Bainite_01,.png,256,256,RGB
D:\AI_Materials_Microscopy\data\raw\Dataset\R_Bainite_1\850_R_Bainite_01.png,R_Bainite_1\850_R_Bainite_01.png,850_R_Bainite_01.png,850_R_Bainite_01,.png,256,256,RGB
D:\AI_Materials_Microscopy\data\raw\Dataset\R_Bainite_1\851_R_Bainite_01.png,R_Bainite_1\851_R_Bainite_01.png,851_R_Bainite_01.png,851_R_Bainite_01,.png,256,256,RGB
D:\AI_Materials_Microscopy\data\raw\Dataset\R_Bainite_1\852_R_Bainite_01.png,R_Bainite_1\852_R_Bainite_01.png,852_R_Bainite_01.png,852_R_Bainite_01,.png,256,256,RGB
D:\AI_Materials_Microscopy\data\raw\Dataset\R_Bainite_1\853_R_Bainite_01.png,R_Bainite_1\853_R_Bainite_01.png,853_R_Bainite_01.png,853_R_Bainite_01,.png,256,256,RGB
D:\AI_Materials_Microscopy\data\raw\Dataset\R_Bainite_1\854_R_Bainite_01.png,R_Bainite_1\854_R_Bainite_01.png,854_R_Bainite_01.png,854_R_Bainite_01,.png,256,256,RGB
D:\AI_Materials_Microscopy\data\raw\Dataset\R_Bainite_10\836_R_Bainite_10.png,R_Bainite_10\836_R_Bainite_10.png,836_R_Bainite_10.png,836_R_Bainite_10,.png,96,96,RGB
D:\AI_Materials_Microscopy\data\raw\Dataset\R_Bainite_10\837_R_Bainite_10.png,R_Bainite_10\837_R_Bainite_10.png,837_R_Bainite_10.png,837_R_Bainite_10,.png,96,96,RGB
D:\AI_Materials_Microscopy\data\raw\Dataset\R_Bainite_10\838_R_Bainite_10.png,R_Bainite_10\838_R_Bainite_10.png,838_R_Bainite_10.png,838_R_Bainite_10,.png,96,96,RGB
D:\AI_Materials_Microscopy\data\raw\Dataset\R_Bainite_10\839_R_Bainite_10.png,R_Bainite_10\839_R_Bainite_10.png,839_R_Bainite_10.png,839_R_Bainite_10,.png,96,96,RGB
D:\AI_Materials_Microscopy\data\raw\Dataset\R_Bainite_10\840_R_Bainite_10.png,R_Bainite_10\840_R_Bainite_10.png,840_R_Bainite_10.png,840_R_Bainite_10,.png,96,96,RGB
D:\AI_Materials_Microscopy\data\raw\Dataset\R_Bainite_10\841_R_Bainite_10.png,R_Bainite_10\841_R_Bainite_10.png,841_R_Bainite_10.png,841_R_Bainite_10,.png,96,96,RGB
D:\AI_Materials_Microscopy\data\raw\Dataset\R_Bainite_10\842_R_Bainite_10.png,R_Bainite_10\842_R_Bainite_10.png,842_R_Bainite_10.png,842_R_Bainite_10,.png,96,96,RGB
D:\AI_Materials_Microscopy\data\raw\Dataset\R_Bainite_10\843_R_Bainite_10.png,R_Bainite_10\843_R_Bainite_10.png,843_R_Bainite_10.png,843_R_Bainite_10,.png,96,96,RGB
D:\AI_Materials_Microscopy\data\raw\Dataset\R_Bainite_10\844_R_Bainite_10.png,R_Bainite_10\844_R_Bainite_10.png,844_R_Bainite_10.png,844_R_Bainite_10,.png,96,96,RGB
D:\AI_Materials_Microscopy\data\raw\Dataset\R_Bainite_10\845_R_Bainite_10.png,R_Bainite_10\845_R_Bainite_10.png,845_R_Bainite_10.png,845_R_Bainite_10,.png,256,256,RGB
D:\AI_Materials_Microscopy\data\raw\Dataset\R_Bainite_10\846_R_Bainite_10.png,R_Bainite_10\846_R_Bainite_10.png,846_R_Bainite_10.png,846_R_Bainite_10,.png,256,256,RGB
D:\AI_Materials_Microscopy\data\raw\Dataset\R_Bainite_10\847_R_Bainite_10.png,R_Bainite_10\847_R_Bainite_10.png,847_R_Bainite_10.png,847_R_Bainite_10,.png,256,256,RGB
D:\AI_Materials_Microscopy\data\raw\Dataset\R_Bainite_10\848_R_Bainite_10.png,R_Bainite_10\848_R_Bainite_10.png,848_R_Bainite_10.png,848_R_Bainite_10,.png,256,256,RGB
D:\AI_Materials_Microscopy\data\raw\Dataset\R_Bainite_10\849_R_Bainite_10.png,R_Bainite_10\849_R_Bainite_10.png,849_R_Bainite_10.png,849_R_Bainite_10,.png,256,256,RGB
D:\AI_Materials_Microscopy\data\raw\Dataset\R_Bainite_10\850_R_Bainite_10.png,R_Bainite_10\850_R_Bainite_10.png,850_R_Bainite_10.png,850_R_Bainite_10,.png,256,256,RGB
D:\AI_Materials_Microscopy\data\raw\Dataset\R_Bainite_10\851_R_Bainite_10.png,R_Bainite_10\851_R_Bainite_10.png,851_R_Bainite_10.png,851_R_Bainite_10,.png,256,256,RGB
D:\AI_Materials_Microscopy\data\raw\Dataset\R_Bainite_10\852_R_Bainite_10.png,R_Bainite_10\852_R_Bainite_10.png,852_R_Bainite_10.png,852_R_Bainite_10,.png,256,256,RGB
D:\AI_Materials_Microscopy\data\raw\Dataset\R_Bainite_10\853_R_Bainite_10.png,R_Bainite_10\853_R_Bainite_10.png,853_R_Bainite_10.png,853_R_Bainite_10,.png,256,256,RGB
D:\AI_Materials_Microscopy\data\raw\Dataset\R_Bainite_10\854_R_Bainite_10.png,R_Bainite_10\854_R_Bainite_10.png,854_R_Bainite_10.png,854_R_Bainite_10,.png,256,256,RGB
D:\AI_Materials_Microscopy\data\raw\Dataset\R_Bainite_11\836_R_Bainite_11.png,R_Bainite_11\836_R_Bainite_11.png,836_R_Bainite_11.png,836_R_Bainite_11,.png,96,96,RGB
D:\AI_Materials_Microscopy\data\raw\Dataset\R_Bainite_11\837_R_Bainite_11.png,R_Bainite_11\837_R_Bainite_11.png,837_R_Bainite_11.png,837_R_Bainite_11,.png,96,96,RGB
D:\AI_Materials_Microscopy\data\raw\Dataset\R_Bainite_11\838_R_Bainite_11.png,R_Bainite_11\838_R_Bainite_11.png,838_R_Bainite_11.png,838_R_Bainite_11,.png,96,96,RGB
D:\AI_Materials_Microscopy\data\raw\Dataset\R_Bainite_11\839_R_Bainite_11.png,R_Bainite_11\839_R_Bainite_11.png,839_R_Bainite_11.png,839_R_Bainite_11,.png,96,96,RGB
D:\AI_Materials_Microscopy\data\raw\Dataset\R_Bainite_11\840_R_Bainite_11.png,R_Bainite_11\840_R_Bainite_11.png,840_R_Bainite_11.png,840_R_Bainite_11,.png,96,96,RGB
D:\AI_Materials_Microscopy\data\raw\Dataset\R_Bainite_11\841_R_Bainite_11.png,R_Bainite_11\841_R_Bainite_11.png,841_R_Bainite_11.png,841_R_Bainite_11,.png,96,96,RGB
D:\AI_Materials_Microscopy\data\raw\Dataset\R_Bainite_11\842_R_Bainite_11.png,R_Bainite_11\842_R_Bainite_11.png,842_R_Bainite_11.png,842_R_Bainite_11,.png,96,96,RGB
D:\AI_Materials_Microscopy\data\raw\Dataset\R_Bainite_11\843_R_Bainite_11.png,R_Bainite_11\843_R_Bainite_11.png,843_R_Bainite_11.png,843_R_Bainite_11,.png,96,96,RGB
D:\AI_Materials_Microscopy\data\raw\Dataset\R_Bainite_11\844_R_Bainite_11.png,R_Bainite_11\844_R_Bainite_11.png,844_R_Bainite_11.png,844_R_Bainite_11,.png,96,96,RGB
D:\AI_Materials_Microscopy\data\raw\Dataset\R_Bainite_11\845_R_Bainite_11.png,R_Bainite_11\845_R_Bainite_11.png,845_R_Bainite_11.png,845_R_Bainite_11,.png,256,256,RGB
D:\AI_Materials_Microscopy\data\raw\Dataset\R_Bainite_11\846_R_Bainite_11.png,R_Bainite_11\846_R_Bainite_11.png,846_R_Bainite_11.png,846_R_Bainite_11,.png,256,256,RGB
D:\AI_Materials_Microscopy\data\raw\Dataset\R_Bainite_11\847_R_Bainite_11.png,R_Bainite_11\847_R_Bainite_11.png,847_R_Bainite_11.png,847_R_Bainite_11,.png,256,256,RGB
D:\AI_Materials_Microscopy\data\raw\Dataset\R_Bainite_11\848_R_Bainite_11.png,R_Bainite_11\848_R_Bainite_11.png,848_R_Bainite_11.png,848_R_Bainite_11,.png,256,256,RGB
D:\AI_Materials_Microscopy\data\raw\Dataset\R_Bainite_11\849_R_Bainite_11.png,R_Bainite_11\849_R_Bainite_11.png,849_R_Bainite_11.png,849_R_Bainite_11,.png,256,256,RGB
D:\AI_Materials_Microscopy\data\raw\Dataset\R_Bainite_11\850_R_Bainite_11.png,R_Bainite_11\850_R_Bainite_11.png,850_R_Bainite_11.png,850_R_Bainite_11,.png,256,256,RGB
D:\AI_Materials_Microscopy\data\raw\Dataset\R_Bainite_11\851_R_Bainite_11.png,R_Bainite_11\851_R_Bainite_11.png,851_R_Bainite_11.png,851_R_Bainite_11,.png,256,256,RGB
D:\AI_Materials_Microscopy\data\raw\Dataset\R_Bainite_11\852_R_Bainite_11.png,R_Bainite_11\852_R_Bainite_11.png,852_R_Bainite_11.png,852_R_Bainite_11,.png,256,256,RGB
D:\AI_Materials_Microscopy\data\raw\Dataset\R_Bainite_11\853_R_Bainite_11.png,R_Bainite_11\853_R_Bainite_11.png,853_R_Bainite_11.png,853_R_Bainite_11,.png,256,256,RGB
D:\AI_Materials_Microscopy\data\raw\Dataset\R_Bainite_11\854_R_Bainite_11.png,R_Bainite_11\854_R_Bainite_11.png,854_R_Bainite_11.png,854_R_Bainite_11,.png,256,256,RGB
D:\AI_Materials_Microscopy\data\raw\Dataset\R_Bainite_12\836_R_Bainite_12.png,R_Bainite_12\836_R_Bainite_12.png,836_R_Bainite_12.png,836_R_Bainite_12,.png,96,96,RGB
D:\AI_Materials_Microscopy\data\raw\Dataset\R_Bainite_12\837_R_Bainite_12.png,R_Bainite_12\837_R_Bainite_12.png,837_R_Bainite_12.png,837_R_Bainite_12,.png,96,96,RGB
D:\AI_Materials_Microscopy\data\raw\Dataset\R_Bainite_12\838_R_Bainite_12.png,R_Bainite_12\838_R_Bainite_12.png,838_R_Bainite_12.png,838_R_Bainite_12,.png,96,96,RGB
D:\AI_Materials_Microscopy\data\raw\Dataset\R_Bainite_12\839_R_Bainite_12.png,R_Bainite_12\839_R_Bainite_12.png,839_R_Bainite_12.png,839_R_Bainite_12,.png,96,96,RGB
D:\AI_Materials_Microscopy\data\raw\Dataset\R_Bainite_12\840_R_Bainite_12.png,R_Bainite_12\840_R_Bainite_12.png,840_R_Bainite_12.png,840_R_Bainite_12,.png,96,96,RGB
D:\AI_Materials_Microscopy\data\raw\Dataset\R_Bainite_12\841_R_Bainite_12.png,R_Bainite_12\841_R_Bainite_12.png,841_R_Bainite_12.png,841_R_Bainite_12,.png,96,96,RGB
D:\AI_Materials_Microscopy\data\raw\Dataset\R_Bainite_12\842_R_Bainite_12.png,R_Bainite_12\842_R_Bainite_12.png,842_R_Bainite_12.png,842_R_Bainite_12,.png,96,96,RGB
D:\AI_Materials_Microscopy\data\raw\Dataset\R_Bainite_12\843_R_Bainite_12.png,R_Bainite_12\843_R_Bainite_12.png,843_R_Bainite_12.png,843_R_Bainite_12,.png,96,96,RGB
D:\AI_Materials_Microscopy\data\raw\Dataset\R_Bainite_12\844_R_Bainite_12.png,R_Bainite_12\844_R_Bainite_12.png,844_R_Bainite_12.png,844_R_Bainite_12,.png,96,96,RGB
D:\AI_Materials_Microscopy\data\raw\Dataset\R_Bainite_12\845_R_Bainite_12.png,R_Bainite_12\845_R_Bainite_12.png,845_R_Bainite_12.png,845_R_Bainite_12,.png,256,256,RGB
D:\AI_Materials_Microscopy\data\raw\Dataset\R_Bainite_12\846_R_Bainite_12.png,R_Bainite_12\846_R_Bainite_12.png,846_R_Bainite_12.png,846_R_Bainite_12,.png,256,256,RGB
D:\AI_Materials_Microscopy\data\raw\Dataset\R_Bainite_12\847_R_Bainite_12.png,R_Bainite_12\847_R_Bainite_12.png,847_R_Bainite_12.png,847_R_Bainite_12,.png,256,256,RGB
D:\AI_Materials_Microscopy\data\raw\Dataset\R_Bainite_12\848_R_Bainite_12.png,R_Bainite_12\848_R_Bainite_12.png,848_R_Bainite_12.png,848_R_Bainite_12,.png,256,256,RGB
D:\AI_Materials_Microscopy\data\raw\Dataset\R_Bainite_12\849_R_Bainite_12.png,R_Bainite_12\849_R_Bainite_12.png,849_R_Bainite_12.png,849_R_Bainite_12,.png,256,256,RGB
D:\AI_Materials_Microscopy\data\raw\Dataset\R_Bainite_12\850_R_Bainite_12.png,R_Bainite_12\850_R_Bainite_12.png,850_R_Bainite_12.png,850_R_Bainite_12,.png,256,256,RGB
D:\AI_Materials_Microscopy\data\raw\Dataset\R_Bainite_12\851_R_Bainite_12.png,R_Bainite_12\851_R_Bainite_12.png,851_R_Bainite_12.png,851_R_Bainite_12,.png,256,256,RGB
D:\AI_Materials_Microscopy\data\raw\Dataset\R_Bainite_12\852_R_Bainite_12.png,R_Bainite_12\852_R_Bainite_12.png,852_R_Bainite_12.png,852_R_Bainite_12,.png,256,256,RGB
D:\AI_Materials_Microscopy\data\raw\Dataset\R_Bainite_12\853_R_Bainite_12.png,R_Bainite_12\853_R_Bainite_12.png,853_R_Bainite_12.png,853_R_Bainite_12,.png,256,256,RGB
D:\AI_Materials_Microscopy\data\raw\Dataset\R_Bainite_12\854_R_Bainite_12.png,R_Bainite_12\854_R_Bainite_12.png,854_R_Bainite_12.png,854_R_Bainite_12,.png,256,256,RGB
D:\AI_Materials_Microscopy\data\raw\Dataset\R_Bainite_2\836_R_Bainite_02.png,R_Bainite_2\836_R_Bainite_02.png,836_R_Bainite_02.png,836_R_Bainite_02,.png,96,96,RGB
D:\AI_Materials_Microscopy\data\raw\Dataset\R_Bainite_2\837_R_Bainite_02.png,R_Bainite_2\837_R_Bainite_02.png,837_R_Bainite_02.png,837_R_Bainite_02,.png,96,96,RGB
D:\AI_Materials_Microscopy\data\raw\Dataset\R_Bainite_2\838_R_Bainite_02.png,R_Bainite_2\838_R_Bainite_02.png,838_R_Bainite_02.png,838_R_Bainite_02,.png,96,96,RGB
D:\AI_Materials_Microscopy\data\raw\Dataset\R_Bainite_2\839_R_Bainite_02.png,R_Bainite_2\839_R_Bainite_02.png,839_R_Bainite_02.png,839_R_Bainite_02,.png,96,96,RGB
D:\AI_Materials_Microscopy\data\raw\Dataset\R_Bainite_2\840_R_Bainite_02.png,R_Bainite_2\840_R_Bainite_02.png,840_R_Bainite_02.png,840_R_Bainite_02,.png,96,96,RGB
D:\AI_Materials_Microscopy\data\raw\Dataset\R_Bainite_2\841_R_Bainite_02.png,R_Bainite_2\841_R_Bainite_02.png,841_R_Bainite_02.png,841_R_Bainite_02,.png,96,96,RGB
D:\AI_Materials_Microscopy\data\raw\Dataset\R_Bainite_2\842_R_Bainite_02.png,R_Bainite_2\842_R_Bainite_02.png,842_R_Bainite_02.png,842_R_Bainite_02,.png,96,96,RGB
D:\AI_Materials_Microscopy\data\raw\Dataset\R_Bainite_2\843_R_Bainite_02.png,R_Bainite_2\843_R_Bainite_02.png,843_R_Bainite_02.png,843_R_Bainite_02,.png,96,96,RGB
D:\AI_Materials_Microscopy\data\raw\Dataset\R_Bainite_2\844_R_Bainite_02.png,R_Bainite_2\844_R_Bainite_02.png,844_R_Bainite_02.png,844_R_Bainite_02,.png,96,96,RGB
D:\AI_Materials_Microscopy\data\raw\Dataset\R_Bainite_2\845_R_Bainite_02.png,R_Bainite_2\845_R_Bainite_02.png,845_R_Bainite_02.png,845_R_Bainite_02,.png,256,256,RGB
D:\AI_Materials_Microscopy\data\raw\Dataset\R_Bainite_2\846_R_Bainite_02.png,R_Bainite_2\846_R_Bainite_02.png,846_R_Bainite_02.png,846_R_Bainite_02,.png,256,256,RGB
D:\AI_Materials_Microscopy\data\raw\Dataset\R_Bainite_2\847_R_Bainite_02.png,R_Bainite_2\847_R_Bainite_02.png,847_R_Bainite_02.png,847_R_Bainite_02,.png,256,256,RGB
D:\AI_Materials_Microscopy\data\raw\Dataset\R_Bainite_2\848_R_Bainite_02.png,R_Bainite_2\848_R_Bainite_02.png,848_R_Bainite_02.png,848_R_Bainite_02,.png,256,256,RGB
D:\AI_Materials_Microscopy\data\raw\Dataset\R_Bainite_2\849_R_Bainite_02.png,R_Bainite_2\849_R_Bainite_02.png,849_R_Bainite_02.png,849_R_Bainite_02,.png,256,256,RGB
D:\AI_Materials_Microscopy\data\raw\Dataset\R_Bainite_2\850_R_Bainite_02.png,R_Bainite_2\850_R_Bainite_02.png,850_R_Bainite_02.png,850_R_Bainite_02,.png,256,256,RGB
D:\AI_Materials_Microscopy\data\raw\Dataset\R_Bainite_2\851_R_Bainite_02.png,R_Bainite_2\851_R_Bainite_02.png,851_R_Bainite_02.png,851_R_Bainite_02,.png,256,256,RGB
D:\AI_Materials_Microscopy\data\raw\Dataset\R_Bainite_2\852_R_Bainite_02.png,R_Bainite_2\852_R_Bainite_02.png,852_R_Bainite_02.png,852_R_Bainite_02,.png,256,256,RGB
D:\AI_Materials_Microscopy\data\raw\Dataset\R_Bainite_2\853_R_Bainite_02.png,R_Bainite_2\853_R_Bainite_02.png,853_R_Bainite_02.png,853_R_Bainite_02,.png,256,256,RGB
D:\AI_Materials_Microscopy\data\raw\Dataset\R_Bainite_2\854_R_Bainite_02.png,R_Bainite_2\854_R_Bainite_02.png,854_R_Bainite_02.png,854_R_Bainite_02,.png,256,256,RGB
D:\AI_Materials_Microscopy\data\raw\Dataset\R_Bainite_3\836_R_Bainite_03.png,R_Bainite_3\836_R_Bainite_03.png,836_R_Bainite_03.png,836_R_Bainite_03,.png,96,96,RGB
D:\AI_Materials_Microscopy\data\raw\Dataset\R_Bainite_3\837_R_Bainite_03.png,R_Bainite_3\837_R_Bainite_03.png,837_R_Bainite_03.png,837_R_Bainite_03,.png,96,96,RGB
D:\AI_Materials_Microscopy\data\raw\Dataset\R_Bainite_3\838_R_Bainite_03.png,R_Bainite_3\838_R_Bainite_03.png,838_R_Bainite_03.png,838_R_Bainite_03,.png,96,96,RGB
D:\AI_Materials_Microscopy\data\raw\Dataset\R_Bainite_3\839_R_Bainite_03.png,R_Bainite_3\839_R_Bainite_03.png,839_R_Bainite_03.png,839_R_Bainite_03,.png,96,96,RGB
D:\AI_Materials_Microscopy\data\raw\Dataset\R_Bainite_3\840_R_Bainite_03.png,R_Bainite_3\840_R_Bainite_03.png,840_R_Bainite_03.png,840_R_Bainite_03,.png,96,96,RGB
D:\AI_Materials_Microscopy\data\raw\Dataset\R_Bainite_3\841_R_Bainite_03.png,R_Bainite_3\841_R_Bainite_03.png,841_R_Bainite_03.png,841_R_Bainite_03,.png,96,96,RGB
D:\AI_Materials_Microscopy\data\raw\Dataset\R_Bainite_3\842_R_Bainite_03.png,R_Bainite_3\842_R_Bainite_03.png,842_R_Bainite_03.png,842_R_Bainite_03,.png,96,96,RGB
D:\AI_Materials_Microscopy\data\raw\Dataset\R_Bainite_3\843_R_Bainite_03.png,R_Bainite_3\843_R_Bainite_03.png,843_R_Bainite_03.png,843_R_Bainite_03,.png,96,96,RGB
D:\AI_Materials_Microscopy\data\raw\Dataset\R_Bainite_3\844_R_Bainite_03.png,R_Bainite_3\844_R_Bainite_03.png,844_R_Bainite_03.png,844_R_Bainite_03,.png,96,96,RGB
D:\AI_Materials_Microscopy\data\raw\Dataset\R_Bainite_3\845_R_Bainite_03.png,R_Bainite_3\845_R_Bainite_03.png,845_R_Bainite_03.png,845_R_Bainite_03,.png,256,256,RGB
D:\AI_Materials_Microscopy\data\raw\Dataset\R_Bainite_3\846_R_Bainite_03.png,R_Bainite_3\846_R_Bainite_03.png,846_R_Bainite_03.png,846_R_Bainite_03,.png,256,256,RGB
D:\AI_Materials_Microscopy\data\raw\Dataset\R_Bainite_3\847_R_Bainite_03.png,R_Bainite_3\847_R_Bainite_03.png,847_R_Bainite_03.png,847_R_Bainite_03,.png,256,256,RGB
D:\AI_Materials_Microscopy\data\raw\Dataset\R_Bainite_3\848_R_Bainite_03.png,R_Bainite_3\848_R_Bainite_03.png,848_R_Bainite_03.png,848_R_Bainite_03,.png,256,256,RGB
D:\AI_Materials_Microscopy\data\raw\Dataset\R_Bainite_3\849_R_Bainite_03.png,R_Bainite_3\849_R_Bainite_03.png,849_R_Bainite_03.png,849_R_Bainite_03,.png,256,256,RGB
D:\AI_Materials_Microscopy\data\raw\Dataset\R_Bainite_3\850_R_Bainite_03.png,R_Bainite_3\850_R_Bainite_03.png,850_R_Bainite_03.png,850_R_Bainite_03,.png,256,256,RGB
D:\AI_Materials_Microscopy\data\raw\Dataset\R_Bainite_3\851_R_Bainite_03.png,R_Bainite_3\851_R_Bainite_03.png,851_R_Bainite_03.png,851_R_Bainite_03,.png,256,256,RGB
D:\AI_Materials_Microscopy\data\raw\Dataset\R_Bainite_3\852_R_Bainite_03.png,R_Bainite_3\852_R_Bainite_03.png,852_R_Bainite_03.png,852_R_Bainite_03,.png,256,256,RGB
D:\AI_Materials_Microscopy\data\raw\Dataset\R_Bainite_3\853_R_Bainite_03.png,R_Bainite_3\853_R_Bainite_03.png,853_R_Bainite_03.png,853_R_Bainite_03,.png,256,256,RGB
D:\AI_Materials_Microscopy\data\raw\Dataset\R_Bainite_3\854_R_Bainite_03.png,R_Bainite_3\854_R_Bainite_03.png,854_R_Bainite_03.png,854_R_Bainite_03,.png,256,256,RGB
D:\AI_Materials_Microscopy\data\raw\Dataset\R_Bainite_4\836_R_Bainite_04.png,R_Bainite_4\836_R_Bainite_04.png,836_R_Bainite_04.png,836_R_Bainite_04,.png,96,96,RGB
D:\AI_Materials_Microscopy\data\raw\Dataset\R_Bainite_4\837_R_Bainite_04.png,R_Bainite_4\837_R_Bainite_04.png,837_R_Bainite_04.png,837_R_Bainite_04,.png,96,96,RGB
D:\AI_Materials_Microscopy\data\raw\Dataset\R_Bainite_4\838_R_Bainite_04.png,R_Bainite_4\838_R_Bainite_04.png,838_R_Bainite_04.png,838_R_Bainite_04,.png,96,96,RGB
D:\AI_Materials_Microscopy\data\raw\Dataset\R_Bainite_4\839_R_Bainite_04.png,R_Bainite_4\839_R_Bainite_04.png,839_R_Bainite_04.png,839_R_Bainite_04,.png,96,96,RGB
D:\AI_Materials_Microscopy\data\raw\Dataset\R_Bainite_4\840_R_Bainite_04.png,R_Bainite_4\840_R_Bainite_04.png,840_R_Bainite_04.png,840_R_Bainite_04,.png,96,96,RGB
D:\AI_Materials_Microscopy\data\raw\Dataset\R_Bainite_4\841_R_Bainite_04.png,R_Bainite_4\841_R_Bainite_04.png,841_R_Bainite_04.png,841_R_Bainite_04,.png,96,96,RGB
D:\AI_Materials_Microscopy\data\raw\Dataset\R_Bainite_4\842_R_Bainite_04.png,R_Bainite_4\842_R_Bainite_04.png,842_R_Bainite_04.png,842_R_Bainite_04,.png,96,96,RGB
D:\AI_Materials_Microscopy\data\raw\Dataset\R_Bainite_4\843_R_Bainite_04.png,R_Bainite_4\843_R_Bainite_04.png,843_R_Bainite_04.png,843_R_Bainite_04,.png,96,96,RGB
D:\AI_Materials_Microscopy\data\raw\Dataset\R_Bainite_4\844_R_Bainite_04.png,R_Bainite_4\844_R_Bainite_04.png,844_R_Bainite_04.png,844_R_Bainite_04,.png,96,96,RGB
D:\AI_Materials_Microscopy\data\raw\Dataset\R_Bainite_4\845_R_Bainite_04.png,R_Bainite_4\845_R_Bainite_04.png,845_R_Bainite_04.png,845_R_Bainite_04,.png,256,256,RGB
D:\AI_Materials_Microscopy\data\raw\Dataset\R_Bainite_4\846_R_Bainite_04.png,R_Bainite_4\846_R_Bainite_04.png,846_R_Bainite_04.png,846_R_Bainite_04,.png,256,256,RGB
D:\AI_Materials_Microscopy\data\raw\Dataset\R_Bainite_4\847_R_Bainite_04.png,R_Bainite_4\847_R_Bainite_04.png,847_R_Bainite_04.png,847_R_Bainite_04,.png,256,256,RGB
D:\AI_Materials_Microscopy\data\raw\Dataset\R_Bainite_4\848_R_Bainite_04.png,R_Bainite_4\848_R_Bainite_04.png,848_R_Bainite_04.png,848_R_Bainite_04,.png,256,256,RGB
D:\AI_Materials_Microscopy\data\raw\Dataset\R_Bainite_4\849_R_Bainite_04.png,R_Bainite_4\849_R_Bainite_04.png,849_R_Bainite_04.png,849_R_Bainite_04,.png,256,256,RGB
D:\AI_Materials_Microscopy\data\raw\Dataset\R_Bainite_4\850_R_Bainite_04.png,R_Bainite_4\850_R_Bainite_04.png,850_R_Bainite_04.png,850_R_Bainite_04,.png,256,256,RGB
D:\AI_Materials_Microscopy\data\raw\Dataset\R_Bainite_4\851_R_Bainite_04.png,R_Bainite_4\851_R_Bainite_04.png,851_R_Bainite_04.png,851_R_Bainite_04,.png,256,256,RGB
D:\AI_Materials_Microscopy\data\raw\Dataset\R_Bainite_4\852_R_Bainite_04.png,R_Bainite_4\852_R_Bainite_04.png,852_R_Bainite_04.png,852_R_Bainite_04,.png,256,256,RGB
D:\AI_Materials_Microscopy\data\raw\Dataset\R_Bainite_4\853_R_Bainite_04.png,R_Bainite_4\853_R_Bainite_04.png,853_R_Bainite_04.png,853_R_Bainite_04,.png,256,256,RGB
D:\AI_Materials_Microscopy\data\raw\Dataset\R_Bainite_4\854_R_Bainite_04.png,R_Bainite_4\854_R_Bainite_04.png,854_R_Bainite_04.png,854_R_Bainite_04,.png,256,256,RGB
D:\AI_Materials_Microscopy\data\raw\Dataset\R_Bainite_5\836_R_Bainite_05.png,R_Bainite_5\836_R_Bainite_05.png,836_R_Bainite_05.png,836_R_Bainite_05,.png,96,96,RGB
D:\AI_Materials_Microscopy\data\raw\Dataset\R_Bainite_5\837_R_Bainite_05.png,R_Bainite_5\837_R_Bainite_05.png,837_R_Bainite_05.png,837_R_Bainite_05,.png,96,96,RGB
D:\AI_Materials_Microscopy\data\raw\Dataset\R_Bainite_5\838_R_Bainite_05.png,R_Bainite_5\838_R_Bainite_05.png,838_R_Bainite_05.png,838_R_Bainite_05,.png,96,96,RGB
D:\AI_Materials_Microscopy\data\raw\Dataset\R_Bainite_5\839_R_Bainite_05.png,R_Bainite_5\839_R_Bainite_05.png,839_R_Bainite_05.png,839_R_Bainite_05,.png,96,96,RGB
D:\AI_Materials_Microscopy\data\raw\Dataset\R_Bainite_5\840_R_Bainite_05.png,R_Bainite_5\840_R_Bainite_05.png,840_R_Bainite_05.png,840_R_Bainite_05,.png,96,96,RGB
D:\AI_Materials_Microscopy\data\raw\Dataset\R_Bainite_5\841_R_Bainite_05.png,R_Bainite_5\841_R_Bainite_05.png,841_R_Bainite_05.png,841_R_Bainite_05,.png,96,96,RGB
D:\AI_Materials_Microscopy\data\raw\Dataset\R_Bainite_5\842_R_Bainite_05.png,R_Bainite_5\842_R_Bainite_05.png,842_R_Bainite_05.png,842_R_Bainite_05,.png,96,96,RGB
D:\AI_Materials_Microscopy\data\raw\Dataset\R_Bainite_5\843_R_Bainite_05.png,R_Bainite_5\843_R_Bainite_05.png,843_R_Bainite_05.png,843_R_Bainite_05,.png,96,96,RGB
D:\AI_Materials_Microscopy\data\raw\Dataset\R_Bainite_5\844_R_Bainite_05.png,R_Bainite_5\844_R_Bainite_05.png,844_R_Bainite_05.png,844_R_Bainite_05,.png,96,96,RGB
D:\AI_Materials_Microscopy\data\raw\Dataset\R_Bainite_5\845_R_Bainite_05.png,R_Bainite_5\845_R_Bainite_05.png,845_R_Bainite_05.png,845_R_Bainite_05,.png,256,256,RGB
D:\AI_Materials_Microscopy\data\raw\Dataset\R_Bainite_5\846_R_Bainite_05.png,R_Bainite_5\846_R_Bainite_05.png,846_R_Bainite_05.png,846_R_Bainite_05,.png,256,256,RGB
D:\AI_Materials_Microscopy\data\raw\Dataset\R_Bainite_5\847_R_Bainite_05.png,R_Bainite_5\847_R_Bainite_05.png,847_R_Bainite_05.png,847_R_Bainite_05,.png,256,256,RGB
D:\AI_Materials_Microscopy\data\raw\Dataset\R_Bainite_5\848_R_Bainite_05.png,R_Bainite_5\848_R_Bainite_05.png,848_R_Bainite_05.png,848_R_Bainite_05,.png,256,256,RGB
D:\AI_Materials_Microscopy\data\raw\Dataset\R_Bainite_5\849_R_Bainite_05.png,R_Bainite_5\849_R_Bainite_05.png,849_R_Bainite_05.png,849_R_Bainite_05,.png,256,256,RGB
D:\AI_Materials_Microscopy\data\raw\Dataset\R_Bainite_5\850_R_Bainite_05.png,R_Bainite_5\850_R_Bainite_05.png,850_R_Bainite_05.png,850_R_Bainite_05,.png,256,256,RGB
D:\AI_Materials_Microscopy\data\raw\Dataset\R_Bainite_5\851_R_Bainite_05.png,R_Bainite_5\851_R_Bainite_05.png,851_R_Bainite_05.png,851_R_Bainite_05,.png,256,256,RGB
D:\AI_Materials_Microscopy\data\raw\Dataset\R_Bainite_5\852_R_Bainite_05.png,R_Bainite_5\852_R_Bainite_05.png,852_R_Bainite_05.png,852_R_Bainite_05,.png,256,256,RGB
D:\AI_Materials_Microscopy\data\raw\Dataset\R_Bainite_5\853_R_Bainite_05.png,R_Bainite_5\853_R_Bainite_05.png,853_R_Bainite_05.png,853_R_Bainite_05,.png,256,256,RGB
D:\AI_Materials_Microscopy\data\raw\Dataset\R_Bainite_5\854_R_Bainite_05.png,R_Bainite_5\854_R_Bainite_05.png,854_R_Bainite_05.png,854_R_Bainite_05,.png,256,256,RGB
D:\AI_Materials_Microscopy\data\raw\Dataset\R_Bainite_6\836_R_Bainite_06.png,R_Bainite_6\836_R_Bainite_06.png,836_R_Bainite_06.png,836_R_Bainite_06,.png,96,96,RGB
D:\AI_Materials_Microscopy\data\raw\Dataset\R_Bainite_6\837_R_Bainite_06.png,R_Bainite_6\837_R_Bainite_06.png,837_R_Bainite_06.png,837_R_Bainite_06,.png,96,96,RGB
D:\AI_Materials_Microscopy\data\raw\Dataset\R_Bainite_6\838_R_Bainite_06.png,R_Bainite_6\838_R_Bainite_06.png,838_R_Bainite_06.png,838_R_Bainite_06,.png,96,96,RGB
D:\AI_Materials_Microscopy\data\raw\Dataset\R_Bainite_6\839_R_Bainite_06.png,R_Bainite_6\839_R_Bainite_06.png,839_R_Bainite_06.png,839_R_Bainite_06,.png,96,96,RGB
D:\AI_Materials_Microscopy\data\raw\Dataset\R_Bainite_6\840_R_Bainite_06.png,R_Bainite_6\840_R_Bainite_06.png,840_R_Bainite_06.png,840_R_Bainite_06,.png,96,96,RGB
D:\AI_Materials_Microscopy\data\raw\Dataset\R_Bainite_6\841_R_Bainite_06.png,R_Bainite_6\841_R_Bainite_06.png,841_R_Bainite_06.png,841_R_Bainite_06,.png,96,96,RGB
D:\AI_Materials_Microscopy\data\raw\Dataset\R_Bainite_6\842_R_Bainite_06.png,R_Bainite_6\842_R_Bainite_06.png,842_R_Bainite_06.png,842_R_Bainite_06,.png,96,96,RGB
D:\AI_Materials_Microscopy\data\raw\Dataset\R_Bainite_6\843_R_Bainite_06.png,R_Bainite_6\843_R_Bainite_06.png,843_R_Bainite_06.png,843_R_Bainite_06,.png,96,96,RGB
D:\AI_Materials_Microscopy\data\raw\Dataset\R_Bainite_6\844_R_Bainite_06.png,R_Bainite_6\844_R_Bainite_06.png,844_R_Bainite_06.png,844_R_Bainite_06,.png,96,96,RGB
D:\AI_Materials_Microscopy\data\raw\Dataset\R_Bainite_6\845_R_Bainite_06.png,R_Bainite_6\845_R_Bainite_06.png,845_R_Bainite_06.png,845_R_Bainite_06,.png,256,256,RGB
D:\AI_Materials_Microscopy\data\raw\Dataset\R_Bainite_6\846_R_Bainite_06.png,R_Bainite_6\846_R_Bainite_06.png,846_R_Bainite_06.png,846_R_Bainite_06,.png,256,256,RGB
D:\AI_Materials_Microscopy\data\raw\Dataset\R_Bainite_6\847_R_Bainite_06.png,R_Bainite_6\847_R_Bainite_06.png,847_R_Bainite_06.png,847_R_Bainite_06,.png,256,256,RGB
D:\AI_Materials_Microscopy\data\raw\Dataset\R_Bainite_6\848_R_Bainite_06.png,R_Bainite_6\848_R_Bainite_06.png,848_R_Bainite_06.png,848_R_Bainite_06,.png,256,256,RGB
D:\AI_Materials_Microscopy\data\raw\Dataset\R_Bainite_6\849_R_Bainite_06.png,R_Bainite_6\849_R_Bainite_06.png,849_R_Bainite_06.png,849_R_Bainite_06,.png,256,256,RGB
D:\AI_Materials_Microscopy\data\raw\Dataset\R_Bainite_6\850_R_Bainite_06.png,R_Bainite_6\850_R_Bainite_06.png,850_R_Bainite_06.png,850_R_Bainite_06,.png,256,256,RGB
D:\AI_Materials_Microscopy\data\raw\Dataset\R_Bainite_6\851_R_Bainite_06.png,R_Bainite_6\851_R_Bainite_06.png,851_R_Bainite_06.png,851_R_Bainite_06,.png,256,256,RGB
D:\AI_Materials_Microscopy\data\raw\Dataset\R_Bainite_6\852_R_Bainite_06.png,R_Bainite_6\852_R_Bainite_06.png,852_R_Bainite_06.png,852_R_Bainite_06,.png,256,256,RGB
D:\AI_Materials_Microscopy\data\raw\Dataset\R_Bainite_6\853_R_Bainite_06.png,R_Bainite_6\853_R_Bainite_06.png,853_R_Bainite_06.png,853_R_Bainite_06,.png,256,256,RGB
D:\AI_Materials_Microscopy\data\raw\Dataset\R_Bainite_6\854_R_Bainite_06.png,R_Bainite_6\854_R_Bainite_06.png,854_R_Bainite_06.png,854_R_Bainite_06,.png,256,256,RGB
D:\AI_Materials_Microscopy\data\raw\Dataset\R_Bainite_7\836_R_Bainite_07.png,R_Bainite_7\836_R_Bainite_07.png,836_R_Bainite_07.png,836_R_Bainite_07,.png,96,96,RGB
D:\AI_Materials_Microscopy\data\raw\Dataset\R_Bainite_7\837_R_Bainite_07.png,R_Bainite_7\837_R_Bainite_07.png,837_R_Bainite_07.png,837_R_Bainite_07,.png,96,96,RGB
D:\AI_Materials_Microscopy\data\raw\Dataset\R_Bainite_7\838_R_Bainite_07.png,R_Bainite_7\838_R_Bainite_07.png,838_R_Bainite_07.png,838_R_Bainite_07,.png,96,96,RGB
D:\AI_Materials_Microscopy\data\raw\Dataset\R_Bainite_7\839_R_Bainite_07.png,R_Bainite_7\839_R_Bainite_07.png,839_R_Bainite_07.png,839_R_Bainite_07,.png,96,96,RGB
D:\AI_Materials_Microscopy\data\raw\Dataset\R_Bainite_7\840_R_Bainite_07.png,R_Bainite_7\840_R_Bainite_07.png,840_R_Bainite_07.png,840_R_Bainite_07,.png,96,96,RGB
D:\AI_Materials_Microscopy\data\raw\Dataset\R_Bainite_7\841_R_Bainite_07.png,R_Bainite_7\841_R_Bainite_07.png,841_R_Bainite_07.png,841_R_Bainite_07,.png,96,96,RGB
D:\AI_Materials_Microscopy\data\raw\Dataset\R_Bainite_7\842_R_Bainite_07.png,R_Bainite_7\842_R_Bainite_07.png,842_R_Bainite_07.png,842_R_Bainite_07,.png,96,96,RGB
D:\AI_Materials_Microscopy\data\raw\Dataset\R_Bainite_7\843_R_Bainite_07.png,R_Bainite_7\843_R_Bainite_07.png,843_R_Bainite_07.png,843_R_Bainite_07,.png,96,96,RGB
D:\AI_Materials_Microscopy\data\raw\Dataset\R_Bainite_7\844_R_Bainite_07.png,R_Bainite_7\844_R_Bainite_07.png,844_R_Bainite_07.png,844_R_Bainite_07,.png,96,96,RGB
D:\AI_Materials_Microscopy\data\raw\Dataset\R_Bainite_7\845_R_Bainite_07.png,R_Bainite_7\845_R_Bainite_07.png,845_R_Bainite_07.png,845_R_Bainite_07,.png,256,256,RGB
D:\AI_Materials_Microscopy\data\raw\Dataset\R_Bainite_7\846_R_Bainite_07.png,R_Bainite_7\846_R_Bainite_07.png,846_R_Bainite_07.png,846_R_Bainite_07,.png,256,256,RGB
D:\AI_Materials_Microscopy\data\raw\Dataset\R_Bainite_7\847_R_Bainite_07.png,R_Bainite_7\847_R_Bainite_07.png,847_R_Bainite_07.png,847_R_Bainite_07,.png,256,256,RGB
D:\AI_Materials_Microscopy\data\raw\Dataset\R_Bainite_7\848_R_Bainite_07.png,R_Bainite_7\848_R_Bainite_07.png,848_R_Bainite_07.png,848_R_Bainite_07,.png,256,256,RGB
D:\AI_Materials_Microscopy\data\raw\Dataset\R_Bainite_7\849_R_Bainite_07.png,R_Bainite_7\849_R_Bainite_07.png,849_R_Bainite_07.png,849_R_Bainite_07,.png,256,256,RGB
D:\AI_Materials_Microscopy\data\raw\Dataset\R_Bainite_7\850_R_Bainite_07.png,R_Bainite_7\850_R_Bainite_07.png,850_R_Bainite_07.png,850_R_Bainite_07,.png,256,256,RGB
D:\AI_Materials_Microscopy\data\raw\Dataset\R_Bainite_7\851_R_Bainite_07.png,R_Bainite_7\851_R_Bainite_07.png,851_R_Bainite_07.png,851_R_Bainite_07,.png,256,256,RGB
D:\AI_Materials_Microscopy\data\raw\Dataset\R_Bainite_7\852_R_Bainite_07.png,R_Bainite_7\852_R_Bainite_07.png,852_R_Bainite_07.png,852_R_Bainite_07,.png,256,256,RGB
D:\AI_Materials_Microscopy\data\raw\Dataset\R_Bainite_7\853_R_Bainite_07.png,R_Bainite_7\853_R_Bainite_07.png,853_R_Bainite_07.png,853_R_Bainite_07,.png,256,256,RGB
D:\AI_Materials_Microscopy\data\raw\Dataset\R_Bainite_7\854_R_Bainite_07.png,R_Bainite_7\854_R_Bainite_07.png,854_R_Bainite_07.png,854_R_Bainite_07,.png,256,256,RGB
D:\AI_Materials_Microscopy\data\raw\Dataset\R_Bainite_8\836_R_Bainite_08.png,R_Bainite_8\836_R_Bainite_08.png,836_R_Bainite_08.png,836_R_Bainite_08,.png,96,96,RGB
D:\AI_Materials_Microscopy\data\raw\Dataset\R_Bainite_8\837_R_Bainite_08.png,R_Bainite_8\837_R_Bainite_08.png,837_R_Bainite_08.png,837_R_Bainite_08,.png,96,96,RGB
D:\AI_Materials_Microscopy\data\raw\Dataset\R_Bainite_8\838_R_Bainite_08.png,R_Bainite_8\838_R_Bainite_08.png,838_R_Bainite_08.png,838_R_Bainite_08,.png,96,96,RGB
D:\AI_Materials_Microscopy\data\raw\Dataset\R_Bainite_8\839_R_Bainite_08.png,R_Bainite_8\839_R_Bainite_08.png,839_R_Bainite_08.png,839_R_Bainite_08,.png,96,96,RGB
D:\AI_Materials_Microscopy\data\raw\Dataset\R_Bainite_8\840_R_Bainite_08.png,R_Bainite_8\840_R_Bainite_08.png,840_R_Bainite_08.png,840_R_Bainite_08,.png,96,96,RGB
D:\AI_Materials_Microscopy\data\raw\Dataset\R_Bainite_8\841_R_Bainite_08.png,R_Bainite_8\841_R_Bainite_08.png,841_R_Bainite_08.png,841_R_Bainite_08,.png,96,96,RGB
D:\AI_Materials_Microscopy\data\raw\Dataset\R_Bainite_8\842_R_Bainite_08.png,R_Bainite_8\842_R_Bainite_08.png,842_R_Bainite_08.png,842_R_Bainite_08,.png,96,96,RGB
D:\AI_Materials_Microscopy\data\raw\Dataset\R_Bainite_8\843_R_Bainite_08.png,R_Bainite_8\843_R_Bainite_08.png,843_R_Bainite_08.png,843_R_Bainite_08,.png,96,96,RGB
D:\AI_Materials_Microscopy\data\raw\Dataset\R_Bainite_8\844_R_Bainite_08.png,R_Bainite_8\844_R_Bainite_08.png,844_R_Bainite_08.png,844_R_Bainite_08,.png,96,96,RGB
D:\AI_Materials_Microscopy\data\raw\Dataset\R_Bainite_8\845_R_Bainite_08.png,R_Bainite_8\845_R_Bainite_08.png,845_R_Bainite_08.png,845_R_Bainite_08,.png,256,256,RGB
D:\AI_Materials_Microscopy\data\raw\Dataset\R_Bainite_8\846_R_Bainite_08.png,R_Bainite_8\846_R_Bainite_08.png,846_R_Bainite_08.png,846_R_Bainite_08,.png,256,256,RGB
D:\AI_Materials_Microscopy\data\raw\Dataset\R_Bainite_8\847_R_Bainite_08.png,R_Bainite_8\847_R_Bainite_08.png,847_R_Bainite_08.png,847_R_Bainite_08,.png,256,256,RGB
D:\AI_Materials_Microscopy\data\raw\Dataset\R_Bainite_8\848_R_Bainite_08.png,R_Bainite_8\848_R_Bainite_08.png,848_R_Bainite_08.png,848_R_Bainite_08,.png,256,256,RGB
D:\AI_Materials_Microscopy\data\raw\Dataset\R_Bainite_8\849_R_Bainite_08.png,R_Bainite_8\849_R_Bainite_08.png,849_R_Bainite_08.png,849_R_Bainite_08,.png,256,256,RGB
D:\AI_Materials_Microscopy\data\raw\Dataset\R_Bainite_8\850_R_Bainite_08.png,R_Bainite_8\850_R_Bainite_08.png,850_R_Bainite_08.png,850_R_Bainite_08,.png,256,256,RGB
D:\AI_Materials_Microscopy\data\raw\Dataset\R_Bainite_8\851_R_Bainite_08.png,R_Bainite_8\851_R_Bainite_08.png,851_R_Bainite_08.png,851_R_Bainite_08,.png,256,256,RGB
D:\AI_Materials_Microscopy\data\raw\Dataset\R_Bainite_8\852_R_Bainite_08.png,R_Bainite_8\852_R_Bainite_08.png,852_R_Bainite_08.png,852_R_Bainite_08,.png,256,256,RGB
D:\AI_Materials_Microscopy\data\raw\Dataset\R_Bainite_8\853_R_Bainite_08.png,R_Bainite_8\853_R_Bainite_08.png,853_R_Bainite_08.png,853_R_Bainite_08,.png,256,256,RGB
D:\AI_Materials_Microscopy\data\raw\Dataset\R_Bainite_8\854_R_Bainite_08.png,R_Bainite_8\854_R_Bainite_08.png,854_R_Bainite_08.png,854_R_Bainite_08,.png,256,256,RGB
D:\AI_Materials_Microscopy\data\raw\Dataset\R_Bainite_9\836_R_Bainite_09.png,R_Bainite_9\836_R_Bainite_09.png,836_R_Bainite_09.png,836_R_Bainite_09,.png,96,96,RGB
D:\AI_Materials_Microscopy\data\raw\Dataset\R_Bainite_9\837_R_Bainite_09.png,R_Bainite_9\837_R_Bainite_09.png,837_R_Bainite_09.png,837_R_Bainite_09,.png,96,96,RGB
D:\AI_Materials_Microscopy\data\raw\Dataset\R_Bainite_9\838_R_Bainite_09.png,R_Bainite_9\838_R_Bainite_09.png,838_R_Bainite_09.png,838_R_Bainite_09,.png,96,96,RGB
D:\AI_Materials_Microscopy\data\raw\Dataset\R_Bainite_9\839_R_Bainite_09.png,R_Bainite_9\839_R_Bainite_09.png,839_R_Bainite_09.png,839_R_Bainite_09,.png,96,96,RGB
D:\AI_Materials_Microscopy\data\raw\Dataset\R_Bainite_9\840_R_Bainite_09.png,R_Bainite_9\840_R_Bainite_09.png,840_R_Bainite_09.png,840_R_Bainite_09,.png,96,96,RGB
D:\AI_Materials_Microscopy\data\raw\Dataset\R_Bainite_9\841_R_Bainite_09.png,R_Bainite_9\841_R_Bainite_09.png,841_R_Bainite_09.png,841_R_Bainite_09,.png,96,96,RGB
D:\AI_Materials_Microscopy\data\raw\Dataset\R_Bainite_9\842_R_Bainite_09.png,R_Bainite_9\842_R_Bainite_09.png,842_R_Bainite_09.png,842_R_Bainite_09,.png,96,96,RGB
D:\AI_Materials_Microscopy\data\raw\Dataset\R_Bainite_9\843_R_Bainite_09.png,R_Bainite_9\843_R_Bainite_09.png,843_R_Bainite_09.png,843_R_Bainite_09,.png,96,96,RGB
D:\AI_Materials_Microscopy\data\raw\Dataset\R_Bainite_9\844_R_Bainite_09.png,R_Bainite_9\844_R_Bainite_09.png,844_R_Bainite_09.png,844_R_Bainite_09,.png,96,96,RGB
D:\AI_Materials_Microscopy\data\raw\Dataset\R_Bainite_9\845_R_Bainite_09.png,R_Bainite_9\845_R_Bainite_09.png,845_R_Bainite_09.png,845_R_Bainite_09,.png,256,256,RGB
D:\AI_Materials_Microscopy\data\raw\Dataset\R_Bainite_9\846_R_Bainite_09.png,R_Bainite_9\846_R_Bainite_09.png,846_R_Bainite_09.png,846_R_Bainite_09,.png,256,256,RGB
D:\AI_Materials_Microscopy\data\raw\Dataset\R_Bainite_9\847_R_Bainite_09.png,R_Bainite_9\847_R_Bainite_09.png,847_R_Bainite_09.png,847_R_Bainite_09,.png,256,256,RGB
D:\AI_Materials_Microscopy\data\raw\Dataset\R_Bainite_9\848_R_Bainite_09.png,R_Bainite_9\848_R_Bainite_09.png,848_R_Bainite_09.png,848_R_Bainite_09,.png,256,256,RGB
D:\AI_Materials_Microscopy\data\raw\Dataset\R_Bainite_9\849_R_Bainite_09.png,R_Bainite_9\849_R_Bainite_09.png,849_R_Bainite_09.png,849_R_Bainite_09,.png,256,256,RGB
D:\AI_Materials_Microscopy\data\raw\Dataset\R_Bainite_9\850_R_Bainite_09.png,R_Bainite_9\850_R_Bainite_09.png,850_R_Bainite_09.png,850_R_Bainite_09,.png,256,256,RGB
D:\AI_Materials_Microscopy\data\raw\Dataset\R_Bainite_9\851_R_Bainite_09.png,R_Bainite_9\851_R_Bainite_09.png,851_R_Bainite_09.png,851_R_Bainite_09,.png,256,256,RGB
D:\AI_Materials_Microscopy\data\raw\Dataset\R_Bainite_9\852_R_Bainite_09.png,R_Bainite_9\852_R_Bainite_09.png,852_R_Bainite_09.png,852_R_Bainite_09,.png,256,256,RGB
D:\AI_Materials_Microscopy\data\raw\Dataset\R_Bainite_9\853_R_Bainite_09.png,R_Bainite_9\853_R_Bainite_09.png,853_R_Bainite_09.png,853_R_Bainite_09,.png,256,256,RGB
D:\AI_Materials_Microscopy\data\raw\Dataset\R_Bainite_9\854_R_Bainite_09.png,R_Bainite_9\854_R_Bainite_09.png,854_R_Bainite_09.png,854_R_Bainite_09,.png,256,256,RGB
D:\AI_Materials_Microscopy\data\raw\Dataset\S_Bainite_1\855_S_Bainite_01.png,S_Bainite_1\855_S_Bainite_01.png,855_S_Bainite_01.png,855_S_Bainite_01,.png,96,96,RGB
D:\AI_Materials_Microscopy\data\raw\Dataset\S_Bainite_1\856_S_Bainite_01.png,S_Bainite_1\856_S_Bainite_01.png,856_S_Bainite_01.png,856_S_Bainite_01,.png,96,96,RGB
D:\AI_Materials_Microscopy\data\raw\Dataset\S_Bainite_1\857_S_Bainite_01.png,S_Bainite_1\857_S_Bainite_01.png,857_S_Bainite_01.png,857_S_Bainite_01,.png,96,96,RGB
D:\AI_Materials_Microscopy\data\raw\Dataset\S_Bainite_1\858_S_Bainite_01.png,S_Bainite_1\858_S_Bainite_01.png,858_S_Bainite_01.png,858_S_Bainite_01,.png,96,96,RGB
D:\AI_Materials_Microscopy\data\raw\Dataset\S_Bainite_1\859_S_Bainite_01.png,S_Bainite_1\859_S_Bainite_01.png,859_S_Bainite_01.png,859_S_Bainite_01,.png,96,96,RGB
D:\AI_Materials_Microscopy\data\raw\Dataset\S_Bainite_1\860_S_Bainite_01.png,S_Bainite_1\860_S_Bainite_01.png,860_S_Bainite_01.png,860_S_Bainite_01,.png,96,96,RGB
D:\AI_Materials_Microscopy\data\raw\Dataset\S_Bainite_1\861_S_Bainite_01.png,S_Bainite_1\861_S_Bainite_01.png,861_S_Bainite_01.png,861_S_Bainite_01,.png,96,96,RGB
D:\AI_Materials_Microscopy\data\raw\Dataset\S_Bainite_1\862_S_Bainite_01.png,S_Bainite_1\862_S_Bainite_01.png,862_S_Bainite_01.png,862_S_Bainite_01,.png,96,96,RGB
D:\AI_Materials_Microscopy\data\raw\Dataset\S_Bainite_1\863_S_Bainite_01.png,S_Bainite_1\863_S_Bainite_01.png,863_S_Bainite_01.png,863_S_Bainite_01,.png,96,96,RGB
D:\AI_Materials_Microscopy\data\raw\Dataset\S_Bainite_1\864_S_Bainite_01.png,S_Bainite_1\864_S_Bainite_01.png,864_S_Bainite_01.png,864_S_Bainite_01,.png,256,256,RGB
D:\AI_Materials_Microscopy\data\raw\Dataset\S_Bainite_1\865_S_Bainite_01.png,S_Bainite_1\865_S_Bainite_01.png,865_S_Bainite_01.png,865_S_Bainite_01,.png,256,256,RGB
D:\AI_Materials_Microscopy\data\raw\Dataset\S_Bainite_1\866_S_Bainite_01.png,S_Bainite_1\866_S_Bainite_01.png,866_S_Bainite_01.png,866_S_Bainite_01,.png,256,256,RGB
D:\AI_Materials_Microscopy\data\raw\Dataset\S_Bainite_1\867_S_Bainite_01.png,S_Bainite_1\867_S_Bainite_01.png,867_S_Bainite_01.png,867_S_Bainite_01,.png,256,256,RGB
D:\AI_Materials_Microscopy\data\raw\Dataset\S_Bainite_1\868_S_Bainite_01.png,S_Bainite_1\868_S_Bainite_01.png,868_S_Bainite_01.png,868_S_Bainite_01,.png,256,256,RGB
D:\AI_Materials_Microscopy\data\raw\Dataset\S_Bainite_1\869_S_Bainite_01.png,S_Bainite_1\869_S_Bainite_01.png,869_S_Bainite_01.png,869_S_Bainite_01,.png,256,256,RGB
D:\AI_Materials_Microscopy\data\raw\Dataset\S_Bainite_1\870_S_Bainite_01.png,S_Bainite_1\870_S_Bainite_01.png,870_S_Bainite_01.png,870_S_Bainite_01,.png,256,256,RGB
D:\AI_Materials_Microscopy\data\raw\Dataset\S_Bainite_1\871_S_Bainite_01.png,S_Bainite_1\871_S_Bainite_01.png,871_S_Bainite_01.png,871_S_Bainite_01,.png,256,256,RGB
D:\AI_Materials_Microscopy\data\raw\Dataset\S_Bainite_1\873_S_Bainite_01.png,S_Bainite_1\873_S_Bainite_01.png,873_S_Bainite_01.png,873_S_Bainite_01,.png,256,256,RGB
D:\AI_Materials_Microscopy\data\raw\Dataset\S_Bainite_10\855_S_Bainite_10.png,S_Bainite_10\855_S_Bainite_10.png,855_S_Bainite_10.png,855_S_Bainite_10,.png,96,96,RGB
D:\AI_Materials_Microscopy\data\raw\Dataset\S_Bainite_10\856_S_Bainite_10.png,S_Bainite_10\856_S_Bainite_10.png,856_S_Bainite_10.png,856_S_Bainite_10,.png,96,96,RGB
D:\AI_Materials_Microscopy\data\raw\Dataset\S_Bainite_10\857_S_Bainite_10.png,S_Bainite_10\857_S_Bainite_10.png,857_S_Bainite_10.png,857_S_Bainite_10,.png,96,96,RGB
D:\AI_Materials_Microscopy\data\raw\Dataset\S_Bainite_10\858_S_Bainite_10.png,S_Bainite_10\858_S_Bainite_10.png,858_S_Bainite_10.png,858_S_Bainite_10,.png,96,96,RGB
D:\AI_Materials_Microscopy\data\raw\Dataset\S_Bainite_10\859_S_Bainite_10.png,S_Bainite_10\859_S_Bainite_10.png,859_S_Bainite_10.png,859_S_Bainite_10,.png,96,96,RGB
D:\AI_Materials_Microscopy\data\raw\Dataset\S_Bainite_10\860_S_Bainite_10.png,S_Bainite_10\860_S_Bainite_10.png,860_S_Bainite_10.png,860_S_Bainite_10,.png,96,96,RGB
D:\AI_Materials_Microscopy\data\raw\Dataset\S_Bainite_10\861_S_Bainite_10.png,S_Bainite_10\861_S_Bainite_10.png,861_S_Bainite_10.png,861_S_Bainite_10,.png,96,96,RGB
D:\AI_Materials_Microscopy\data\raw\Dataset\S_Bainite_10\862_S_Bainite_10.png,S_Bainite_10\862_S_Bainite_10.png,862_S_Bainite_10.png,862_S_Bainite_10,.png,96,96,RGB
D:\AI_Materials_Microscopy\data\raw\Dataset\S_Bainite_10\863_S_Bainite_10.png,S_Bainite_10\863_S_Bainite_10.png,863_S_Bainite_10.png,863_S_Bainite_10,.png,96,96,RGB
D:\AI_Materials_Microscopy\data\raw\Dataset\S_Bainite_10\864_S_Bainite_10.png,S_Bainite_10\864_S_Bainite_10.png,864_S_Bainite_10.png,864_S_Bainite_10,.png,256,256,RGB
D:\AI_Materials_Microscopy\data\raw\Dataset\S_Bainite_10\865_S_Bainite_10.png,S_Bainite_10\865_S_Bainite_10.png,865_S_Bainite_10.png,865_S_Bainite_10,.png,256,256,RGB
D:\AI_Materials_Microscopy\data\raw\Dataset\S_Bainite_10\866_S_Bainite_10.png,S_Bainite_10\866_S_Bainite_10.png,866_S_Bainite_10.png,866_S_Bainite_10,.png,256,256,RGB
D:\AI_Materials_Microscopy\data\raw\Dataset\S_Bainite_10\867_S_Bainite_10.png,S_Bainite_10\867_S_Bainite_10.png,867_S_Bainite_10.png,867_S_Bainite_10,.png,256,256,RGB
D:\AI_Materials_Microscopy\data\raw\Dataset\S_Bainite_10\868_S_Bainite_10.png,S_Bainite_10\868_S_Bainite_10.png,868_S_Bainite_10.png,868_S_Bainite_10,.png,256,256,RGB
D:\AI_Materials_Microscopy\data\raw\Dataset\S_Bainite_10\869_S_Bainite_10.png,S_Bainite_10\869_S_Bainite_10.png,869_S_Bainite_10.png,869_S_Bainite_10,.png,256,256,RGB
D:\AI_Materials_Microscopy\data\raw\Dataset\S_Bainite_10\870_S_Bainite_10.png,S_Bainite_10\870_S_Bainite_10.png,870_S_Bainite_10.png,870_S_Bainite_10,.png,256,256,RGB
D:\AI_Materials_Microscopy\data\raw\Dataset\S_Bainite_10\871_S_Bainite_10.png,S_Bainite_10\871_S_Bainite_10.png,871_S_Bainite_10.png,871_S_Bainite_10,.png,256,256,RGB
D:\AI_Materials_Microscopy\data\raw\Dataset\S_Bainite_10\873_S_Bainite_10.png,S_Bainite_10\873_S_Bainite_10.png,873_S_Bainite_10.png,873_S_Bainite_10,.png,256,256,RGB
D:\AI_Materials_Microscopy\data\raw\Dataset\S_Bainite_11\855_S_Bainite_11.png,S_Bainite_11\855_S_Bainite_11.png,855_S_Bainite_11.png,855_S_Bainite_11,.png,96,96,RGB
D:\AI_Materials_Microscopy\data\raw\Dataset\S_Bainite_11\856_S_Bainite_11.png,S_Bainite_11\856_S_Bainite_11.png,856_S_Bainite_11.png,856_S_Bainite_11,.png,96,96,RGB
D:\AI_Materials_Microscopy\data\raw\Dataset\S_Bainite_11\857_S_Bainite_11.png,S_Bainite_11\857_S_Bainite_11.png,857_S_Bainite_11.png,857_S_Bainite_11,.png,96,96,RGB
D:\AI_Materials_Microscopy\data\raw\Dataset\S_Bainite_11\858_S_Bainite_11.png,S_Bainite_11\858_S_Bainite_11.png,858_S_Bainite_11.png,858_S_Bainite_11,.png,96,96,RGB
D:\AI_Materials_Microscopy\data\raw\Dataset\S_Bainite_11\859_S_Bainite_11.png,S_Bainite_11\859_S_Bainite_11.png,859_S_Bainite_11.png,859_S_Bainite_11,.png,96,96,RGB
D:\AI_Materials_Microscopy\data\raw\Dataset\S_Bainite_11\860_S_Bainite_11.png,S_Bainite_11\860_S_Bainite_11.png,860_S_Bainite_11.png,860_S_Bainite_11,.png,96,96,RGB
D:\AI_Materials_Microscopy\data\raw\Dataset\S_Bainite_11\861_S_Bainite_11.png,S_Bainite_11\861_S_Bainite_11.png,861_S_Bainite_11.png,861_S_Bainite_11,.png,96,96,RGB
D:\AI_Materials_Microscopy\data\raw\Dataset\S_Bainite_11\862_S_Bainite_11.png,S_Bainite_11\862_S_Bainite_11.png,862_S_Bainite_11.png,862_S_Bainite_11,.png,96,96,RGB
D:\AI_Materials_Microscopy\data\raw\Dataset\S_Bainite_11\863_S_Bainite_11.png,S_Bainite_11\863_S_Bainite_11.png,863_S_Bainite_11.png,863_S_Bainite_11,.png,96,96,RGB
D:\AI_Materials_Microscopy\data\raw\Dataset\S_Bainite_11\864_S_Bainite_11.png,S_Bainite_11\864_S_Bainite_11.png,864_S_Bainite_11.png,864_S_Bainite_11,.png,256,256,RGB
D:\AI_Materials_Microscopy\data\raw\Dataset\S_Bainite_11\865_S_Bainite_11.png,S_Bainite_11\865_S_Bainite_11.png,865_S_Bainite_11.png,865_S_Bainite_11,.png,256,256,RGB
D:\AI_Materials_Microscopy\data\raw\Dataset\S_Bainite_11\866_S_Bainite_11.png,S_Bainite_11\866_S_Bainite_11.png,866_S_Bainite_11.png,866_S_Bainite_11,.png,256,256,RGB
D:\AI_Materials_Microscopy\data\raw\Dataset\S_Bainite_11\867_S_Bainite_11.png,S_Bainite_11\867_S_Bainite_11.png,867_S_Bainite_11.png,867_S_Bainite_11,.png,256,256,RGB
D:\AI_Materials_Microscopy\data\raw\Dataset\S_Bainite_11\868_S_Bainite_11.png,S_Bainite_11\868_S_Bainite_11.png,868_S_Bainite_11.png,868_S_Bainite_11,.png,256,256,RGB
D:\AI_Materials_Microscopy\data\raw\Dataset\S_Bainite_11\869_S_Bainite_11.png,S_Bainite_11\869_S_Bainite_11.png,869_S_Bainite_11.png,869_S_Bainite_11,.png,256,256,RGB
D:\AI_Materials_Microscopy\data\raw\Dataset\S_Bainite_11\870_S_Bainite_11.png,S_Bainite_11\870_S_Bainite_11.png,870_S_Bainite_11.png,870_S_Bainite_11,.png,256,256,RGB
D:\AI_Materials_Microscopy\data\raw\Dataset\S_Bainite_11\871_S_Bainite_11.png,S_Bainite_11\871_S_Bainite_11.png,871_S_Bainite_11.png,871_S_Bainite_11,.png,256,256,RGB
D:\AI_Materials_Microscopy\data\raw\Dataset\S_Bainite_11\873_S_Bainite_11.png,S_Bainite_11\873_S_Bainite_11.png,873_S_Bainite_11.png,873_S_Bainite_11,.png,256,256,RGB
D:\AI_Materials_Microscopy\data\raw\Dataset\S_Bainite_12\855_S_Bainite_12.png,S_Bainite_12\855_S_Bainite_12.png,855_S_Bainite_12.png,855_S_Bainite_12,.png,96,96,RGB
D:\AI_Materials_Microscopy\data\raw\Dataset\S_Bainite_12\856_S_Bainite_12.png,S_Bainite_12\856_S_Bainite_12.png,856_S_Bainite_12.png,856_S_Bainite_12,.png,96,96,RGB
D:\AI_Materials_Microscopy\data\raw\Dataset\S_Bainite_12\857_S_Bainite_12.png,S_Bainite_12\857_S_Bainite_12.png,857_S_Bainite_12.png,857_S_Bainite_12,.png,96,96,RGB
D:\AI_Materials_Microscopy\data\raw\Dataset\S_Bainite_12\858_S_Bainite_12.png,S_Bainite_12\858_S_Bainite_12.png,858_S_Bainite_12.png,858_S_Bainite_12,.png,96,96,RGB
D:\AI_Materials_Microscopy\data\raw\Dataset\S_Bainite_12\859_S_Bainite_12.png,S_Bainite_12\859_S_Bainite_12.png,859_S_Bainite_12.png,859_S_Bainite_12,.png,96,96,RGB
D:\AI_Materials_Microscopy\data\raw\Dataset\S_Bainite_12\860_S_Bainite_12.png,S_Bainite_12\860_S_Bainite_12.png,860_S_Bainite_12.png,860_S_Bainite_12,.png,96,96,RGB
D:\AI_Materials_Microscopy\data\raw\Dataset\S_Bainite_12\861_S_Bainite_12.png,S_Bainite_12\861_S_Bainite_12.png,861_S_Bainite_12.png,861_S_Bainite_12,.png,96,96,RGB
D:\AI_Materials_Microscopy\data\raw\Dataset\S_Bainite_12\862_S_Bainite_12.png,S_Bainite_12\862_S_Bainite_12.png,862_S_Bainite_12.png,862_S_Bainite_12,.png,96,96,RGB
D:\AI_Materials_Microscopy\data\raw\Dataset\S_Bainite_12\863_S_Bainite_12.png,S_Bainite_12\863_S_Bainite_12.png,863_S_Bainite_12.png,863_S_Bainite_12,.png,96,96,RGB
D:\AI_Materials_Microscopy\data\raw\Dataset\S_Bainite_12\864_S_Bainite_12.png,S_Bainite_12\864_S_Bainite_12.png,864_S_Bainite_12.png,864_S_Bainite_12,.png,256,256,RGB
D:\AI_Materials_Microscopy\data\raw\Dataset\S_Bainite_12\865_S_Bainite_12.png,S_Bainite_12\865_S_Bainite_12.png,865_S_Bainite_12.png,865_S_Bainite_12,.png,256,256,RGB
D:\AI_Materials_Microscopy\data\raw\Dataset\S_Bainite_12\866_S_Bainite_12.png,S_Bainite_12\866_S_Bainite_12.png,866_S_Bainite_12.png,866_S_Bainite_12,.png,256,256,RGB
D:\AI_Materials_Microscopy\data\raw\Dataset\S_Bainite_12\867_S_Bainite_12.png,S_Bainite_12\867_S_Bainite_12.png,867_S_Bainite_12.png,867_S_Bainite_12,.png,256,256,RGB
D:\AI_Materials_Microscopy\data\raw\Dataset\S_Bainite_12\868_S_Bainite_12.png,S_Bainite_12\868_S_Bainite_12.png,868_S_Bainite_12.png,868_S_Bainite_12,.png,256,256,RGB
D:\AI_Materials_Microscopy\data\raw\Dataset\S_Bainite_12\869_S_Bainite_12.png,S_Bainite_12\869_S_Bainite_12.png,869_S_Bainite_12.png,869_S_Bainite_12,.png,256,256,RGB
D:\AI_Materials_Microscopy\data\raw\Dataset\S_Bainite_12\870_S_Bainite_12.png,S_Bainite_12\870_S_Bainite_12.png,870_S_Bainite_12.png,870_S_Bainite_12,.png,256,256,RGB
D:\AI_Materials_Microscopy\data\raw\Dataset\S_Bainite_12\871_S_Bainite_12.png,S_Bainite_12\871_S_Bainite_12.png,871_S_Bainite_12.png,871_S_Bainite_12,.png,256,256,RGB
D:\AI_Materials_Microscopy\data\raw\Dataset\S_Bainite_12\873_S_Bainite_12.png,S_Bainite_12\873_S_Bainite_12.png,873_S_Bainite_12.png,873_S_Bainite_12,.png,256,256,RGB
D:\AI_Materials_Microscopy\data\raw\Dataset\S_Bainite_2\855_S_Bainite_02.png,S_Bainite_2\855_S_Bainite_02.png,855_S_Bainite_02.png,855_S_Bainite_02,.png,96,96,RGB
D:\AI_Materials_Microscopy\data\raw\Dataset\S_Bainite_2\856_S_Bainite_02.png,S_Bainite_2\856_S_Bainite_02.png,856_S_Bainite_02.png,856_S_Bainite_02,.png,96,96,RGB
D:\AI_Materials_Microscopy\data\raw\Dataset\S_Bainite_2\857_S_Bainite_02.png,S_Bainite_2\857_S_Bainite_02.png,857_S_Bainite_02.png,857_S_Bainite_02,.png,96,96,RGB
D:\AI_Materials_Microscopy\data\raw\Dataset\S_Bainite_2\858_S_Bainite_02.png,S_Bainite_2\858_S_Bainite_02.png,858_S_Bainite_02.png,858_S_Bainite_02,.png,96,96,RGB
D:\AI_Materials_Microscopy\data\raw\Dataset\S_Bainite_2\859_S_Bainite_02.png,S_Bainite_2\859_S_Bainite_02.png,859_S_Bainite_02.png,859_S_Bainite_02,.png,96,96,RGB
D:\AI_Materials_Microscopy\data\raw\Dataset\S_Bainite_2\860_S_Bainite_02.png,S_Bainite_2\860_S_Bainite_02.png,860_S_Bainite_02.png,860_S_Bainite_02,.png,96,96,RGB
D:\AI_Materials_Microscopy\data\raw\Dataset\S_Bainite_2\861_S_Bainite_02.png,S_Bainite_2\861_S_Bainite_02.png,861_S_Bainite_02.png,861_S_Bainite_02,.png,96,96,RGB
D:\AI_Materials_Microscopy\data\raw\Dataset\S_Bainite_2\862_S_Bainite_02.png,S_Bainite_2\862_S_Bainite_02.png,862_S_Bainite_02.png,862_S_Bainite_02,.png,96,96,RGB
D:\AI_Materials_Microscopy\data\raw\Dataset\S_Bainite_2\863_S_Bainite_02.png,S_Bainite_2\863_S_Bainite_02.png,863_S_Bainite_02.png,863_S_Bainite_02,.png,96,96,RGB
D:\AI_Materials_Microscopy\data\raw\Dataset\S_Bainite_2\864_S_Bainite_02.png,S_Bainite_2\864_S_Bainite_02.png,864_S_Bainite_02.png,864_S_Bainite_02,.png,256,256,RGB
D:\AI_Materials_Microscopy\data\raw\Dataset\S_Bainite_2\865_S_Bainite_02.png,S_Bainite_2\865_S_Bainite_02.png,865_S_Bainite_02.png,865_S_Bainite_02,.png,256,256,RGB
D:\AI_Materials_Microscopy\data\raw\Dataset\S_Bainite_2\866_S_Bainite_02.png,S_Bainite_2\866_S_Bainite_02.png,866_S_Bainite_02.png,866_S_Bainite_02,.png,256,256,RGB
D:\AI_Materials_Microscopy\data\raw\Dataset\S_Bainite_2\867_S_Bainite_02.png,S_Bainite_2\867_S_Bainite_02.png,867_S_Bainite_02.png,867_S_Bainite_02,.png,256,256,RGB
D:\AI_Materials_Microscopy\data\raw\Dataset\S_Bainite_2\868_S_Bainite_02.png,S_Bainite_2\868_S_Bainite_02.png,868_S_Bainite_02.png,868_S_Bainite_02,.png,256,256,RGB
D:\AI_Materials_Microscopy\data\raw\Dataset\S_Bainite_2\869_S_Bainite_02.png,S_Bainite_2\869_S_Bainite_02.png,869_S_Bainite_02.png,869_S_Bainite_02,.png,256,256,RGB
D:\AI_Materials_Microscopy\data\raw\Dataset\S_Bainite_2\870_S_Bainite_02.png,S_Bainite_2\870_S_Bainite_02.png,870_S_Bainite_02.png,870_S_Bainite_02,.png,256,256,RGB
D:\AI_Materials_Microscopy\data\raw\Dataset\S_Bainite_2\871_S_Bainite_02.png,S_Bainite_2\871_S_Bainite_02.png,871_S_Bainite_02.png,871_S_Bainite_02,.png,256,256,RGB
D:\AI_Materials_Microscopy\data\raw\Dataset\S_Bainite_2\873_S_Bainite_02.png,S_Bainite_2\873_S_Bainite_02.png,873_S_Bainite_02.png,873_S_Bainite_02,.png,256,256,RGB
D:\AI_Materials_Microscopy\data\raw\Dataset\S_Bainite_3\855_S_Bainite_03.png,S_Bainite_3\855_S_Bainite_03.png,855_S_Bainite_03.png,855_S_Bainite_03,.png,96,96,RGB
D:\AI_Materials_Microscopy\data\raw\Dataset\S_Bainite_3\856_S_Bainite_03.png,S_Bainite_3\856_S_Bainite_03.png,856_S_Bainite_03.png,856_S_Bainite_03,.png,96,96,RGB
D:\AI_Materials_Microscopy\data\raw\Dataset\S_Bainite_3\857_S_Bainite_03.png,S_Bainite_3\857_S_Bainite_03.png,857_S_Bainite_03.png,857_S_Bainite_03,.png,96,96,RGB
D:\AI_Materials_Microscopy\data\raw\Dataset\S_Bainite_3\858_S_Bainite_03.png,S_Bainite_3\858_S_Bainite_03.png,858_S_Bainite_03.png,858_S_Bainite_03,.png,96,96,RGB
D:\AI_Materials_Microscopy\data\raw\Dataset\S_Bainite_3\859_S_Bainite_03.png,S_Bainite_3\859_S_Bainite_03.png,859_S_Bainite_03.png,859_S_Bainite_03,.png,96,96,RGB
D:\AI_Materials_Microscopy\data\raw\Dataset\S_Bainite_3\860_S_Bainite_03.png,S_Bainite_3\860_S_Bainite_03.png,860_S_Bainite_03.png,860_S_Bainite_03,.png,96,96,RGB
D:\AI_Materials_Microscopy\data\raw\Dataset\S_Bainite_3\861_S_Bainite_03.png,S_Bainite_3\861_S_Bainite_03.png,861_S_Bainite_03.png,861_S_Bainite_03,.png,96,96,RGB
D:\AI_Materials_Microscopy\data\raw\Dataset\S_Bainite_3\862_S_Bainite_03.png,S_Bainite_3\862_S_Bainite_03.png,862_S_Bainite_03.png,862_S_Bainite_03,.png,96,96,RGB
D:\AI_Materials_Microscopy\data\raw\Dataset\S_Bainite_3\863_S_Bainite_03.png,S_Bainite_3\863_S_Bainite_03.png,863_S_Bainite_03.png,863_S_Bainite_03,.png,96,96,RGB
D:\AI_Materials_Microscopy\data\raw\Dataset\S_Bainite_3\864_S_Bainite_03.png,S_Bainite_3\864_S_Bainite_03.png,864_S_Bainite_03.png,864_S_Bainite_03,.png,256,256,RGB
D:\AI_Materials_Microscopy\data\raw\Dataset\S_Bainite_3\865_S_Bainite_03.png,S_Bainite_3\865_S_Bainite_03.png,865_S_Bainite_03.png,865_S_Bainite_03,.png,256,256,RGB
D:\AI_Materials_Microscopy\data\raw\Dataset\S_Bainite_3\866_S_Bainite_03.png,S_Bainite_3\866_S_Bainite_03.png,866_S_Bainite_03.png,866_S_Bainite_03,.png,256,256,RGB
D:\AI_Materials_Microscopy\data\raw\Dataset\S_Bainite_3\867_S_Bainite_03.png,S_Bainite_3\867_S_Bainite_03.png,867_S_Bainite_03.png,867_S_Bainite_03,.png,256,256,RGB
D:\AI_Materials_Microscopy\data\raw\Dataset\S_Bainite_3\868_S_Bainite_03.png,S_Bainite_3\868_S_Bainite_03.png,868_S_Bainite_03.png,868_S_Bainite_03,.png,256,256,RGB
D:\AI_Materials_Microscopy\data\raw\Dataset\S_Bainite_3\869_S_Bainite_03.png,S_Bainite_3\869_S_Bainite_03.png,869_S_Bainite_03.png,869_S_Bainite_03,.png,256,256,RGB
D:\AI_Materials_Microscopy\data\raw\Dataset\S_Bainite_3\870_S_Bainite_03.png,S_Bainite_3\870_S_Bainite_03.png,870_S_Bainite_03.png,870_S_Bainite_03,.png,256,256,RGB
D:\AI_Materials_Microscopy\data\raw\Dataset\S_Bainite_3\871_S_Bainite_03.png,S_Bainite_3\871_S_Bainite_03.png,871_S_Bainite_03.png,871_S_Bainite_03,.png,256,256,RGB
D:\AI_Materials_Microscopy\data\raw\Dataset\S_Bainite_3\873_S_Bainite_03.png,S_Bainite_3\873_S_Bainite_03.png,873_S_Bainite_03.png,873_S_Bainite_03,.png,256,256,RGB
D:\AI_Materials_Microscopy\data\raw\Dataset\S_Bainite_4\855_S_Bainite_04.png,S_Bainite_4\855_S_Bainite_04.png,855_S_Bainite_04.png,855_S_Bainite_04,.png,96,96,RGB
D:\AI_Materials_Microscopy\data\raw\Dataset\S_Bainite_4\856_S_Bainite_04.png,S_Bainite_4\856_S_Bainite_04.png,856_S_Bainite_04.png,856_S_Bainite_04,.png,96,96,RGB
D:\AI_Materials_Microscopy\data\raw\Dataset\S_Bainite_4\857_S_Bainite_04.png,S_Bainite_4\857_S_Bainite_04.png,857_S_Bainite_04.png,857_S_Bainite_04,.png,96,96,RGB
D:\AI_Materials_Microscopy\data\raw\Dataset\S_Bainite_4\858_S_Bainite_04.png,S_Bainite_4\858_S_Bainite_04.png,858_S_Bainite_04.png,858_S_Bainite_04,.png,96,96,RGB
D:\AI_Materials_Microscopy\data\raw\Dataset\S_Bainite_4\859_S_Bainite_04.png,S_Bainite_4\859_S_Bainite_04.png,859_S_Bainite_04.png,859_S_Bainite_04,.png,96,96,RGB
D:\AI_Materials_Microscopy\data\raw\Dataset\S_Bainite_4\860_S_Bainite_04.png,S_Bainite_4\860_S_Bainite_04.png,860_S_Bainite_04.png,860_S_Bainite_04,.png,96,96,RGB
D:\AI_Materials_Microscopy\data\raw\Dataset\S_Bainite_4\861_S_Bainite_04.png,S_Bainite_4\861_S_Bainite_04.png,861_S_Bainite_04.png,861_S_Bainite_04,.png,96,96,RGB
D:\AI_Materials_Microscopy\data\raw\Dataset\S_Bainite_4\862_S_Bainite_04.png,S_Bainite_4\862_S_Bainite_04.png,862_S_Bainite_04.png,862_S_Bainite_04,.png,96,96,RGB
D:\AI_Materials_Microscopy\data\raw\Dataset\S_Bainite_4\863_S_Bainite_04.png,S_Bainite_4\863_S_Bainite_04.png,863_S_Bainite_04.png,863_S_Bainite_04,.png,96,96,RGB
D:\AI_Materials_Microscopy\data\raw\Dataset\S_Bainite_4\864_S_Bainite_04.png,S_Bainite_4\864_S_Bainite_04.png,864_S_Bainite_04.png,864_S_Bainite_04,.png,256,256,RGB
D:\AI_Materials_Microscopy\data\raw\Dataset\S_Bainite_4\865_S_Bainite_04.png,S_Bainite_4\865_S_Bainite_04.png,865_S_Bainite_04.png,865_S_Bainite_04,.png,256,256,RGB
D:\AI_Materials_Microscopy\data\raw\Dataset\S_Bainite_4\866_S_Bainite_04.png,S_Bainite_4\866_S_Bainite_04.png,866_S_Bainite_04.png,866_S_Bainite_04,.png,256,256,RGB
D:\AI_Materials_Microscopy\data\raw\Dataset\S_Bainite_4\867_S_Bainite_04.png,S_Bainite_4\867_S_Bainite_04.png,867_S_Bainite_04.png,867_S_Bainite_04,.png,256,256,RGB
D:\AI_Materials_Microscopy\data\raw\Dataset\S_Bainite_4\868_S_Bainite_04.png,S_Bainite_4\868_S_Bainite_04.png,868_S_Bainite_04.png,868_S_Bainite_04,.png,256,256,RGB
D:\AI_Materials_Microscopy\data\raw\Dataset\S_Bainite_4\869_S_Bainite_04.png,S_Bainite_4\869_S_Bainite_04.png,869_S_Bainite_04.png,869_S_Bainite_04,.png,256,256,RGB
D:\AI_Materials_Microscopy\data\raw\Dataset\S_Bainite_4\870_S_Bainite_04.png,S_Bainite_4\870_S_Bainite_04.png,870_S_Bainite_04.png,870_S_Bainite_04,.png,256,256,RGB
D:\AI_Materials_Microscopy\data\raw\Dataset\S_Bainite_4\871_S_Bainite_04.png,S_Bainite_4\871_S_Bainite_04.png,871_S_Bainite_04.png,871_S_Bainite_04,.png,256,256,RGB
D:\AI_Materials_Microscopy\data\raw\Dataset\S_Bainite_4\873_S_Bainite_04.png,S_Bainite_4\873_S_Bainite_04.png,873_S_Bainite_04.png,873_S_Bainite_04,.png,256,256,RGB
D:\AI_Materials_Microscopy\data\raw\Dataset\S_Bainite_5\855_S_Bainite_05.png,S_Bainite_5\855_S_Bainite_05.png,855_S_Bainite_05.png,855_S_Bainite_05,.png,96,96,RGB
D:\AI_Materials_Microscopy\data\raw\Dataset\S_Bainite_5\856_S_Bainite_05.png,S_Bainite_5\856_S_Bainite_05.png,856_S_Bainite_05.png,856_S_Bainite_05,.png,96,96,RGB
D:\AI_Materials_Microscopy\data\raw\Dataset\S_Bainite_5\857_S_Bainite_05.png,S_Bainite_5\857_S_Bainite_05.png,857_S_Bainite_05.png,857_S_Bainite_05,.png,96,96,RGB
D:\AI_Materials_Microscopy\data\raw\Dataset\S_Bainite_5\858_S_Bainite_05.png,S_Bainite_5\858_S_Bainite_05.png,858_S_Bainite_05.png,858_S_Bainite_05,.png,96,96,RGB
D:\AI_Materials_Microscopy\data\raw\Dataset\S_Bainite_5\859_S_Bainite_05.png,S_Bainite_5\859_S_Bainite_05.png,859_S_Bainite_05.png,859_S_Bainite_05,.png,96,96,RGB
D:\AI_Materials_Microscopy\data\raw\Dataset\S_Bainite_5\860_S_Bainite_05.png,S_Bainite_5\860_S_Bainite_05.png,860_S_Bainite_05.png,860_S_Bainite_05,.png,96,96,RGB
D:\AI_Materials_Microscopy\data\raw\Dataset\S_Bainite_5\861_S_Bainite_05.png,S_Bainite_5\861_S_Bainite_05.png,861_S_Bainite_05.png,861_S_Bainite_05,.png,96,96,RGB
D:\AI_Materials_Microscopy\data\raw\Dataset\S_Bainite_5\862_S_Bainite_05.png,S_Bainite_5\862_S_Bainite_05.png,862_S_Bainite_05.png,862_S_Bainite_05,.png,96,96,RGB
D:\AI_Materials_Microscopy\data\raw\Dataset\S_Bainite_5\863_S_Bainite_05.png,S_Bainite_5\863_S_Bainite_05.png,863_S_Bainite_05.png,863_S_Bainite_05,.png,96,96,RGB
D:\AI_Materials_Microscopy\data\raw\Dataset\S_Bainite_5\864_S_Bainite_05.png,S_Bainite_5\864_S_Bainite_05.png,864_S_Bainite_05.png,864_S_Bainite_05,.png,256,256,RGB
D:\AI_Materials_Microscopy\data\raw\Dataset\S_Bainite_5\865_S_Bainite_05.png,S_Bainite_5\865_S_Bainite_05.png,865_S_Bainite_05.png,865_S_Bainite_05,.png,256,256,RGB
D:\AI_Materials_Microscopy\data\raw\Dataset\S_Bainite_5\866_S_Bainite_05.png,S_Bainite_5\866_S_Bainite_05.png,866_S_Bainite_05.png,866_S_Bainite_05,.png,256,256,RGB
D:\AI_Materials_Microscopy\data\raw\Dataset\S_Bainite_5\867_S_Bainite_05.png,S_Bainite_5\867_S_Bainite_05.png,867_S_Bainite_05.png,867_S_Bainite_05,.png,256,256,RGB
D:\AI_Materials_Microscopy\data\raw\Dataset\S_Bainite_5\868_S_Bainite_05.png,S_Bainite_5\868_S_Bainite_05.png,868_S_Bainite_05.png,868_S_Bainite_05,.png,256,256,RGB
D:\AI_Materials_Microscopy\data\raw\Dataset\S_Bainite_5\869_S_Bainite_05.png,S_Bainite_5\869_S_Bainite_05.png,869_S_Bainite_05.png,869_S_Bainite_05,.png,256,256,RGB
D:\AI_Materials_Microscopy\data\raw\Dataset\S_Bainite_5\870_S_Bainite_05.png,S_Bainite_5\870_S_Bainite_05.png,870_S_Bainite_05.png,870_S_Bainite_05,.png,256,256,RGB
D:\AI_Materials_Microscopy\data\raw\Dataset\S_Bainite_5\871_S_Bainite_05.png,S_Bainite_5\871_S_Bainite_05.png,871_S_Bainite_05.png,871_S_Bainite_05,.png,256,256,RGB
D:\AI_Materials_Microscopy\data\raw\Dataset\S_Bainite_5\873_S_Bainite_05.png,S_Bainite_5\873_S_Bainite_05.png,873_S_Bainite_05.png,873_S_Bainite_05,.png,256,256,RGB
D:\AI_Materials_Microscopy\data\raw\Dataset\S_Bainite_6\855_S_Bainite_06.png,S_Bainite_6\855_S_Bainite_06.png,855_S_Bainite_06.png,855_S_Bainite_06,.png,96,96,RGB
D:\AI_Materials_Microscopy\data\raw\Dataset\S_Bainite_6\856_S_Bainite_06.png,S_Bainite_6\856_S_Bainite_06.png,856_S_Bainite_06.png,856_S_Bainite_06,.png,96,96,RGB
D:\AI_Materials_Microscopy\data\raw\Dataset\S_Bainite_6\857_S_Bainite_06.png,S_Bainite_6\857_S_Bainite_06.png,857_S_Bainite_06.png,857_S_Bainite_06,.png,96,96,RGB
D:\AI_Materials_Microscopy\data\raw\Dataset\S_Bainite_6\858_S_Bainite_06.png,S_Bainite_6\858_S_Bainite_06.png,858_S_Bainite_06.png,858_S_Bainite_06,.png,96,96,RGB
D:\AI_Materials_Microscopy\data\raw\Dataset\S_Bainite_6\859_S_Bainite_06.png,S_Bainite_6\859_S_Bainite_06.png,859_S_Bainite_06.png,859_S_Bainite_06,.png,96,96,RGB
D:\AI_Materials_Microscopy\data\raw\Dataset\S_Bainite_6\860_S_Bainite_06.png,S_Bainite_6\860_S_Bainite_06.png,860_S_Bainite_06.png,860_S_Bainite_06,.png,96,96,RGB
D:\AI_Materials_Microscopy\data\raw\Dataset\S_Bainite_6\861_S_Bainite_06.png,S_Bainite_6\861_S_Bainite_06.png,861_S_Bainite_06.png,861_S_Bainite_06,.png,96,96,RGB
D:\AI_Materials_Microscopy\data\raw\Dataset\S_Bainite_6\862_S_Bainite_06.png,S_Bainite_6\862_S_Bainite_06.png,862_S_Bainite_06.png,862_S_Bainite_06,.png,96,96,RGB
D:\AI_Materials_Microscopy\data\raw\Dataset\S_Bainite_6\863_S_Bainite_06.png,S_Bainite_6\863_S_Bainite_06.png,863_S_Bainite_06.png,863_S_Bainite_06,.png,96,96,RGB
D:\AI_Materials_Microscopy\data\raw\Dataset\S_Bainite_6\864_S_Bainite_06.png,S_Bainite_6\864_S_Bainite_06.png,864_S_Bainite_06.png,864_S_Bainite_06,.png,256,256,RGB
D:\AI_Materials_Microscopy\data\raw\Dataset\S_Bainite_6\865_S_Bainite_06.png,S_Bainite_6\865_S_Bainite_06.png,865_S_Bainite_06.png,865_S_Bainite_06,.png,256,256,RGB
D:\AI_Materials_Microscopy\data\raw\Dataset\S_Bainite_6\866_S_Bainite_06.png,S_Bainite_6\866_S_Bainite_06.png,866_S_Bainite_06.png,866_S_Bainite_06,.png,256,256,RGB
D:\AI_Materials_Microscopy\data\raw\Dataset\S_Bainite_6\867_S_Bainite_06.png,S_Bainite_6\867_S_Bainite_06.png,867_S_Bainite_06.png,867_S_Bainite_06,.png,256,256,RGB
D:\AI_Materials_Microscopy\data\raw\Dataset\S_Bainite_6\868_S_Bainite_06.png,S_Bainite_6\868_S_Bainite_06.png,868_S_Bainite_06.png,868_S_Bainite_06,.png,256,256,RGB
D:\AI_Materials_Microscopy\data\raw\Dataset\S_Bainite_6\869_S_Bainite_06.png,S_Bainite_6\869_S_Bainite_06.png,869_S_Bainite_06.png,869_S_Bainite_06,.png,256,256,RGB
D:\AI_Materials_Microscopy\data\raw\Dataset\S_Bainite_6\870_S_Bainite_06.png,S_Bainite_6\870_S_Bainite_06.png,870_S_Bainite_06.png,870_S_Bainite_06,.png,256,256,RGB
D:\AI_Materials_Microscopy\data\raw\Dataset\S_Bainite_6\871_S_Bainite_06.png,S_Bainite_6\871_S_Bainite_06.png,871_S_Bainite_06.png,871_S_Bainite_06,.png,256,256,RGB
D:\AI_Materials_Microscopy\data\raw\Dataset\S_Bainite_6\873_S_Bainite_06.png,S_Bainite_6\873_S_Bainite_06.png,873_S_Bainite_06.png,873_S_Bainite_06,.png,256,256,RGB
D:\AI_Materials_Microscopy\data\raw\Dataset\S_Bainite_7\855_S_Bainite_07.png,S_Bainite_7\855_S_Bainite_07.png,855_S_Bainite_07.png,855_S_Bainite_07,.png,96,96,RGB
D:\AI_Materials_Microscopy\data\raw\Dataset\S_Bainite_7\856_S_Bainite_07.png,S_Bainite_7\856_S_Bainite_07.png,856_S_Bainite_07.png,856_S_Bainite_07,.png,96,96,RGB
D:\AI_Materials_Microscopy\data\raw\Dataset\S_Bainite_7\857_S_Bainite_07.png,S_Bainite_7\857_S_Bainite_07.png,857_S_Bainite_07.png,857_S_Bainite_07,.png,96,96,RGB
D:\AI_Materials_Microscopy\data\raw\Dataset\S_Bainite_7\858_S_Bainite_07.png,S_Bainite_7\858_S_Bainite_07.png,858_S_Bainite_07.png,858_S_Bainite_07,.png,96,96,RGB
D:\AI_Materials_Microscopy\data\raw\Dataset\S_Bainite_7\859_S_Bainite_07.png,S_Bainite_7\859_S_Bainite_07.png,859_S_Bainite_07.png,859_S_Bainite_07,.png,96,96,RGB
D:\AI_Materials_Microscopy\data\raw\Dataset\S_Bainite_7\860_S_Bainite_07.png,S_Bainite_7\860_S_Bainite_07.png,860_S_Bainite_07.png,860_S_Bainite_07,.png,96,96,RGB
D:\AI_Materials_Microscopy\data\raw\Dataset\S_Bainite_7\861_S_Bainite_07.png,S_Bainite_7\861_S_Bainite_07.png,861_S_Bainite_07.png,861_S_Bainite_07,.png,96,96,RGB
D:\AI_Materials_Microscopy\data\raw\Dataset\S_Bainite_7\862_S_Bainite_07.png,S_Bainite_7\862_S_Bainite_07.png,862_S_Bainite_07.png,862_S_Bainite_07,.png,96,96,RGB
D:\AI_Materials_Microscopy\data\raw\Dataset\S_Bainite_7\863_S_Bainite_07.png,S_Bainite_7\863_S_Bainite_07.png,863_S_Bainite_07.png,863_S_Bainite_07,.png,96,96,RGB
D:\AI_Materials_Microscopy\data\raw\Dataset\S_Bainite_7\864_S_Bainite_07.png,S_Bainite_7\864_S_Bainite_07.png,864_S_Bainite_07.png,864_S_Bainite_07,.png,256,256,RGB
D:\AI_Materials_Microscopy\data\raw\Dataset\S_Bainite_7\865_S_Bainite_07.png,S_Bainite_7\865_S_Bainite_07.png,865_S_Bainite_07.png,865_S_Bainite_07,.png,256,256,RGB
D:\AI_Materials_Microscopy\data\raw\Dataset\S_Bainite_7\866_S_Bainite_07.png,S_Bainite_7\866_S_Bainite_07.png,866_S_Bainite_07.png,866_S_Bainite_07,.png,256,256,RGB
D:\AI_Materials_Microscopy\data\raw\Dataset\S_Bainite_7\867_S_Bainite_07.png,S_Bainite_7\867_S_Bainite_07.png,867_S_Bainite_07.png,867_S_Bainite_07,.png,256,256,RGB
D:\AI_Materials_Microscopy\data\raw\Dataset\S_Bainite_7\868_S_Bainite_07.png,S_Bainite_7\868_S_Bainite_07.png,868_S_Bainite_07.png,868_S_Bainite_07,.png,256,256,RGB
D:\AI_Materials_Microscopy\data\raw\Dataset\S_Bainite_7\869_S_Bainite_07.png,S_Bainite_7\869_S_Bainite_07.png,869_S_Bainite_07.png,869_S_Bainite_07,.png,256,256,RGB
D:\AI_Materials_Microscopy\data\raw\Dataset\S_Bainite_7\870_S_Bainite_07.png,S_Bainite_7\870_S_Bainite_07.png,870_S_Bainite_07.png,870_S_Bainite_07,.png,256,256,RGB
D:\AI_Materials_Microscopy\data\raw\Dataset\S_Bainite_7\871_S_Bainite_07.png,S_Bainite_7\871_S_Bainite_07.png,871_S_Bainite_07.png,871_S_Bainite_07,.png,256,256,RGB
D:\AI_Materials_Microscopy\data\raw\Dataset\S_Bainite_7\873_S_Bainite_07.png,S_Bainite_7\873_S_Bainite_07.png,873_S_Bainite_07.png,873_S_Bainite_07,.png,256,256,RGB
D:\AI_Materials_Microscopy\data\raw\Dataset\S_Bainite_8\855_S_Bainite_08.png,S_Bainite_8\855_S_Bainite_08.png,855_S_Bainite_08.png,855_S_Bainite_08,.png,96,96,RGB
D:\AI_Materials_Microscopy\data\raw\Dataset\S_Bainite_8\856_S_Bainite_08.png,S_Bainite_8\856_S_Bainite_08.png,856_S_Bainite_08.png,856_S_Bainite_08,.png,96,96,RGB
D:\AI_Materials_Microscopy\data\raw\Dataset\S_Bainite_8\857_S_Bainite_08.png,S_Bainite_8\857_S_Bainite_08.png,857_S_Bainite_08.png,857_S_Bainite_08,.png,96,96,RGB
D:\AI_Materials_Microscopy\data\raw\Dataset\S_Bainite_8\858_S_Bainite_08.png,S_Bainite_8\858_S_Bainite_08.png,858_S_Bainite_08.png,858_S_Bainite_08,.png,96,96,RGB
D:\AI_Materials_Microscopy\data\raw\Dataset\S_Bainite_8\859_S_Bainite_08.png,S_Bainite_8\859_S_Bainite_08.png,859_S_Bainite_08.png,859_S_Bainite_08,.png,96,96,RGB
D:\AI_Materials_Microscopy\data\raw\Dataset\S_Bainite_8\860_S_Bainite_08.png,S_Bainite_8\860_S_Bainite_08.png,860_S_Bainite_08.png,860_S_Bainite_08,.png,96,96,RGB
D:\AI_Materials_Microscopy\data\raw\Dataset\S_Bainite_8\861_S_Bainite_08.png,S_Bainite_8\861_S_Bainite_08.png,861_S_Bainite_08.png,861_S_Bainite_08,.png,96,96,RGB
D:\AI_Materials_Microscopy\data\raw\Dataset\S_Bainite_8\862_S_Bainite_08.png,S_Bainite_8\862_S_Bainite_08.png,862_S_Bainite_08.png,862_S_Bainite_08,.png,96,96,RGB
D:\AI_Materials_Microscopy\data\raw\Dataset\S_Bainite_8\863_S_Bainite_08.png,S_Bainite_8\863_S_Bainite_08.png,863_S_Bainite_08.png,863_S_Bainite_08,.png,96,96,RGB
D:\AI_Materials_Microscopy\data\raw\Dataset\S_Bainite_8\864_S_Bainite_08.png,S_Bainite_8\864_S_Bainite_08.png,864_S_Bainite_08.png,864_S_Bainite_08,.png,256,256,RGB
D:\AI_Materials_Microscopy\data\raw\Dataset\S_Bainite_8\865_S_Bainite_08.png,S_Bainite_8\865_S_Bainite_08.png,865_S_Bainite_08.png,865_S_Bainite_08,.png,256,256,RGB
D:\AI_Materials_Microscopy\data\raw\Dataset\S_Bainite_8\866_S_Bainite_08.png,S_Bainite_8\866_S_Bainite_08.png,866_S_Bainite_08.png,866_S_Bainite_08,.png,256,256,RGB
D:\AI_Materials_Microscopy\data\raw\Dataset\S_Bainite_8\867_S_Bainite_08.png,S_Bainite_8\867_S_Bainite_08.png,867_S_Bainite_08.png,867_S_Bainite_08,.png,256,256,RGB
D:\AI_Materials_Microscopy\data\raw\Dataset\S_Bainite_8\868_S_Bainite_08.png,S_Bainite_8\868_S_Bainite_08.png,868_S_Bainite_08.png,868_S_Bainite_08,.png,256,256,RGB
D:\AI_Materials_Microscopy\data\raw\Dataset\S_Bainite_8\869_S_Bainite_08.png,S_Bainite_8\869_S_Bainite_08.png,869_S_Bainite_08.png,869_S_Bainite_08,.png,256,256,RGB
D:\AI_Materials_Microscopy\data\raw\Dataset\S_Bainite_8\870_S_Bainite_08.png,S_Bainite_8\870_S_Bainite_08.png,870_S_Bainite_08.png,870_S_Bainite_08,.png,256,256,RGB
D:\AI_Materials_Microscopy\data\raw\Dataset\S_Bainite_8\871_S_Bainite_08.png,S_Bainite_8\871_S_Bainite_08.png,871_S_Bainite_08.png,871_S_Bainite_08,.png,256,256,RGB
D:\AI_Materials_Microscopy\data\raw\Dataset\S_Bainite_8\873_S_Bainite_08.png,S_Bainite_8\873_S_Bainite_08.png,873_S_Bainite_08.png,873_S_Bainite_08,.png,256,256,RGB
D:\AI_Materials_Microscopy\data\raw\Dataset\S_Bainite_9\855_S_Bainite_09.png,S_Bainite_9\855_S_Bainite_09.png,855_S_Bainite_09.png,855_S_Bainite_09,.png,96,96,RGB
D:\AI_Materials_Microscopy\data\raw\Dataset\S_Bainite_9\856_S_Bainite_09.png,S_Bainite_9\856_S_Bainite_09.png,856_S_Bainite_09.png,856_S_Bainite_09,.png,96,96,RGB
D:\AI_Materials_Microscopy\data\raw\Dataset\S_Bainite_9\857_S_Bainite_09.png,S_Bainite_9\857_S_Bainite_09.png,857_S_Bainite_09.png,857_S_Bainite_09,.png,96,96,RGB
D:\AI_Materials_Microscopy\data\raw\Dataset\S_Bainite_9\858_S_Bainite_09.png,S_Bainite_9\858_S_Bainite_09.png,858_S_Bainite_09.png,858_S_Bainite_09,.png,96,96,RGB
D:\AI_Materials_Microscopy\data\raw\Dataset\S_Bainite_9\859_S_Bainite_09.png,S_Bainite_9\859_S_Bainite_09.png,859_S_Bainite_09.png,859_S_Bainite_09,.png,96,96,RGB
D:\AI_Materials_Microscopy\data\raw\Dataset\S_Bainite_9\860_S_Bainite_09.png,S_Bainite_9\860_S_Bainite_09.png,860_S_Bainite_09.png,860_S_Bainite_09,.png,96,96,RGB
D:\AI_Materials_Microscopy\data\raw\Dataset\S_Bainite_9\861_S_Bainite_09.png,S_Bainite_9\861_S_Bainite_09.png,861_S_Bainite_09.png,861_S_Bainite_09,.png,96,96,RGB
D:\AI_Materials_Microscopy\data\raw\Dataset\S_Bainite_9\862_S_Bainite_09.png,S_Bainite_9\862_S_Bainite_09.png,862_S_Bainite_09.png,862_S_Bainite_09,.png,96,96,RGB
D:\AI_Materials_Microscopy\data\raw\Dataset\S_Bainite_9\863_S_Bainite_09.png,S_Bainite_9\863_S_Bainite_09.png,863_S_Bainite_09.png,863_S_Bainite_09,.png,96,96,RGB
D:\AI_Materials_Microscopy\data\raw\Dataset\S_Bainite_9\864_S_Bainite_09.png,S_Bainite_9\864_S_Bainite_09.png,864_S_Bainite_09.png,864_S_Bainite_09,.png,256,256,RGB
D:\AI_Materials_Microscopy\data\raw\Dataset\S_Bainite_9\865_S_Bainite_09.png,S_Bainite_9\865_S_Bainite_09.png,865_S_Bainite_09.png,865_S_Bainite_09,.png,256,256,RGB
D:\AI_Materials_Microscopy\data\raw\Dataset\S_Bainite_9\866_S_Bainite_09.png,S_Bainite_9\866_S_Bainite_09.png,866_S_Bainite_09.png,866_S_Bainite_09,.png,256,256,RGB
D:\AI_Materials_Microscopy\data\raw\Dataset\S_Bainite_9\867_S_Bainite_09.png,S_Bainite_9\867_S_Bainite_09.png,867_S_Bainite_09.png,867_S_Bainite_09,.png,256,256,RGB
D:\AI_Materials_Microscopy\data\raw\Dataset\S_Bainite_9\868_S_Bainite_09.png,S_Bainite_9\868_S_Bainite_09.png,868_S_Bainite_09.png,868_S_Bainite_09,.png,256,256,RGB
D:\AI_Materials_Microscopy\data\raw\Dataset\S_Bainite_9\869_S_Bainite_09.png,S_Bainite_9\869_S_Bainite_09.png,869_S_Bainite_09.png,869_S_Bainite_09,.png,256,256,RGB
D:\AI_Materials_Microscopy\data\raw\Dataset\S_Bainite_9\870_S_Bainite_09.png,S_Bainite_9\870_S_Bainite_09.png,870_S_Bainite_09.png,870_S_Bainite_09,.png,256,256,RGB
D:\AI_Materials_Microscopy\data\raw\Dataset\S_Bainite_9\871_S_Bainite_09.png,S_Bainite_9\871_S_Bainite_09.png,871_S_Bainite_09.png,871_S_Bainite_09,.png,256,256,RGB
D:\AI_Materials_Microscopy\data\raw\Dataset\S_Bainite_9\873_S_Bainite_09.png,S_Bainite_9\873_S_Bainite_09.png,873_S_Bainite_09.png,873_S_Bainite_09,.png,256,256,RGB
D:\AI_Materials_Microscopy\data\raw\Dataset\T_Bainite_1\.ipynb_checkpoints\886_T_Bainite_01-checkpoint.png,T_Bainite_1\.ipynb_checkpoints\886_T_Bainite_01-checkpoint.png,886_T_Bainite_01-checkpoint.png,886_T_Bainite_01-checkpoint,.png,256,256,RGB
D:\AI_Materials_Microscopy\data\raw\Dataset\T_Bainite_1\874_T_Bainite_01.png,T_Bainite_1\874_T_Bainite_01.png,874_T_Bainite_01.png,874_T_Bainite_01,.png,96,96,RGB
D:\AI_Materials_Microscopy\data\raw\Dataset\T_Bainite_1\875_T_Bainite_01.png,T_Bainite_1\875_T_Bainite_01.png,875_T_Bainite_01.png,875_T_Bainite_01,.png,96,96,RGB
D:\AI_Materials_Microscopy\data\raw\Dataset\T_Bainite_1\876_T_Bainite_01.png,T_Bainite_1\876_T_Bainite_01.png,876_T_Bainite_01.png,876_T_Bainite_01,.png,96,96,RGB
D:\AI_Materials_Microscopy\data\raw\Dataset\T_Bainite_1\877_T_Bainite_01.png,T_Bainite_1\877_T_Bainite_01.png,877_T_Bainite_01.png,877_T_Bainite_01,.png,96,96,RGB
D:\AI_Materials_Microscopy\data\raw\Dataset\T_Bainite_1\878_T_Bainite_01.png,T_Bainite_1\878_T_Bainite_01.png,878_T_Bainite_01.png,878_T_Bainite_01,.png,96,96,RGB
D:\AI_Materials_Microscopy\data\raw\Dataset\T_Bainite_1\879_T_Bainite_01.png,T_Bainite_1\879_T_Bainite_01.png,879_T_Bainite_01.png,879_T_Bainite_01,.png,96,96,RGB
D:\AI_Materials_Microscopy\data\raw\Dataset\T_Bainite_1\880_T_Bainite_01.png,T_Bainite_1\880_T_Bainite_01.png,880_T_Bainite_01.png,880_T_Bainite_01,.png,96,96,RGB
D:\AI_Materials_Microscopy\data\raw\Dataset\T_Bainite_1\881_T_Bainite_01.png,T_Bainite_1\881_T_Bainite_01.png,881_T_Bainite_01.png,881_T_Bainite_01,.png,96,96,RGB
D:\AI_Materials_Microscopy\data\raw\Dataset\T_Bainite_1\882_T_Bainite_01.png,T_Bainite_1\882_T_Bainite_01.png,882_T_Bainite_01.png,882_T_Bainite_01,.png,96,96,RGB
D:\AI_Materials_Microscopy\data\raw\Dataset\T_Bainite_1\883_T_Bainite_01.png,T_Bainite_1\883_T_Bainite_01.png,883_T_Bainite_01.png,883_T_Bainite_01,.png,256,256,RGB
D:\AI_Materials_Microscopy\data\raw\Dataset\T_Bainite_1\884_T_Bainite_01.png,T_Bainite_1\884_T_Bainite_01.png,884_T_Bainite_01.png,884_T_Bainite_01,.png,256,256,RGB
D:\AI_Materials_Microscopy\data\raw\Dataset\T_Bainite_1\885_T_Bainite_01.png,T_Bainite_1\885_T_Bainite_01.png,885_T_Bainite_01.png,885_T_Bainite_01,.png,256,256,RGB
D:\AI_Materials_Microscopy\data\raw\Dataset\T_Bainite_1\886_T_Bainite_01.png,T_Bainite_1\886_T_Bainite_01.png,886_T_Bainite_01.png,886_T_Bainite_01,.png,256,256,RGB
D:\AI_Materials_Microscopy\data\raw\Dataset\T_Bainite_1\887_T_Bainite_01.png,T_Bainite_1\887_T_Bainite_01.png,887_T_Bainite_01.png,887_T_Bainite_01,.png,256,256,RGB
D:\AI_Materials_Microscopy\data\raw\Dataset\T_Bainite_1\888_T_Bainite_01.png,T_Bainite_1\888_T_Bainite_01.png,888_T_Bainite_01.png,888_T_Bainite_01,.png,256,256,RGB
D:\AI_Materials_Microscopy\data\raw\Dataset\T_Bainite_1\889_T_Bainite_01.png,T_Bainite_1\889_T_Bainite_01.png,889_T_Bainite_01.png,889_T_Bainite_01,.png,256,256,RGB
D:\AI_Materials_Microscopy\data\raw\Dataset\T_Bainite_1\890_T_Bainite_01.png,T_Bainite_1\890_T_Bainite_01.png,890_T_Bainite_01.png,890_T_Bainite_01,.png,256,256,RGB
D:\AI_Materials_Microscopy\data\raw\Dataset\T_Bainite_1\891_T_Bainite_01.png,T_Bainite_1\891_T_Bainite_01.png,891_T_Bainite_01.png,891_T_Bainite_01,.png,256,256,RGB
D:\AI_Materials_Microscopy\data\raw\Dataset\T_Bainite_1\892_T_Bainite_01.png,T_Bainite_1\892_T_Bainite_01.png,892_T_Bainite_01.png,892_T_Bainite_01,.png,256,256,RGB
D:\AI_Materials_Microscopy\data\raw\Dataset\T_Bainite_2\874_T_Bainite_02.png,T_Bainite_2\874_T_Bainite_02.png,874_T_Bainite_02.png,874_T_Bainite_02,.png,96,96,RGB
D:\AI_Materials_Microscopy\data\raw\Dataset\T_Bainite_2\875_T_Bainite_02.png,T_Bainite_2\875_T_Bainite_02.png,875_T_Bainite_02.png,875_T_Bainite_02,.png,96,96,RGB
D:\AI_Materials_Microscopy\data\raw\Dataset\T_Bainite_2\876_T_Bainite_02.png,T_Bainite_2\876_T_Bainite_02.png,876_T_Bainite_02.png,876_T_Bainite_02,.png,96,96,RGB
D:\AI_Materials_Microscopy\data\raw\Dataset\T_Bainite_2\877_T_Bainite_02.png,T_Bainite_2\877_T_Bainite_02.png,877_T_Bainite_02.png,877_T_Bainite_02,.png,96,96,RGB
D:\AI_Materials_Microscopy\data\raw\Dataset\T_Bainite_2\878_T_Bainite_02.png,T_Bainite_2\878_T_Bainite_02.png,878_T_Bainite_02.png,878_T_Bainite_02,.png,96,96,RGB
D:\AI_Materials_Microscopy\data\raw\Dataset\T_Bainite_2\879_T_Bainite_02.png,T_Bainite_2\879_T_Bainite_02.png,879_T_Bainite_02.png,879_T_Bainite_02,.png,96,96,RGB
D:\AI_Materials_Microscopy\data\raw\Dataset\T_Bainite_2\880_T_Bainite_02.png,T_Bainite_2\880_T_Bainite_02.png,880_T_Bainite_02.png,880_T_Bainite_02,.png,96,96,RGB
D:\AI_Materials_Microscopy\data\raw\Dataset\T_Bainite_2\881_T_Bainite_02.png,T_Bainite_2\881_T_Bainite_02.png,881_T_Bainite_02.png,881_T_Bainite_02,.png,96,96,RGB
D:\AI_Materials_Microscopy\data\raw\Dataset\T_Bainite_2\882_T_Bainite_02.png,T_Bainite_2\882_T_Bainite_02.png,882_T_Bainite_02.png,882_T_Bainite_02,.png,96,96,RGB
D:\AI_Materials_Microscopy\data\raw\Dataset\T_Bainite_2\883_T_Bainite_02.png,T_Bainite_2\883_T_Bainite_02.png,883_T_Bainite_02.png,883_T_Bainite_02,.png,256,256,RGB
D:\AI_Materials_Microscopy\data\raw\Dataset\T_Bainite_2\884_T_Bainite_02.png,T_Bainite_2\884_T_Bainite_02.png,884_T_Bainite_02.png,884_T_Bainite_02,.png,256,256,RGB
D:\AI_Materials_Microscopy\data\raw\Dataset\T_Bainite_2\885_T_Bainite_02.png,T_Bainite_2\885_T_Bainite_02.png,885_T_Bainite_02.png,885_T_Bainite_02,.png,256,256,RGB
D:\AI_Materials_Microscopy\data\raw\Dataset\T_Bainite_2\886_T_Bainite_02.png,T_Bainite_2\886_T_Bainite_02.png,886_T_Bainite_02.png,886_T_Bainite_02,.png,256,256,RGB
D:\AI_Materials_Microscopy\data\raw\Dataset\T_Bainite_2\887_T_Bainite_02.png,T_Bainite_2\887_T_Bainite_02.png,887_T_Bainite_02.png,887_T_Bainite_02,.png,256,256,RGB
D:\AI_Materials_Microscopy\data\raw\Dataset\T_Bainite_2\888_T_Bainite_02.png,T_Bainite_2\888_T_Bainite_02.png,888_T_Bainite_02.png,888_T_Bainite_02,.png,256,256,RGB
D:\AI_Materials_Microscopy\data\raw\Dataset\T_Bainite_2\889_T_Bainite_02.png,T_Bainite_2\889_T_Bainite_02.png,889_T_Bainite_02.png,889_T_Bainite_02,.png,256,256,RGB
D:\AI_Materials_Microscopy\data\raw\Dataset\T_Bainite_2\890_T_Bainite_02.png,T_Bainite_2\890_T_Bainite_02.png,890_T_Bainite_02.png,890_T_Bainite_02,.png,256,256,RGB
D:\AI_Materials_Microscopy\data\raw\Dataset\T_Bainite_2\891_T_Bainite_02.png,T_Bainite_2\891_T_Bainite_02.png,891_T_Bainite_02.png,891_T_Bainite_02,.png,256,256,RGB
D:\AI_Materials_Microscopy\data\raw\Dataset\T_Bainite_2\892_T_Bainite_02.png,T_Bainite_2\892_T_Bainite_02.png,892_T_Bainite_02.png,892_T_Bainite_02,.png,256,256,RGB
D:\AI_Materials_Microscopy\data\raw\Dataset\T_Bainite_3\874_T_Bainite_03.png,T_Bainite_3\874_T_Bainite_03.png,874_T_Bainite_03.png,874_T_Bainite_03,.png,96,96,RGB
D:\AI_Materials_Microscopy\data\raw\Dataset\T_Bainite_3\875_T_Bainite_03.png,T_Bainite_3\875_T_Bainite_03.png,875_T_Bainite_03.png,875_T_Bainite_03,.png,96,96,RGB
D:\AI_Materials_Microscopy\data\raw\Dataset\T_Bainite_3\876_T_Bainite_03.png,T_Bainite_3\876_T_Bainite_03.png,876_T_Bainite_03.png,876_T_Bainite_03,.png,96,96,RGB
D:\AI_Materials_Microscopy\data\raw\Dataset\T_Bainite_3\877_T_Bainite_03.png,T_Bainite_3\877_T_Bainite_03.png,877_T_Bainite_03.png,877_T_Bainite_03,.png,96,96,RGB
D:\AI_Materials_Microscopy\data\raw\Dataset\T_Bainite_3\878_T_Bainite_03.png,T_Bainite_3\878_T_Bainite_03.png,878_T_Bainite_03.png,878_T_Bainite_03,.png,96,96,RGB
D:\AI_Materials_Microscopy\data\raw\Dataset\T_Bainite_3\879_T_Bainite_03.png,T_Bainite_3\879_T_Bainite_03.png,879_T_Bainite_03.png,879_T_Bainite_03,.png,96,96,RGB
D:\AI_Materials_Microscopy\data\raw\Dataset\T_Bainite_3\880_T_Bainite_03.png,T_Bainite_3\880_T_Bainite_03.png,880_T_Bainite_03.png,880_T_Bainite_03,.png,96,96,RGB
D:\AI_Materials_Microscopy\data\raw\Dataset\T_Bainite_3\881_T_Bainite_03.png,T_Bainite_3\881_T_Bainite_03.png,881_T_Bainite_03.png,881_T_Bainite_03,.png,96,96,RGB
D:\AI_Materials_Microscopy\data\raw\Dataset\T_Bainite_3\882_T_Bainite_03.png,T_Bainite_3\882_T_Bainite_03.png,882_T_Bainite_03.png,882_T_Bainite_03,.png,96,96,RGB
D:\AI_Materials_Microscopy\data\raw\Dataset\T_Bainite_3\883_T_Bainite_03.png,T_Bainite_3\883_T_Bainite_03.png,883_T_Bainite_03.png,883_T_Bainite_03,.png,256,256,RGB
D:\AI_Materials_Microscopy\data\raw\Dataset\T_Bainite_3\884_T_Bainite_03.png,T_Bainite_3\884_T_Bainite_03.png,884_T_Bainite_03.png,884_T_Bainite_03,.png,256,256,RGB
D:\AI_Materials_Microscopy\data\raw\Dataset\T_Bainite_3\885_T_Bainite_03.png,T_Bainite_3\885_T_Bainite_03.png,885_T_Bainite_03.png,885_T_Bainite_03,.png,256,256,RGB
D:\AI_Materials_Microscopy\data\raw\Dataset\T_Bainite_3\886_T_Bainite_03.png,T_Bainite_3\886_T_Bainite_03.png,886_T_Bainite_03.png,886_T_Bainite_03,.png,256,256,RGB
D:\AI_Materials_Microscopy\data\raw\Dataset\T_Bainite_3\887_T_Bainite_03.png,T_Bainite_3\887_T_Bainite_03.png,887_T_Bainite_03.png,887_T_Bainite_03,.png,256,256,RGB
D:\AI_Materials_Microscopy\data\raw\Dataset\T_Bainite_3\888_T_Bainite_03.png,T_Bainite_3\888_T_Bainite_03.png,888_T_Bainite_03.png,888_T_Bainite_03,.png,256,256,RGB
D:\AI_Materials_Microscopy\data\raw\Dataset\T_Bainite_3\889_T_Bainite_03.png,T_Bainite_3\889_T_Bainite_03.png,889_T_Bainite_03.png,889_T_Bainite_03,.png,256,256,RGB
D:\AI_Materials_Microscopy\data\raw\Dataset\T_Bainite_3\890_T_Bainite_03.png,T_Bainite_3\890_T_Bainite_03.png,890_T_Bainite_03.png,890_T_Bainite_03,.png,256,256,RGB
D:\AI_Materials_Microscopy\data\raw\Dataset\T_Bainite_3\891_T_Bainite_03.png,T_Bainite_3\891_T_Bainite_03.png,891_T_Bainite_03.png,891_T_Bainite_03,.png,256,256,RGB
D:\AI_Materials_Microscopy\data\raw\Dataset\T_Bainite_3\892_T_Bainite_03.png,T_Bainite_3\892_T_Bainite_03.png,892_T_Bainite_03.png,892_T_Bainite_03,.png,256,256,RGB
D:\AI_Materials_Microscopy\data\raw\Dataset\T_Bainite_4\874_T_Bainite_04.png,T_Bainite_4\874_T_Bainite_04.png,874_T_Bainite_04.png,874_T_Bainite_04,.png,96,96,RGB
D:\AI_Materials_Microscopy\data\raw\Dataset\T_Bainite_4\875_T_Bainite_04.png,T_Bainite_4\875_T_Bainite_04.png,875_T_Bainite_04.png,875_T_Bainite_04,.png,96,96,RGB
D:\AI_Materials_Microscopy\data\raw\Dataset\T_Bainite_4\876_T_Bainite_04.png,T_Bainite_4\876_T_Bainite_04.png,876_T_Bainite_04.png,876_T_Bainite_04,.png,96,96,RGB
D:\AI_Materials_Microscopy\data\raw\Dataset\T_Bainite_4\877_T_Bainite_04.png,T_Bainite_4\877_T_Bainite_04.png,877_T_Bainite_04.png,877_T_Bainite_04,.png,96,96,RGB
D:\AI_Materials_Microscopy\data\raw\Dataset\T_Bainite_4\878_T_Bainite_04.png,T_Bainite_4\878_T_Bainite_04.png,878_T_Bainite_04.png,878_T_Bainite_04,.png,96,96,RGB
D:\AI_Materials_Microscopy\data\raw\Dataset\T_Bainite_4\879_T_Bainite_04.png,T_Bainite_4\879_T_Bainite_04.png,879_T_Bainite_04.png,879_T_Bainite_04,.png,96,96,RGB
D:\AI_Materials_Microscopy\data\raw\Dataset\T_Bainite_4\880_T_Bainite_04.png,T_Bainite_4\880_T_Bainite_04.png,880_T_Bainite_04.png,880_T_Bainite_04,.png,96,96,RGB
D:\AI_Materials_Microscopy\data\raw\Dataset\T_Bainite_4\881_T_Bainite_04.png,T_Bainite_4\881_T_Bainite_04.png,881_T_Bainite_04.png,881_T_Bainite_04,.png,96,96,RGB
D:\AI_Materials_Microscopy\data\raw\Dataset\T_Bainite_4\882_T_Bainite_04.png,T_Bainite_4\882_T_Bainite_04.png,882_T_Bainite_04.png,882_T_Bainite_04,.png,96,96,RGB
D:\AI_Materials_Microscopy\data\raw\Dataset\T_Bainite_4\883_T_Bainite_04.png,T_Bainite_4\883_T_Bainite_04.png,883_T_Bainite_04.png,883_T_Bainite_04,.png,256,256,RGB
D:\AI_Materials_Microscopy\data\raw\Dataset\T_Bainite_4\884_T_Bainite_04.png,T_Bainite_4\884_T_Bainite_04.png,884_T_Bainite_04.png,884_T_Bainite_04,.png,256,256,RGB
D:\AI_Materials_Microscopy\data\raw\Dataset\T_Bainite_4\885_T_Bainite_04.png,T_Bainite_4\885_T_Bainite_04.png,885_T_Bainite_04.png,885_T_Bainite_04,.png,256,256,RGB
D:\AI_Materials_Microscopy\data\raw\Dataset\T_Bainite_4\886_T_Bainite_04.png,T_Bainite_4\886_T_Bainite_04.png,886_T_Bainite_04.png,886_T_Bainite_04,.png,256,256,RGB
D:\AI_Materials_Microscopy\data\raw\Dataset\T_Bainite_4\887_T_Bainite_04.png,T_Bainite_4\887_T_Bainite_04.png,887_T_Bainite_04.png,887_T_Bainite_04,.png,256,256,RGB
D:\AI_Materials_Microscopy\data\raw\Dataset\T_Bainite_4\888_T_Bainite_04.png,T_Bainite_4\888_T_Bainite_04.png,888_T_Bainite_04.png,888_T_Bainite_04,.png,256,256,RGB
D:\AI_Materials_Microscopy\data\raw\Dataset\T_Bainite_4\889_T_Bainite_04.png,T_Bainite_4\889_T_Bainite_04.png,889_T_Bainite_04.png,889_T_Bainite_04,.png,256,256,RGB
D:\AI_Materials_Microscopy\data\raw\Dataset\T_Bainite_4\890_T_Bainite_04.png,T_Bainite_4\890_T_Bainite_04.png,890_T_Bainite_04.png,890_T_Bainite_04,.png,256,256,RGB
D:\AI_Materials_Microscopy\data\raw\Dataset\T_Bainite_4\891_T_Bainite_04.png,T_Bainite_4\891_T_Bainite_04.png,891_T_Bainite_04.png,891_T_Bainite_04,.png,256,256,RGB
D:\AI_Materials_Microscopy\data\raw\Dataset\T_Bainite_4\892_T_Bainite_04.png,T_Bainite_4\892_T_Bainite_04.png,892_T_Bainite_04.png,892_T_Bainite_04,.png,256,256,RGB
D:\AI_Materials_Microscopy\data\raw\Dataset\T_Bainite_5\874_T_Bainite_05.png,T_Bainite_5\874_T_Bainite_05.png,874_T_Bainite_05.png,874_T_Bainite_05,.png,96,96,RGB
D:\AI_Materials_Microscopy\data\raw\Dataset\T_Bainite_5\875_T_Bainite_05.png,T_Bainite_5\875_T_Bainite_05.png,875_T_Bainite_05.png,875_T_Bainite_05,.png,96,96,RGB
D:\AI_Materials_Microscopy\data\raw\Dataset\T_Bainite_5\876_T_Bainite_05.png,T_Bainite_5\876_T_Bainite_05.png,876_T_Bainite_05.png,876_T_Bainite_05,.png,96,96,RGB
D:\AI_Materials_Microscopy\data\raw\Dataset\T_Bainite_5\877_T_Bainite_05.png,T_Bainite_5\877_T_Bainite_05.png,877_T_Bainite_05.png,877_T_Bainite_05,.png,96,96,RGB
D:\AI_Materials_Microscopy\data\raw\Dataset\T_Bainite_5\878_T_Bainite_05.png,T_Bainite_5\878_T_Bainite_05.png,878_T_Bainite_05.png,878_T_Bainite_05,.png,96,96,RGB
D:\AI_Materials_Microscopy\data\raw\Dataset\T_Bainite_5\879_T_Bainite_05.png,T_Bainite_5\879_T_Bainite_05.png,879_T_Bainite_05.png,879_T_Bainite_05,.png,96,96,RGB
D:\AI_Materials_Microscopy\data\raw\Dataset\T_Bainite_5\880_T_Bainite_05.png,T_Bainite_5\880_T_Bainite_05.png,880_T_Bainite_05.png,880_T_Bainite_05,.png,96,96,RGB
D:\AI_Materials_Microscopy\data\raw\Dataset\T_Bainite_5\881_T_Bainite_05.png,T_Bainite_5\881_T_Bainite_05.png,881_T_Bainite_05.png,881_T_Bainite_05,.png,96,96,RGB
D:\AI_Materials_Microscopy\data\raw\Dataset\T_Bainite_5\882_T_Bainite_05.png,T_Bainite_5\882_T_Bainite_05.png,882_T_Bainite_05.png,882_T_Bainite_05,.png,96,96,RGB
D:\AI_Materials_Microscopy\data\raw\Dataset\T_Bainite_5\883_T_Bainite_05.png,T_Bainite_5\883_T_Bainite_05.png,883_T_Bainite_05.png,883_T_Bainite_05,.png,256,256,RGB
D:\AI_Materials_Microscopy\data\raw\Dataset\T_Bainite_5\884_T_Bainite_05.png,T_Bainite_5\884_T_Bainite_05.png,884_T_Bainite_05.png,884_T_Bainite_05,.png,256,256,RGB
D:\AI_Materials_Microscopy\data\raw\Dataset\T_Bainite_5\885_T_Bainite_05.png,T_Bainite_5\885_T_Bainite_05.png,885_T_Bainite_05.png,885_T_Bainite_05,.png,256,256,RGB
D:\AI_Materials_Microscopy\data\raw\Dataset\T_Bainite_5\886_T_Bainite_05.png,T_Bainite_5\886_T_Bainite_05.png,886_T_Bainite_05.png,886_T_Bainite_05,.png,256,256,RGB
D:\AI_Materials_Microscopy\data\raw\Dataset\T_Bainite_5\887_T_Bainite_05.png,T_Bainite_5\887_T_Bainite_05.png,887_T_Bainite_05.png,887_T_Bainite_05,.png,256,256,RGB
D:\AI_Materials_Microscopy\data\raw\Dataset\T_Bainite_5\888_T_Bainite_05.png,T_Bainite_5\888_T_Bainite_05.png,888_T_Bainite_05.png,888_T_Bainite_05,.png,256,256,RGB
D:\AI_Materials_Microscopy\data\raw\Dataset\T_Bainite_5\889_T_Bainite_05.png,T_Bainite_5\889_T_Bainite_05.png,889_T_Bainite_05.png,889_T_Bainite_05,.png,256,256,RGB
D:\AI_Materials_Microscopy\data\raw\Dataset\T_Bainite_5\890_T_Bainite_05.png,T_Bainite_5\890_T_Bainite_05.png,890_T_Bainite_05.png,890_T_Bainite_05,.png,256,256,RGB
D:\AI_Materials_Microscopy\data\raw\Dataset\T_Bainite_5\891_T_Bainite_05.png,T_Bainite_5\891_T_Bainite_05.png,891_T_Bainite_05.png,891_T_Bainite_05,.png,256,256,RGB
D:\AI_Materials_Microscopy\data\raw\Dataset\T_Bainite_5\892_T_Bainite_05.png,T_Bainite_5\892_T_Bainite_05.png,892_T_Bainite_05.png,892_T_Bainite_05,.png,256,256,RGB
D:\AI_Materials_Microscopy\data\raw\Dataset\T_Bainite_6\874_T_Bainite_06.png,T_Bainite_6\874_T_Bainite_06.png,874_T_Bainite_06.png,874_T_Bainite_06,.png,96,96,RGB
D:\AI_Materials_Microscopy\data\raw\Dataset\T_Bainite_6\875_T_Bainite_06.png,T_Bainite_6\875_T_Bainite_06.png,875_T_Bainite_06.png,875_T_Bainite_06,.png,96,96,RGB
D:\AI_Materials_Microscopy\data\raw\Dataset\T_Bainite_6\876_T_Bainite_06.png,T_Bainite_6\876_T_Bainite_06.png,876_T_Bainite_06.png,876_T_Bainite_06,.png,96,96,RGB
D:\AI_Materials_Microscopy\data\raw\Dataset\T_Bainite_6\877_T_Bainite_06.png,T_Bainite_6\877_T_Bainite_06.png,877_T_Bainite_06.png,877_T_Bainite_06,.png,96,96,RGB
D:\AI_Materials_Microscopy\data\raw\Dataset\T_Bainite_6\878_T_Bainite_06.png,T_Bainite_6\878_T_Bainite_06.png,878_T_Bainite_06.png,878_T_Bainite_06,.png,96,96,RGB
D:\AI_Materials_Microscopy\data\raw\Dataset\T_Bainite_6\879_T_Bainite_06.png,T_Bainite_6\879_T_Bainite_06.png,879_T_Bainite_06.png,879_T_Bainite_06,.png,96,96,RGB
D:\AI_Materials_Microscopy\data\raw\Dataset\T_Bainite_6\880_T_Bainite_06.png,T_Bainite_6\880_T_Bainite_06.png,880_T_Bainite_06.png,880_T_Bainite_06,.png,96,96,RGB
D:\AI_Materials_Microscopy\data\raw\Dataset\T_Bainite_6\881_T_Bainite_06.png,T_Bainite_6\881_T_Bainite_06.png,881_T_Bainite_06.png,881_T_Bainite_06,.png,96,96,RGB
D:\AI_Materials_Microscopy\data\raw\Dataset\T_Bainite_6\882_T_Bainite_06.png,T_Bainite_6\882_T_Bainite_06.png,882_T_Bainite_06.png,882_T_Bainite_06,.png,96,96,RGB
D:\AI_Materials_Microscopy\data\raw\Dataset\T_Bainite_6\883_T_Bainite_06.png,T_Bainite_6\883_T_Bainite_06.png,883_T_Bainite_06.png,883_T_Bainite_06,.png,256,256,RGB
D:\AI_Materials_Microscopy\data\raw\Dataset\T_Bainite_6\884_T_Bainite_06.png,T_Bainite_6\884_T_Bainite_06.png,884_T_Bainite_06.png,884_T_Bainite_06,.png,256,256,RGB
D:\AI_Materials_Microscopy\data\raw\Dataset\T_Bainite_6\885_T_Bainite_06.png,T_Bainite_6\885_T_Bainite_06.png,885_T_Bainite_06.png,885_T_Bainite_06,.png,256,256,RGB
D:\AI_Materials_Microscopy\data\raw\Dataset\T_Bainite_6\886_T_Bainite_06.png,T_Bainite_6\886_T_Bainite_06.png,886_T_Bainite_06.png,886_T_Bainite_06,.png,256,256,RGB
D:\AI_Materials_Microscopy\data\raw\Dataset\T_Bainite_6\887_T_Bainite_06.png,T_Bainite_6\887_T_Bainite_06.png,887_T_Bainite_06.png,887_T_Bainite_06,.png,256,256,RGB
D:\AI_Materials_Microscopy\data\raw\Dataset\T_Bainite_6\888_T_Bainite_06.png,T_Bainite_6\888_T_Bainite_06.png,888_T_Bainite_06.png,888_T_Bainite_06,.png,256,256,RGB
D:\AI_Materials_Microscopy\data\raw\Dataset\T_Bainite_6\889_T_Bainite_06.png,T_Bainite_6\889_T_Bainite_06.png,889_T_Bainite_06.png,889_T_Bainite_06,.png,256,256,RGB
D:\AI_Materials_Microscopy\data\raw\Dataset\T_Bainite_6\890_T_Bainite_06.png,T_Bainite_6\890_T_Bainite_06.png,890_T_Bainite_06.png,890_T_Bainite_06,.png,256,256,RGB
D:\AI_Materials_Microscopy\data\raw\Dataset\T_Bainite_6\891_T_Bainite_06.png,T_Bainite_6\891_T_Bainite_06.png,891_T_Bainite_06.png,891_T_Bainite_06,.png,256,256,RGB
D:\AI_Materials_Microscopy\data\raw\Dataset\T_Bainite_6\892_T_Bainite_06.png,T_Bainite_6\892_T_Bainite_06.png,892_T_Bainite_06.png,892_T_Bainite_06,.png,256,256,RGB
D:\AI_Materials_Microscopy\data\raw\Dataset\T_Bainite_7\874_T_Bainite_07.png,T_Bainite_7\874_T_Bainite_07.png,874_T_Bainite_07.png,874_T_Bainite_07,.png,96,96,RGB
D:\AI_Materials_Microscopy\data\raw\Dataset\T_Bainite_7\875_T_Bainite_07.png,T_Bainite_7\875_T_Bainite_07.png,875_T_Bainite_07.png,875_T_Bainite_07,.png,96,96,RGB
D:\AI_Materials_Microscopy\data\raw\Dataset\T_Bainite_7\876_T_Bainite_07.png,T_Bainite_7\876_T_Bainite_07.png,876_T_Bainite_07.png,876_T_Bainite_07,.png,96,96,RGB
D:\AI_Materials_Microscopy\data\raw\Dataset\T_Bainite_7\877_T_Bainite_07.png,T_Bainite_7\877_T_Bainite_07.png,877_T_Bainite_07.png,877_T_Bainite_07,.png,96,96,RGB
D:\AI_Materials_Microscopy\data\raw\Dataset\T_Bainite_7\878_T_Bainite_07.png,T_Bainite_7\878_T_Bainite_07.png,878_T_Bainite_07.png,878_T_Bainite_07,.png,96,96,RGB
D:\AI_Materials_Microscopy\data\raw\Dataset\T_Bainite_7\879_T_Bainite_07.png,T_Bainite_7\879_T_Bainite_07.png,879_T_Bainite_07.png,879_T_Bainite_07,.png,96,96,RGB
D:\AI_Materials_Microscopy\data\raw\Dataset\T_Bainite_7\880_T_Bainite_07.png,T_Bainite_7\880_T_Bainite_07.png,880_T_Bainite_07.png,880_T_Bainite_07,.png,96,96,RGB
D:\AI_Materials_Microscopy\data\raw\Dataset\T_Bainite_7\881_T_Bainite_07.png,T_Bainite_7\881_T_Bainite_07.png,881_T_Bainite_07.png,881_T_Bainite_07,.png,96,96,RGB
D:\AI_Materials_Microscopy\data\raw\Dataset\T_Bainite_7\882_T_Bainite_07.png,T_Bainite_7\882_T_Bainite_07.png,882_T_Bainite_07.png,882_T_Bainite_07,.png,96,96,RGB
D:\AI_Materials_Microscopy\data\raw\Dataset\T_Bainite_7\883_T_Bainite_07.png,T_Bainite_7\883_T_Bainite_07.png,883_T_Bainite_07.png,883_T_Bainite_07,.png,256,256,RGB
D:\AI_Materials_Microscopy\data\raw\Dataset\T_Bainite_7\884_T_Bainite_07.png,T_Bainite_7\884_T_Bainite_07.png,884_T_Bainite_07.png,884_T_Bainite_07,.png,256,256,RGB
D:\AI_Materials_Microscopy\data\raw\Dataset\T_Bainite_7\885_T_Bainite_07.png,T_Bainite_7\885_T_Bainite_07.png,885_T_Bainite_07.png,885_T_Bainite_07,.png,256,256,RGB
D:\AI_Materials_Microscopy\data\raw\Dataset\T_Bainite_7\886_T_Bainite_07.png,T_Bainite_7\886_T_Bainite_07.png,886_T_Bainite_07.png,886_T_Bainite_07,.png,256,256,RGB
D:\AI_Materials_Microscopy\data\raw\Dataset\T_Bainite_7\887_T_Bainite_07.png,T_Bainite_7\887_T_Bainite_07.png,887_T_Bainite_07.png,887_T_Bainite_07,.png,256,256,RGB
D:\AI_Materials_Microscopy\data\raw\Dataset\T_Bainite_7\888_T_Bainite_07.png,T_Bainite_7\888_T_Bainite_07.png,888_T_Bainite_07.png,888_T_Bainite_07,.png,256,256,RGB
D:\AI_Materials_Microscopy\data\raw\Dataset\T_Bainite_7\889_T_Bainite_07.png,T_Bainite_7\889_T_Bainite_07.png,889_T_Bainite_07.png,889_T_Bainite_07,.png,256,256,RGB
D:\AI_Materials_Microscopy\data\raw\Dataset\T_Bainite_7\890_T_Bainite_07.png,T_Bainite_7\890_T_Bainite_07.png,890_T_Bainite_07.png,890_T_Bainite_07,.png,256,256,RGB
D:\AI_Materials_Microscopy\data\raw\Dataset\T_Bainite_7\891_T_Bainite_07.png,T_Bainite_7\891_T_Bainite_07.png,891_T_Bainite_07.png,891_T_Bainite_07,.png,256,256,RGB
D:\AI_Materials_Microscopy\data\raw\Dataset\T_Bainite_7\892_T_Bainite_07.png,T_Bainite_7\892_T_Bainite_07.png,892_T_Bainite_07.png,892_T_Bainite_07,.png,256,256,RGB
D:\AI_Materials_Microscopy\data\raw\Dataset\T_Bainite_8\874_T_Bainite_08.png,T_Bainite_8\874_T_Bainite_08.png,874_T_Bainite_08.png,874_T_Bainite_08,.png,96,96,RGB
D:\AI_Materials_Microscopy\data\raw\Dataset\T_Bainite_8\875_T_Bainite_08.png,T_Bainite_8\875_T_Bainite_08.png,875_T_Bainite_08.png,875_T_Bainite_08,.png,96,96,RGB
D:\AI_Materials_Microscopy\data\raw\Dataset\T_Bainite_8\876_T_Bainite_08.png,T_Bainite_8\876_T_Bainite_08.png,876_T_Bainite_08.png,876_T_Bainite_08,.png,96,96,RGB
D:\AI_Materials_Microscopy\data\raw\Dataset\T_Bainite_8\877_T_Bainite_08.png,T_Bainite_8\877_T_Bainite_08.png,877_T_Bainite_08.png,877_T_Bainite_08,.png,96,96,RGB
D:\AI_Materials_Microscopy\data\raw\Dataset\T_Bainite_8\878_T_Bainite_08.png,T_Bainite_8\878_T_Bainite_08.png,878_T_Bainite_08.png,878_T_Bainite_08,.png,96,96,RGB
D:\AI_Materials_Microscopy\data\raw\Dataset\T_Bainite_8\879_T_Bainite_08.png,T_Bainite_8\879_T_Bainite_08.png,879_T_Bainite_08.png,879_T_Bainite_08,.png,96,96,RGB
D:\AI_Materials_Microscopy\data\raw\Dataset\T_Bainite_8\880_T_Bainite_08.png,T_Bainite_8\880_T_Bainite_08.png,880_T_Bainite_08.png,880_T_Bainite_08,.png,96,96,RGB
D:\AI_Materials_Microscopy\data\raw\Dataset\T_Bainite_8\881_T_Bainite_08.png,T_Bainite_8\881_T_Bainite_08.png,881_T_Bainite_08.png,881_T_Bainite_08,.png,96,96,RGB
D:\AI_Materials_Microscopy\data\raw\Dataset\T_Bainite_8\882_T_Bainite_08.png,T_Bainite_8\882_T_Bainite_08.png,882_T_Bainite_08.png,882_T_Bainite_08,.png,96,96,RGB
D:\AI_Materials_Microscopy\data\raw\Dataset\T_Bainite_8\883_T_Bainite_08.png,T_Bainite_8\883_T_Bainite_08.png,883_T_Bainite_08.png,883_T_Bainite_08,.png,256,256,RGB
D:\AI_Materials_Microscopy\data\raw\Dataset\T_Bainite_8\884_T_Bainite_08.png,T_Bainite_8\884_T_Bainite_08.png,884_T_Bainite_08.png,884_T_Bainite_08,.png,256,256,RGB
D:\AI_Materials_Microscopy\data\raw\Dataset\T_Bainite_8\885_T_Bainite_08.png,T_Bainite_8\885_T_Bainite_08.png,885_T_Bainite_08.png,885_T_Bainite_08,.png,256,256,RGB
D:\AI_Materials_Microscopy\data\raw\Dataset\T_Bainite_8\886_T_Bainite_08.png,T_Bainite_8\886_T_Bainite_08.png,886_T_Bainite_08.png,886_T_Bainite_08,.png,256,256,RGB
D:\AI_Materials_Microscopy\data\raw\Dataset\T_Bainite_8\887_T_Bainite_08.png,T_Bainite_8\887_T_Bainite_08.png,887_T_Bainite_08.png,887_T_Bainite_08,.png,256,256,RGB
D:\AI_Materials_Microscopy\data\raw\Dataset\T_Bainite_8\888_T_Bainite_08.png,T_Bainite_8\888_T_Bainite_08.png,888_T_Bainite_08.png,888_T_Bainite_08,.png,256,256,RGB
D:\AI_Materials_Microscopy\data\raw\Dataset\T_Bainite_8\889_T_Bainite_08.png,T_Bainite_8\889_T_Bainite_08.png,889_T_Bainite_08.png,889_T_Bainite_08,.png,256,256,RGB
D:\AI_Materials_Microscopy\data\raw\Dataset\T_Bainite_8\890_T_Bainite_08.png,T_Bainite_8\890_T_Bainite_08.png,890_T_Bainite_08.png,890_T_Bainite_08,.png,256,256,RGB
D:\AI_Materials_Microscopy\data\raw\Dataset\T_Bainite_8\891_T_Bainite_08.png,T_Bainite_8\891_T_Bainite_08.png,891_T_Bainite_08.png,891_T_Bainite_08,.png,256,256,RGB
D:\AI_Materials_Microscopy\data\raw\Dataset\T_Bainite_8\892_T_Bainite_08.png,T_Bainite_8\892_T_Bainite_08.png,892_T_Bainite_08.png,892_T_Bainite_08,.png,256,256,RGB
D:\AI_Materials_Microscopy\data\raw\Dataset\T_Bainite_9\874_T_Bainite_09.png,T_Bainite_9\874_T_Bainite_09.png,874_T_Bainite_09.png,874_T_Bainite_09,.png,96,96,RGB
D:\AI_Materials_Microscopy\data\raw\Dataset\T_Bainite_9\875_T_Bainite_09.png,T_Bainite_9\875_T_Bainite_09.png,875_T_Bainite_09.png,875_T_Bainite_09,.png,96,96,RGB
D:\AI_Materials_Microscopy\data\raw\Dataset\T_Bainite_9\876_T_Bainite_09.png,T_Bainite_9\876_T_Bainite_09.png,876_T_Bainite_09.png,876_T_Bainite_09,.png,96,96,RGB
D:\AI_Materials_Microscopy\data\raw\Dataset\T_Bainite_9\877_T_Bainite_09.png,T_Bainite_9\877_T_Bainite_09.png,877_T_Bainite_09.png,877_T_Bainite_09,.png,96,96,RGB
D:\AI_Materials_Microscopy\data\raw\Dataset\T_Bainite_9\878_T_Bainite_09.png,T_Bainite_9\878_T_Bainite_09.png,878_T_Bainite_09.png,878_T_Bainite_09,.png,96,96,RGB
D:\AI_Materials_Microscopy\data\raw\Dataset\T_Bainite_9\879_T_Bainite_09.png,T_Bainite_9\879_T_Bainite_09.png,879_T_Bainite_09.png,879_T_Bainite_09,.png,96,96,RGB
D:\AI_Materials_Microscopy\data\raw\Dataset\T_Bainite_9\880_T_Bainite_09.png,T_Bainite_9\880_T_Bainite_09.png,880_T_Bainite_09.png,880_T_Bainite_09,.png,96,96,RGB
D:\AI_Materials_Microscopy\data\raw\Dataset\T_Bainite_9\881_T_Bainite_09.png,T_Bainite_9\881_T_Bainite_09.png,881_T_Bainite_09.png,881_T_Bainite_09,.png,96,96,RGB
D:\AI_Materials_Microscopy\data\raw\Dataset\T_Bainite_9\882_T_Bainite_09.png,T_Bainite_9\882_T_Bainite_09.png,882_T_Bainite_09.png,882_T_Bainite_09,.png,96,96,RGB
D:\AI_Materials_Microscopy\data\raw\Dataset\T_Bainite_9\883_T_Bainite_09.png,T_Bainite_9\883_T_Bainite_09.png,883_T_Bainite_09.png,883_T_Bainite_09,.png,256,256,RGB
D:\AI_Materials_Microscopy\data\raw\Dataset\T_Bainite_9\884_T_Bainite_09.png,T_Bainite_9\884_T_Bainite_09.png,884_T_Bainite_09.png,884_T_Bainite_09,.png,256,256,RGB
D:\AI_Materials_Microscopy\data\raw\Dataset\T_Bainite_9\885_T_Bainite_09.png,T_Bainite_9\885_T_Bainite_09.png,885_T_Bainite_09.png,885_T_Bainite_09,.png,256,256,RGB
D:\AI_Materials_Microscopy\data\raw\Dataset\T_Bainite_9\886_T_Bainite_09.png,T_Bainite_9\886_T_Bainite_09.png,886_T_Bainite_09.png,886_T_Bainite_09,.png,256,256,RGB
D:\AI_Materials_Microscopy\data\raw\Dataset\T_Bainite_9\887_T_Bainite_09.png,T_Bainite_9\887_T_Bainite_09.png,887_T_Bainite_09.png,887_T_Bainite_09,.png,256,256,RGB
D:\AI_Materials_Microscopy\data\raw\Dataset\T_Bainite_9\888_T_Bainite_09.png,T_Bainite_9\888_T_Bainite_09.png,888_T_Bainite_09.png,888_T_Bainite_09,.png,256,256,RGB
D:\AI_Materials_Microscopy\data\raw\Dataset\T_Bainite_9\889_T_Bainite_09.png,T_Bainite_9\889_T_Bainite_09.png,889_T_Bainite_09.png,889_T_Bainite_09,.png,256,256,RGB
D:\AI_Materials_Microscopy\data\raw\Dataset\T_Bainite_9\890_T_Bainite_09.png,T_Bainite_9\890_T_Bainite_09.png,890_T_Bainite_09.png,890_T_Bainite_09,.png,256,256,RGB
D:\AI_Materials_Microscopy\data\raw\Dataset\T_Bainite_9\891_T_Bainite_09.png,T_Bainite_9\891_T_Bainite_09.png,891_T_Bainite_09.png,891_T_Bainite_09,.png,256,256,RGB
D:\AI_Materials_Microscopy\data\raw\Dataset\T_Bainite_9\892_T_Bainite_09.png,T_Bainite_9\892_T_Bainite_09.png,892_T_Bainite_09.png,892_T_Bainite_09,.png,256,256,RGB
D:\AI_Materials_Microscopy\data\raw\Dataset\T_Martensite_1\874_T_Martensite_01.png,T_Martensite_1\874_T_Martensite_01.png,874_T_Martensite_01.png,874_T_Martensite_01,.png,96,96,RGB
D:\AI_Materials_Microscopy\data\raw\Dataset\T_Martensite_1\875_T_Martensite_01.png,T_Martensite_1\875_T_Martensite_01.png,875_T_Martensite_01.png,875_T_Martensite_01,.png,96,96,RGB
D:\AI_Materials_Microscopy\data\raw\Dataset\T_Martensite_1\876_T_Martensite_01.png,T_Martensite_1\876_T_Martensite_01.png,876_T_Martensite_01.png,876_T_Martensite_01,.png,96,96,RGB
D:\AI_Materials_Microscopy\data\raw\Dataset\T_Martensite_1\877_T_Martensite_01.png,T_Martensite_1\877_T_Martensite_01.png,877_T_Martensite_01.png,877_T_Martensite_01,.png,96,96,RGB
D:\AI_Materials_Microscopy\data\raw\Dataset\T_Martensite_1\878_T_Martensite_01.png,T_Martensite_1\878_T_Martensite_01.png,878_T_Martensite_01.png,878_T_Martensite_01,.png,96,96,RGB
D:\AI_Materials_Microscopy\data\raw\Dataset\T_Martensite_1\879_T_Martensite_01.png,T_Martensite_1\879_T_Martensite_01.png,879_T_Martensite_01.png,879_T_Martensite_01,.png,96,96,RGB
D:\AI_Materials_Microscopy\data\raw\Dataset\T_Martensite_1\880_T_Martensite_01.png,T_Martensite_1\880_T_Martensite_01.png,880_T_Martensite_01.png,880_T_Martensite_01,.png,96,96,RGB
D:\AI_Materials_Microscopy\data\raw\Dataset\T_Martensite_1\881_T_Martensite_01.png,T_Martensite_1\881_T_Martensite_01.png,881_T_Martensite_01.png,881_T_Martensite_01,.png,96,96,RGB
D:\AI_Materials_Microscopy\data\raw\Dataset\T_Martensite_1\882_T_Martensite_01.png,T_Martensite_1\882_T_Martensite_01.png,882_T_Martensite_01.png,882_T_Martensite_01,.png,96,96,RGB
D:\AI_Materials_Microscopy\data\raw\Dataset\T_Martensite_1\883_T_Martensite_01.png,T_Martensite_1\883_T_Martensite_01.png,883_T_Martensite_01.png,883_T_Martensite_01,.png,256,256,RGB
D:\AI_Materials_Microscopy\data\raw\Dataset\T_Martensite_1\884_T_Martensite_01.png,T_Martensite_1\884_T_Martensite_01.png,884_T_Martensite_01.png,884_T_Martensite_01,.png,256,256,RGB
D:\AI_Materials_Microscopy\data\raw\Dataset\T_Martensite_1\885_T_Martensite_01.png,T_Martensite_1\885_T_Martensite_01.png,885_T_Martensite_01.png,885_T_Martensite_01,.png,256,256,RGB
D:\AI_Materials_Microscopy\data\raw\Dataset\T_Martensite_1\886_T_Martensite_01.png,T_Martensite_1\886_T_Martensite_01.png,886_T_Martensite_01.png,886_T_Martensite_01,.png,256,256,RGB
D:\AI_Materials_Microscopy\data\raw\Dataset\T_Martensite_1\887_T_Martensite_01.png,T_Martensite_1\887_T_Martensite_01.png,887_T_Martensite_01.png,887_T_Martensite_01,.png,256,256,RGB
D:\AI_Materials_Microscopy\data\raw\Dataset\T_Martensite_1\888_T_Martensite_01.png,T_Martensite_1\888_T_Martensite_01.png,888_T_Martensite_01.png,888_T_Martensite_01,.png,256,256,RGB
D:\AI_Materials_Microscopy\data\raw\Dataset\T_Martensite_1\889_T_Martensite_01.png,T_Martensite_1\889_T_Martensite_01.png,889_T_Martensite_01.png,889_T_Martensite_01,.png,256,256,RGB
D:\AI_Materials_Microscopy\data\raw\Dataset\T_Martensite_1\890_T_Martensite_01.png,T_Martensite_1\890_T_Martensite_01.png,890_T_Martensite_01.png,890_T_Martensite_01,.png,256,256,RGB
D:\AI_Materials_Microscopy\data\raw\Dataset\T_Martensite_1\891_T_Martensite_01.png,T_Martensite_1\891_T_Martensite_01.png,891_T_Martensite_01.png,891_T_Martensite_01,.png,256,256,RGB
D:\AI_Materials_Microscopy\data\raw\Dataset\T_Martensite_1\892_T_Martensite_01.png,T_Martensite_1\892_T_Martensite_01.png,892_T_Martensite_01.png,892_T_Martensite_01,.png,256,256,RGB
D:\AI_Materials_Microscopy\data\raw\Dataset\T_Martensite_2\874_T_Martensite_02.png,T_Martensite_2\874_T_Martensite_02.png,874_T_Martensite_02.png,874_T_Martensite_02,.png,96,96,RGB
D:\AI_Materials_Microscopy\data\raw\Dataset\T_Martensite_2\875_T_Martensite_02.png,T_Martensite_2\875_T_Martensite_02.png,875_T_Martensite_02.png,875_T_Martensite_02,.png,96,96,RGB
D:\AI_Materials_Microscopy\data\raw\Dataset\T_Martensite_2\876_T_Martensite_02.png,T_Martensite_2\876_T_Martensite_02.png,876_T_Martensite_02.png,876_T_Martensite_02,.png,96,96,RGB
D:\AI_Materials_Microscopy\data\raw\Dataset\T_Martensite_2\877_T_Martensite_02.png,T_Martensite_2\877_T_Martensite_02.png,877_T_Martensite_02.png,877_T_Martensite_02,.png,96,96,RGB
D:\AI_Materials_Microscopy\data\raw\Dataset\T_Martensite_2\878_T_Martensite_02.png,T_Martensite_2\878_T_Martensite_02.png,878_T_Martensite_02.png,878_T_Martensite_02,.png,96,96,RGB
D:\AI_Materials_Microscopy\data\raw\Dataset\T_Martensite_2\879_T_Martensite_02.png,T_Martensite_2\879_T_Martensite_02.png,879_T_Martensite_02.png,879_T_Martensite_02,.png,96,96,RGB
D:\AI_Materials_Microscopy\data\raw\Dataset\T_Martensite_2\880_T_Martensite_02.png,T_Martensite_2\880_T_Martensite_02.png,880_T_Martensite_02.png,880_T_Martensite_02,.png,96,96,RGB
D:\AI_Materials_Microscopy\data\raw\Dataset\T_Martensite_2\881_T_Martensite_02.png,T_Martensite_2\881_T_Martensite_02.png,881_T_Martensite_02.png,881_T_Martensite_02,.png,96,96,RGB
D:\AI_Materials_Microscopy\data\raw\Dataset\T_Martensite_2\882_T_Martensite_02.png,T_Martensite_2\882_T_Martensite_02.png,882_T_Martensite_02.png,882_T_Martensite_02,.png,96,96,RGB
D:\AI_Materials_Microscopy\data\raw\Dataset\T_Martensite_2\883_T_Martensite_02.png,T_Martensite_2\883_T_Martensite_02.png,883_T_Martensite_02.png,883_T_Martensite_02,.png,256,256,RGB
D:\AI_Materials_Microscopy\data\raw\Dataset\T_Martensite_2\884_T_Martensite_02.png,T_Martensite_2\884_T_Martensite_02.png,884_T_Martensite_02.png,884_T_Martensite_02,.png,256,256,RGB
D:\AI_Materials_Microscopy\data\raw\Dataset\T_Martensite_2\885_T_Martensite_02.png,T_Martensite_2\885_T_Martensite_02.png,885_T_Martensite_02.png,885_T_Martensite_02,.png,256,256,RGB
D:\AI_Materials_Microscopy\data\raw\Dataset\T_Martensite_2\886_T_Martensite_02.png,T_Martensite_2\886_T_Martensite_02.png,886_T_Martensite_02.png,886_T_Martensite_02,.png,256,256,RGB
D:\AI_Materials_Microscopy\data\raw\Dataset\T_Martensite_2\887_T_Martensite_02.png,T_Martensite_2\887_T_Martensite_02.png,887_T_Martensite_02.png,887_T_Martensite_02,.png,256,256,RGB
D:\AI_Materials_Microscopy\data\raw\Dataset\T_Martensite_2\888_T_Martensite_02.png,T_Martensite_2\888_T_Martensite_02.png,888_T_Martensite_02.png,888_T_Martensite_02,.png,256,256,RGB
D:\AI_Materials_Microscopy\data\raw\Dataset\T_Martensite_2\889_T_Martensite_02.png,T_Martensite_2\889_T_Martensite_02.png,889_T_Martensite_02.png,889_T_Martensite_02,.png,256,256,RGB
D:\AI_Materials_Microscopy\data\raw\Dataset\T_Martensite_2\890_T_Martensite_02.png,T_Martensite_2\890_T_Martensite_02.png,890_T_Martensite_02.png,890_T_Martensite_02,.png,256,256,RGB
D:\AI_Materials_Microscopy\data\raw\Dataset\T_Martensite_2\891_T_Martensite_02.png,T_Martensite_2\891_T_Martensite_02.png,891_T_Martensite_02.png,891_T_Martensite_02,.png,256,256,RGB
D:\AI_Materials_Microscopy\data\raw\Dataset\T_Martensite_2\892_T_Martensite_02.png,T_Martensite_2\892_T_Martensite_02.png,892_T_Martensite_02.png,892_T_Martensite_02,.png,256,256,RGB
